Aufbereitete Datenbasis,,,,,,,,,
,,,,,,,,,
Stand: 01.06.2026,," Ä 195,614.00 ",,,,,"56,972",,
Faktura NR.,Datum, Wert ,Kunden Nr.,Kundenname,Artikel,Artikelname,StÅck,Agent, % 
INTERCOM NTP,07.01.26, Ä 231.00 ,10343,INTERCOM NTP,35110,M-ONE Sanitar Silikon,24,Qerimi, Ä 0.17 
INTERCOM NTP,07.01.26,,10343,INTERCOM NTP,35121,M-ONE Sanitar Silikon,36,Qerimi, Ä 0.17 
ERALP,07.01.26, Ä 92.40 ,10308,ERALP,35125,M-ONE Sanitar Silikon,24,Qerimi, Ä 0.17 
TINA,07.01.26, Ä 46.20 ,10344,TINA,35108,M-ONE Sanitar Silikon,12,Qerimi, Ä 0.17 
IBAK,07.01.26, Ä 92.40 ,10340,IBAK,35109,M-ONE Sanitar Silikon,24,Qerimi, Ä 0.17 
PARKETI,07.01.26, Ä 138.60 ,10325,PARKETI,35110,M-ONE Sanitar Silikon,24,Qerimi, Ä 0.17 
PARKETI,07.01.26,,10325,PARKETI,35111,M-ONE Sanitar Silikon,12,Qerimi, Ä 0.17 
BURIMI,07.01.26, Ä 46.20 ,10330,BURIMI,35109,M-ONE Sanitar Silikon,12,Qerimi, Ä 0.17 
DARDANIA,07.01.26, Ä 92.40 ,10332,DARDANIA,35109,M-ONE Sanitar Silikon,12,Qerimi, Ä 0.17 
DARDANIA,07.01.26,,10332,DARDANIA,35110,M-ONE Sanitar Silikon,12,Qerimi, Ä 0.17 
FUNDAMETI,07.01.26, Ä 92.40 ,10301,FUNDAMETI,35121,M-ONE Sanitar Silikon,12,Qerimi, Ä 0.17 
FUNDAMETI,07.01.26,,10301,FUNDAMETI,35119,M-ONE Sanitar Silikon,12,Qerimi, Ä 0.17 
BEKA-3,07.01.26, Ä 86.40 ,10323,BEKA-3,50912,DICHTUNG,12,Qerimi, Ä 0.20 
HAZROLLI,07.01.26, Ä 46.20 ,20301,HAZROLLI,35119,M-ONE Sanitar Silikon,12,Mensuri, Ä 0.17 
BAU HOME,07.01.26, Ä 73.80 ,20324,BAU HOME,35121,M-ONE Sanitar Silikon,12,Mensuri, Ä 0.17 
BAU HOME,07.01.26,,20324,BAU HOME,51612,struktural akryl,12,Mensuri, Ä 0.06 
CONDOR,07.01.26, Ä 240.00 ,20307,CONDOR,35108,M-ONE Sanitar Silikon,12,Mensuri, Ä 0.17 
CONDOR,07.01.26,,20307,CONDOR,35110,M-ONE Sanitar Silikon,12,Mensuri, Ä 0.17 
CONDOR,07.01.26,,20307,CONDOR,35111,M-ONE Sanitar Silikon,12,Mensuri, Ä 0.17 
CONDOR,07.01.26,,20307,CONDOR,35128,M-ONE Sanitar Silikon,12,Mensuri, Ä 0.17 
CONDOR,07.01.26,,20307,CONDOR,51612,struktural akryl,24,Mensuri, Ä 0.06 
DURGUTI 3,07.01.26, Ä 143.40 ,20313,DURGUTI 3,35109,M-ONE Sanitar Silikon,12,Mensuri, Ä 0.17 
DURGUTI 3,07.01.26,,20313,DURGUTI 3,66701,PROFIMONT EXTREME,12,Mensuri, Ä 0.20 
DURGUTI 3,07.01.26,,20313,DURGUTI 3,51612,struktural akryl,12,Mensuri, Ä 0.06 
BEREQETI,07.01.26, Ä 73.80 ,20321,BEREQETI,35121,M-ONE Sanitar Silikon,12,Mensuri, Ä 0.17 
BEREQETI,07.01.26,,20321,BEREQETI,51612,struktural akryl,12,Mensuri, Ä 0.06 
AGRO-FARM,07.01.26, Ä 142.20 ,20304,AGRO-FARM,35111,M-ONE Sanitar Silikon,12,Mensuri, Ä 0.17 
AGRO-FARM,07.01.26,,20304,AGRO-FARM,37112,M ONE BLACK,240,Mensuri, Ä 0.05 
NITA 3,07.01.26, Ä 92.40 ,20303,NITA 3,35108,M-ONE Sanitar Silikon,12,Mensuri, Ä 0.17 
NITA 3,07.01.26,,20303,NITA 3,35110,M-ONE Sanitar Silikon,12,Mensuri, Ä 0.17 
FITIMI,07.01.26, Ä 92.40 ,20306,FITIMI,35109,M-ONE Sanitar Silikon,12,Mensuri, Ä 0.17 
FITIMI,07.01.26,,20306,FITIMI,35110,M-ONE Sanitar Silikon,12,Mensuri, Ä 0.17 
SHEHU-A,07.01.26, Ä 69.20 ,20317,SHEHU-A,50912,DICHTUNG,6,Mensuri, Ä 0.20 
SHEHU-A,07.01.26,,20317,SHEHU-A,49644,beMAKER Rostlîser,6,Mensuri, Ä 0.20 
SHEHU-A,07.01.26,,20317,SHEHU-A,55718,M ONE MOTORSTART,4,Mensuri, Ä 0.20 
UNIVERZAL,08.01.26, Ä 46.20 ,10413,UNIVERZAL,35109,M-ONE Sanitar Silikon,12,Qerimi, Ä 0.17 
EURO COM,08.01.26, Ä 56.20 ,10430,EURO COM,54412,beMAKER Bremsen&Teile Reininger,5,Qerimi, Ä 0.20 
EURO COM,08.01.26,,10430,EURO COM,35109,M-ONE Sanitar Silikon,12,Qerimi, Ä 0.17 
ENISI - H,08.01.26, Ä 46.20 ,10428,ENISI - H,35125,M-ONE Sanitar Silikon,12,Qerimi, Ä 0.17 
VISARI HH,08.01.26, Ä 92.40 ,10412,VISARI HH,35112,M-ONE Sanitar Silikon,12,Qerimi, Ä 0.17 
VISARI HH,08.01.26,,10412,VISARI HH,35111,M-ONE Sanitar Silikon,12,Qerimi, Ä 0.17 
AGRONI,08.01.26, Ä 63.50 ,10406,AGRONI,50912,DICHTUNG,5,Qerimi, Ä 0.20 
AGRONI,08.01.26,,10406,AGRONI,49644,beMAKER Rostlîser,5,Qerimi, Ä 0.20 
AGRONI,08.01.26,,10406,AGRONI,44001,Fettspray,5,Qerimi, Ä 0.20 
CARRALEVA 2,09.01.26, Ä 46.20 ,10508,CARRALEVA 2,35109,M-ONE Sanitar Silikon,12,Qerimi, Ä 0.17 
LONI,09.01.26, Ä 68.50 ,10509,LONI,50912,DICHTUNG,5,Qerimi, Ä 0.20 
LONI,09.01.26,,10509,LONI,56117,M ONE UBS,3,Qerimi, Ä 0.20 
LONI,09.01.26,,10509,LONI,49644,beMAKER Rostlîser,5,Qerimi, Ä 0.20 
LONI,09.01.26,,10509,LONI,44001,Fettspray,3,Qerimi, Ä 0.20 
CARRALEVA 1,09.01.26, Ä 120.00 ,10504,CARRALEVA 1,35109,M-ONE Sanitar Silikon,24,Qerimi, Ä 0.17 
CARRALEVA 1,09.01.26,,10504,CARRALEVA 1,51612,struktural akryl,12,Qerimi, Ä 0.06 
REAL COLOR 2,09.01.26, Ä 92.40 ,10507,REAL COLOR 2,35112,M-ONE Sanitar Silikon,12,Qerimi, Ä 0.17 
REAL COLOR 2,09.01.26,,10507,REAL COLOR 2,35113,M-ONE Sanitar Silikon,12,Qerimi, Ä 0.17 
ARDI LIPJAN,09.01.26, Ä 99.50 ,10529,ARDI LIPJAN,50912,DICHTUNG,10,Qerimi, Ä 0.20 
ARDI LIPJAN,09.01.26,,10529,ARDI LIPJAN,49644,beMAKER Rostlîser,5,Qerimi, Ä 0.20 
ARDI LIPJAN,09.01.26,,10529,ARDI LIPJAN,55718,M ONE MOTORSTART,5,Qerimi, Ä 0.20 
RACI,09.01.26, Ä 162.00 ,20501,RACI,66701,PROFIMONT EXTREME,12,Mensuri, Ä 0.20 
RACI,09.01.26,,20501,RACI,35111,M-ONE Sanitar Silikon,12,Mensuri, Ä 0.17 
RACI,09.01.26,,20501,RACI,35113,M-ONE Sanitar Silikon,12,Mensuri, Ä 0.17 
HOXHA,09.01.26, Ä 73.80 ,20502,HOXHA,35109,M-ONE Sanitar Silikon,12,Mensuri, Ä 0.17 
HOXHA,09.01.26,,20502,HOXHA,51612,struktural akryl,12,Mensuri, Ä 0.06 
LIRIDONA KLINE,09.01.26, Ä 92.40 ,20511,LIRIDONA KLINE,35109,M-ONE Sanitar Silikon,24,Mensuri, Ä 0.17 
BERATI A.P. (1),09.01.26, Ä 106.40 ,20513,BERATI A.P. (1),50912,DICHTUNG,12,Mensuri, Ä 0.20 
BERATI A.P. (1),09.01.26,,20513,BERATI A.P. (1),56117,M ONE UBS,5,Mensuri, Ä 0.20 
BENI,09.01.26, Ä 58.00 ,20409,BENI,55718,M ONE MOTORSTART,12,Mensuri, Ä 0.20 
BENI,09.01.26,,20409,BENI,50912,DICHTUNG,2,Mensuri, Ä 0.20 
MEGI,09.01.26, Ä 45.00 ,20406,MEGI,49644,beMAKER Rostlîser,12,Mensuri, Ä 0.20 
MEGI,09.01.26,,20406,MEGI,55718,M ONE MOTORSTART,6,Mensuri, Ä 0.20 
ALBANI,10.01.26, Ä 92.40 ,10636,#N/A,35109,M-ONE Sanitar Silikon,12,Qerimi, Ä 0.17 
ALBANI,10.01.26,,10636,#N/A,35110,M-ONE Sanitar Silikon,12,Qerimi, Ä 0.17 
SABITI,10.01.26, Ä 31.00 ,10605,SABITI,54412,beMAKER Bremsen&Teile Reininger,5,Qerimi, Ä 0.20 
SABITI,10.01.26,,10605,SABITI,44001,Fettspray,6,Qerimi, Ä 0.20 
KUJTA,10.01.26, Ä 138.60 ,10625,KUJTA,35113,M-ONE Sanitar Silikon,12,Qerimi, Ä 0.17 
KUJTA,10.01.26,,10625,KUJTA,35121,M-ONE Sanitar Silikon,12,Qerimi, Ä 0.17 
KUJTA,10.01.26,,10625,KUJTA,35125,M-ONE Sanitar Silikon,12,Qerimi, Ä 0.17 
BECOLOR,10.01.26, Ä 28.50 ,10619,BECOLOR,56117,M ONE UBS,3,Qerimi, Ä 0.20 
BECOLOR,10.01.26,,10619,BECOLOR,38136,M ONE KLARLACK,3,Qerimi, Ä 0.15 
BECOLOR,10.01.26,,10619,BECOLOR,49644,beMAKER Rostlîser,6,Qerimi, Ä 0.20 
TE LUTA,10.01.26, Ä 46.20 ,10617,TE LUTA,35115,M-ONE Sanitar Silikon,12,Qerimi, Ä 0.17 
AGROLONDI,10.01.26, Ä 92.40 ,20602,AGROLONDI,35109,M-ONE Sanitar Silikon,12,Mensuri, Ä 0.17 
AGROLONDI,10.01.26,,20602,AGROLONDI,35111,M-ONE Sanitar Silikon,12,Mensuri, Ä 0.17 
LTI,10.01.26, Ä 92.40 ,20623,LTI,35111,M-ONE Sanitar Silikon,12,Mensuri, Ä 0.17 
LTI,10.01.26,,20623,LTI,35121,M-ONE Sanitar Silikon,12,Mensuri, Ä 0.17 
ILIRI QERAMIKA,10.01.26, Ä 120.00 ,20622,ILIRI QERAMIKA,35111,M-ONE Sanitar Silikon,12,Mensuri, Ä 0.17 
ILIRI QERAMIKA,10.01.26,,20622,ILIRI QERAMIKA,35113,M-ONE Sanitar Silikon,12,Mensuri, Ä 0.17 
ILIRI QERAMIKA,10.01.26,,20622,ILIRI QERAMIKA,51612,struktural akryl,12,Mensuri, Ä 0.06 
ALMIRI QERAMIKA,10.01.26, Ä 92.40 ,20631,ALMIRI QERAMIKA,35109,M-ONE Sanitar Silikon,12,Mensuri, Ä 0.17 
ALMIRI QERAMIKA,10.01.26,,20631,ALMIRI QERAMIKA,35110,M-ONE Sanitar Silikon,12,Mensuri, Ä 0.17 
UNIKA,10.01.26, Ä 138.60 ,20627,UNIKA,35112,M-ONE Sanitar Silikon,12,Mensuri, Ä 0.17 
UNIKA,10.01.26,,20627,UNIKA,35113,M-ONE Sanitar Silikon,12,Mensuri, Ä 0.17 
UNIKA,10.01.26,,20627,UNIKA,35115,M-ONE Sanitar Silikon,12,Mensuri, Ä 0.17 
TE-SYLA,10.01.26, Ä 121.20 ,20606,TE-SYLA,35113,M-ONE Sanitar Silikon,12,Mensuri, Ä 0.17 
TE-SYLA,10.01.26,,20606,TE-SYLA,50912,DICHTUNG,6,Mensuri, Ä 0.20 
TE-SYLA,10.01.26,,20606,TE-SYLA,55718,M ONE MOTORSTART,6,Mensuri, Ä 0.20 
TE-SYLA,10.01.26,,20606,TE-SYLA,31903,M ONE CHROM SPRAY,6,Mensuri, Ä 0.15 
F.V. SH.P.K. ,10.01.26, Ä 154.60 ,20607,F.V. SH.P.K. ,35113,M-ONE Sanitar Silikon,12,Mensuri, Ä 0.17 
F.V. SH.P.K. ,10.01.26,,20607,F.V. SH.P.K. ,35115,M-ONE Sanitar Silikon,12,Mensuri, Ä 0.17 
F.V. SH.P.K. ,10.01.26,,20607,F.V. SH.P.K. ,35121,M-ONE Sanitar Silikon,12,Mensuri, Ä 0.17 
F.V. SH.P.K. ,10.01.26,,20607,F.V. SH.P.K. ,49644,beMAKER Rostlîser,8,Mensuri, Ä 0.20 
LONI,10.01.26, Ä 92.40 ,20608,LONI,35115,M-ONE Sanitar Silikon,12,Mensuri, Ä 0.17 
LONI,10.01.26,,20608,LONI,35121,M-ONE Sanitar Silikon,12,Mensuri, Ä 0.17 
BULONI - SH,10.01.26, Ä 92.40 ,20624,BULONI - SH,35109,M-ONE Sanitar Silikon,12,Mensuri, Ä 0.17 
BULONI - SH,10.01.26,,20624,BULONI - SH,35125,M-ONE Sanitar Silikon,12,Mensuri, Ä 0.17 
ARSIM,12.01.26, Ä 46.20 ,10105,ARSIM,35125,M-ONE Sanitar Silikon,12,Qerimi, Ä 0.17 
KADIJOLLET,12.01.26, Ä 117.40 ,10111,KADIJOLLET,35110,M-ONE Sanitar Silikon,12,Qerimi, Ä 0.17 
KADIJOLLET,12.01.26,,10111,KADIJOLLET,35111,M-ONE Sanitar Silikon,12,Qerimi, Ä 0.17 
KADIJOLLET,12.01.26,,10111,KADIJOLLET,51611,universal akryl,12,Qerimi, Ä 0.06 
KADIJOLLET,12.01.26,,10111,KADIJOLLET,26736,M ONE HAFTGRUND,5,Qerimi, Ä 0.15 
QELA,12.01.26, Ä 43.90 ,10114,QELA,50912,DICHTUNG,2,Qerimi, Ä 0.20 
QELA,12.01.26,,10114,QELA,55718,M ONE MOTORSTART,5,Qerimi, Ä 0.20 
QELA,12.01.26,,10114,QELA,49644,beMAKER Rostlîser,6,Qerimi, Ä 0.20 
BESI COM,12.01.26, Ä 92.40 ,10103,BESI COM,35119,M-ONE Sanitar Silikon,12,Qerimi, Ä 0.17 
BESI COM,12.01.26,,10103,BESI COM,35109,M-ONE Sanitar Silikon,12,Qerimi, Ä 0.17 
KENA COMERC,12.01.26, Ä 107.40 ,20109,KENA COMERC,35113,M-ONE Sanitar Silikon,12,Mensuri, Ä 0.17 
KENA COMERC,12.01.26,,20109,KENA COMERC,35128,M-ONE Sanitar Silikon,12,Mensuri, Ä 0.17 
KENA COMERC,12.01.26,,20109,KENA COMERC,51611,universal akryl,12,Mensuri, Ä 0.06 
TECOL 2,12.01.26, Ä 38.00 ,20111,TECOL 2,38136,M ONE KLARLACK,12,Mensuri, Ä 0.15 
TECOL 2,12.01.26,,20111,TECOL 2,54412,beMAKER Bremsen&Teile Reininger,7,Mensuri, Ä 0.20 
TECOL 2,12.01.26,,20111,TECOL 2,39505,M ONE SILIKON SPRAY,2,Mensuri, Ä 0.20 
LULI-C,12.01.26, Ä 184.80 ,20126,LULI-C,35109,M-ONE Sanitar Silikon,12,Mensuri, Ä 0.17 
LULI-C,12.01.26,,20126,LULI-C,35110,M-ONE Sanitar Silikon,12,Mensuri, Ä 0.17 
LULI-C,12.01.26,,20126,LULI-C,35111,M-ONE Sanitar Silikon,12,Mensuri, Ä 0.17 
LULI-C,12.01.26,,20126,LULI-C,35125,M-ONE Sanitar Silikon,12,Mensuri, Ä 0.17 
CAMA BAU,12.01.26, Ä 162.00 ,20121,CAMA BAU,66701,PROFIMONT EXTREME,12,Mensuri, Ä 0.20 
CAMA BAU,12.01.26,,20121,CAMA BAU,35108,M-ONE Sanitar Silikon,12,Mensuri, Ä 0.17 
CAMA BAU,12.01.26,,20121,CAMA BAU,35113,M-ONE Sanitar Silikon,12,Mensuri, Ä 0.17 
TERMO PROJEKT,12.01.26, Ä 92.40 ,20127,TERMO PROJEKT,35110,M-ONE Sanitar Silikon,24,Mensuri, Ä 0.17 
KTHIMI,12.01.26, Ä 92.40 ,20104,KTHIMI,35113,M-ONE Sanitar Silikon,24,Mensuri, Ä 0.17 
FORD BASHKIMI,12.01.26, Ä 26.50 ,40002,FORD BASHKIMI,54412,beMAKER Bremsen&Teile Reininger,12,0, Ä 0.20 
FORD BASHKIMI,12.01.26,,40002,FORD BASHKIMI,49644,beMAKER Rostlîser,1,0, Ä 0.20 
ARSIMI,13.01.26, Ä 184.80 ,10258,ARSIMI,35109,M-ONE Sanitar Silikon,48,Qerimi, Ä 0.17 
MONI 2,13.01.26, Ä 92.40 ,10210,MONI 2,35115,M-ONE Sanitar Silikon,12,Qerimi, Ä 0.17 
MONI 2,13.01.26,,10210,MONI 2,35121,M-ONE Sanitar Silikon,12,Qerimi, Ä 0.17 
XHAFA,13.01.26, Ä 73.80 ,10205,XHAFA,35111,M-ONE Sanitar Silikon,12,Qerimi, Ä 0.17 
XHAFA,13.01.26,,10205,XHAFA,51612,struktural akryl,12,Qerimi, Ä 0.06 
BEK TRADE,13.01.26, Ä 184.80 ,10245,BEK TRADE,35109,M-ONE Sanitar Silikon,24,Qerimi, Ä 0.17 
BEK TRADE,13.01.26,,10245,BEK TRADE,35115,M-ONE Sanitar Silikon,24,Qerimi, Ä 0.17 
AB SHPK,13.01.26, Ä 27.60 ,10241,AB SHPK,51612,struktural akryl,12,Qerimi, Ä 0.06 
ARPO,13.01.26, Ä 120.00 ,10240,ARPO,35110,M-ONE Sanitar Silikon,12,Qerimi, Ä 0.17 
ARPO,13.01.26,,10240,ARPO,35113,M-ONE Sanitar Silikon,12,Qerimi, Ä 0.17 
ARPO,13.01.26,,10240,ARPO,51612,struktural akryl,12,Qerimi, Ä 0.06 
TE BESNIKU,13.01.26, Ä 46.20 ,10201,TE BESNIKU,35114,M-ONE Sanitar Silikon,12,Qerimi, Ä 0.17 
TANI,13.01.26, Ä 92.40 ,20224,TANI,35110,M-ONE Sanitar Silikon,12,Mensuri, Ä 0.17 
TANI,13.01.26,,20224,TANI,35111,M-ONE Sanitar Silikon,12,Mensuri, Ä 0.17 
LETAJ,13.01.26, Ä 138.60 ,20209,LETAJ,35109,M-ONE Sanitar Silikon,12,Mensuri, Ä 0.17 
LETAJ,13.01.26,,20209,LETAJ,35110,M-ONE Sanitar Silikon,12,Mensuri, Ä 0.17 
LETAJ,13.01.26,,20209,LETAJ,35112,M-ONE Sanitar Silikon,12,Mensuri, Ä 0.17 
INOX 1,13.01.26, Ä 73.80 ,20211,INOX 1,35109,M-ONE Sanitar Silikon,12,Mensuri, Ä 0.17 
INOX 1,13.01.26,,20211,INOX 1,51612,struktural akryl,12,Mensuri, Ä 0.06 
AFRIMI-AG,13.01.26, Ä 138.60 ,20203,AFRIMI-AG,35111,M-ONE Sanitar Silikon,12,Mensuri, Ä 0.17 
AFRIMI-AG,13.01.26,,20203,AFRIMI-AG,35113,M-ONE Sanitar Silikon,12,Mensuri, Ä 0.17 
AFRIMI-AG,13.01.26,,20203,AFRIMI-AG,35125,M-ONE Sanitar Silikon,12,Mensuri, Ä 0.17 
TE BESIMI,13.01.26, Ä 169.60 ,20201,TE BESIMI,35109,M-ONE Sanitar Silikon,12,Mensuri, Ä 0.17 
TE BESIMI,13.01.26,,20201,TE BESIMI,35110,M-ONE Sanitar Silikon,12,Mensuri, Ä 0.17 
TE BESIMI,13.01.26,,20201,TE BESIMI,35111,M-ONE Sanitar Silikon,12,Mensuri, Ä 0.17 
TE BESIMI,13.01.26,,20201,TE BESIMI,51611,universal akryl,12,Mensuri, Ä 0.06 
TE BESIMI,13.01.26,,20201,TE BESIMI,50912,DICHTUNG,2,Mensuri, Ä 0.20 
LULI-C,13.01.26, Ä 45.00 ,20126,LULI-C,39505,M ONE SILIKON SPRAY,15,Mensuri, Ä 0.20 
CAMA BAU,13.01.26, Ä 47.50 ,20121,CAMA BAU,12000,BAU CLEAN,5,Mensuri, Ä 0.50 
CAMA BAU,13.01.26,,20121,CAMA BAU,12001,BAU CLEAN,5,Mensuri, Ä 0.30 
ARBENI BIOBLIC,13.01.26, Ä 249.00 ,40003,ARBENI BIOBLIC,20001,BioBlic Universalreiniger,140,0, Ä 0.30 
ARBENI BIOBLIC,13.01.26,,40003,ARBENI BIOBLIC,30275,Blic Blic SanitÑrreiniger,60,0, Ä 0.30 
ERALP,14.01.26, Ä 46.20 ,10308,ERALP,35121,M-ONE Sanitar Silikon,12,Qerimi, Ä 0.17 
BEKA-3,14.01.26, Ä 36.00 ,10323,BEKA-3,50912,DICHTUNG,5,Qerimi, Ä 0.20 
GLOBAL NT,14.01.26, Ä 46.20 ,10357,GLOBAL NT,35113,M-ONE Sanitar Silikon,12,Qerimi, Ä 0.17 
IBAK,14.01.26, Ä 46.20 ,10340,IBAK,35128,M-ONE Sanitar Silikon,12,Qerimi, Ä 0.17 
MIRSADI,14.01.26, Ä 184.80 ,10366,MIRSADI,35109,M-ONE Sanitar Silikon,12,Qerimi, Ä 0.17 
MIRSADI,14.01.26,,10366,MIRSADI,35112,M-ONE Sanitar Silikon,12,Qerimi, Ä 0.17 
MIRSADI,14.01.26,,10366,MIRSADI,35121,M-ONE Sanitar Silikon,24,Qerimi, Ä 0.17 
GLOBAL NT,14.01.26, Ä 135.00 ,10360,#N/A,35110,M-ONE Sanitar Silikon,12,Qerimi, Ä 0.17 
GLOBAL NT,14.01.26,,10360,#N/A,35125,M-ONE Sanitar Silikon,12,Qerimi, Ä 0.17 
GLOBAL NT,14.01.26,,10360,#N/A,51612,struktural akryl,12,Qerimi, Ä 0.06 
GLOBAL NT,14.01.26,,10360,#N/A,51611,universal akryl,12,Qerimi, Ä 0.06 
SMIRA,14.01.26, Ä 46.20 ,10352,SMIRA,35109,M-ONE Sanitar Silikon,12,Qerimi, Ä 0.17 
BEKA-1,14.01.26, Ä 16.00 ,10303,BEKA-1,56117,M ONE UBS,4,Qerimi, Ä 0.20 
DARDANIA,14.01.26, Ä 46.20 ,10332,DARDANIA,35125,M-ONE Sanitar Silikon,12,Qerimi, Ä 0.17 
BAU HOME,14.01.26, Ä 46.20 ,20324,BAU HOME,35110,M-ONE Sanitar Silikon,12,Mensuri, Ä 0.17 
CONDOR,14.01.26, Ä 299.00 ,20307,CONDOR,35111,M-ONE Sanitar Silikon,24,Mensuri, Ä 0.17 
CONDOR,14.01.26,,20307,CONDOR,35112,M-ONE Sanitar Silikon,12,Mensuri, Ä 0.17 
CONDOR,14.01.26,,20307,CONDOR,66701,PROFIMONT EXTREME,12,Mensuri, Ä 0.20 
CONDOR,14.01.26,,20307,CONDOR,51612,struktural akryl,36,Mensuri, Ä 0.06 
CONDOR,14.01.26,,20307,CONDOR,49644,beMAKER Rostlîser,4,Mensuri, Ä 0.20 
HAZROLLI,14.01.26, Ä 73.80 ,20301,HAZROLLI,35112,M-ONE Sanitar Silikon,12,Mensuri, Ä 0.17 
HAZROLLI,14.01.26,,20301,HAZROLLI,51612,struktural akryl,12,Mensuri, Ä 0.06 
BARDHI-M,14.01.26, Ä 277.20 ,20331,BARDHI-M,35121,M-ONE Sanitar Silikon,24,Mensuri, Ä 0.17 
BARDHI-M,14.01.26,,20331,BARDHI-M,35110,M-ONE Sanitar Silikon,12,Mensuri, Ä 0.17 
BARDHI-M,14.01.26,,20331,BARDHI-M,35111,M-ONE Sanitar Silikon,12,Mensuri, Ä 0.17 
BARDHI-M,14.01.26,,20331,BARDHI-M,35113,M-ONE Sanitar Silikon,12,Mensuri, Ä 0.17 
BARDHI-M,14.01.26,,20331,BARDHI-M,35115,M-ONE Sanitar Silikon,12,Mensuri, Ä 0.17 
BEREQETI,14.01.26, Ä 138.60 ,20321,BEREQETI,35109,M-ONE Sanitar Silikon,12,Mensuri, Ä 0.17 
BEREQETI,14.01.26,,20321,BEREQETI,35121,M-ONE Sanitar Silikon,24,Mensuri, Ä 0.17 
AGRO-FARM,14.01.26, Ä 136.00 ,20304,AGRO-FARM,37112,M ONE BLACK,240,Mensuri, Ä 0.05 
AGRO-FARM,14.01.26,,20304,AGRO-FARM,50912,DICHTUNG,5,Mensuri, Ä 0.20 
DURGUTI 3,14.01.26, Ä 42.60 ,20313,DURGUTI 3,51611,universal akryl,12,Mensuri, Ä 0.06 
DURGUTI 3,14.01.26,,20313,DURGUTI 3,51612,struktural akryl,12,Mensuri, Ä 0.06 
SHEHU-A,14.01.26, Ä 26.50 ,20317,SHEHU-A,39505,M ONE SILIKON SPRAY,3,Mensuri, Ä 0.20 
SHEHU-A,14.01.26,,20317,SHEHU-A,44001,Fettspray,5,Mensuri, Ä 0.20 
URA,14.01.26, Ä 107.40 ,20314,URA,35110,M-ONE Sanitar Silikon,24,Mensuri, Ä 0.17 
URA,14.01.26,,20314,URA,51611,universal akryl,12,Mensuri, Ä 0.06 
ARBENI BIOBLIC,14.01.26, Ä 158.00 ,40003,ARBENI BIOBLIC,20001,BioBlic Universalreiniger,80,0, Ä 0.30 
ARBENI BIOBLIC,14.01.26,,40003,ARBENI BIOBLIC,30275,Blic Blic SanitÑrreiniger,50,0, Ä 0.30 
NDRIQIMI,15.01.26, Ä 231.00 ,10418,NDRIQIMI,35110,M-ONE Sanitar Silikon,48,Qerimi, Ä 0.17 
NDRIQIMI,15.01.26,,10418,NDRIQIMI,35111,M-ONE Sanitar Silikon,12,Qerimi, Ä 0.17 
GRANITI,15.01.26, Ä 92.40 ,10410,GRANITI,35112,M-ONE Sanitar Silikon,12,Qerimi, Ä 0.17 
GRANITI,15.01.26,,10410,GRANITI,35113,M-ONE Sanitar Silikon,12,Qerimi, Ä 0.17 
AGRONI,15.01.26, Ä 51.10 ,10406,AGRONI,55718,M ONE MOTORSTART,3,Qerimi, Ä 0.20 
AGRONI,15.01.26,,10406,AGRONI,50912,DICHTUNG,3,Qerimi, Ä 0.20 
AGRONI,15.01.26,,10406,AGRONI,56117,M ONE UBS,3,Qerimi, Ä 0.20 
AGRONI,15.01.26,,10406,AGRONI,44001,Fettspray,2,Qerimi, Ä 0.20 
UNIVERZAL,15.01.26, Ä 92.40 ,10413,UNIVERZAL,35112,M-ONE Sanitar Silikon,12,Qerimi, Ä 0.17 
UNIVERZAL,15.01.26,,10413,UNIVERZAL,35121,M-ONE Sanitar Silikon,12,Qerimi, Ä 0.17 
BEKA,16.01.26, Ä 46.20 ,10539,BEKA,35110,M-ONE Sanitar Silikon,12,Qerimi, Ä 0.17 
CARRALEVA 1,16.01.26, Ä 92.40 ,10504,CARRALEVA 1,35112,M-ONE Sanitar Silikon,12,Qerimi, Ä 0.17 
CARRALEVA 1,16.01.26,,10504,CARRALEVA 1,35128,M-ONE Sanitar Silikon,12,Qerimi, Ä 0.17 
LONI,16.01.26, Ä 86.40 ,10509,LONI,50912,DICHTUNG,12,Qerimi, Ä 0.20 
LITA,16.01.26, Ä 46.20 ,10542,LITA,35111,M-ONE Sanitar Silikon,12,Qerimi, Ä 0.17 
REAL COLOR 2,16.01.26, Ä 138.60 ,10507,REAL COLOR 2,35115,M-ONE Sanitar Silikon,12,Qerimi, Ä 0.17 
REAL COLOR 2,16.01.26,,10507,REAL COLOR 2,35108,M-ONE Sanitar Silikon,12,Qerimi, Ä 0.17 
REAL COLOR 2,16.01.26,,10507,REAL COLOR 2,35121,M-ONE Sanitar Silikon,12,Qerimi, Ä 0.17 
CARRALEVA 2,16.01.26, Ä 92.40 ,10508,CARRALEVA 2,35110,M-ONE Sanitar Silikon,12,Qerimi, Ä 0.17 
CARRALEVA 2,16.01.26,,10508,CARRALEVA 2,35114,M-ONE Sanitar Silikon,12,Qerimi, Ä 0.17 
ALBANI,17.01.26, Ä 46.20 ,10635,#N/A,35113,M-ONE Sanitar Silikon,12,Qerimi, Ä 0.17 
ALBANI,17.01.26,,10636,#N/A,35110,M-ONE Sanitar Silikon,12,Qerimi, Ä 0.17 
ALBANI,17.01.26,,10636,#N/A,35111,M-ONE Sanitar Silikon,12,Qerimi, Ä 0.17 
KUJTA,17.01.26, Ä 138.60 ,10625,KUJTA,35115,M-ONE Sanitar Silikon,12,Qerimi, Ä 0.17 
KUJTA,17.01.26,,10625,KUJTA,35128,M-ONE Sanitar Silikon,12,Qerimi, Ä 0.17 
KUJTA,17.01.26,,10625,KUJTA,35114,M-ONE Sanitar Silikon,12,Qerimi, Ä 0.17 
SABITI,17.01.26, Ä 60.00 ,10605,SABITI,54412,beMAKER Bremsen&Teile Reininger,12,Qerimi, Ä 0.20 
SABITI,17.01.26,,10605,SABITI,50912,DICHTUNG,5,Qerimi, Ä 0.20 
TE ZENA,17.01.26, Ä 46.20 ,10616,TE ZENA,35121,M-ONE Sanitar Silikon,12,Qerimi, Ä 0.17 
ARBENI BIOBLIC,17.01.26, Ä 151.50 ,40003,ARBENI BIOBLIC,20001,BioBlic Universalreiniger,90,0, Ä 0.30 
ARBENI BIOBLIC,17.01.26,,40003,ARBENI BIOBLIC,30275,Blic Blic SanitÑrreiniger,40,0, Ä 0.30 
HIDROELDI,19.01.26, Ä 46.20 ,10133,HIDROELDI,35114,M-ONE Sanitar Silikon,12,Qerimi, Ä 0.17 
KADIJOLLET,19.01.26, Ä 138.60 ,10111,KADIJOLLET,35108,M-ONE Sanitar Silikon,12,Qerimi, Ä 0.17 
KADIJOLLET,19.01.26,,10111,KADIJOLLET,35109,M-ONE Sanitar Silikon,12,Qerimi, Ä 0.17 
KADIJOLLET,19.01.26,,10111,KADIJOLLET,35112,M-ONE Sanitar Silikon,12,Qerimi, Ä 0.17 
QELA,19.01.26, Ä 17.50 ,10114,QELA,55718,M ONE MOTORSTART,5,Qerimi, Ä 0.20 
EURO COLORS,19.01.26, Ä 69.60 ,10134,EURO COLORS,66701,PROFIMONT EXTREME,12,Qerimi, Ä 0.20 
JETARI,19.01.26, Ä 46.20 ,10104,JETARI,35128,M-ONE Sanitar Silikon,12,Qerimi, Ä 0.17 
CAMA BAU,19.01.26, Ä 720.00 ,20121,CAMA BAU,35108,M-ONE Sanitar Silikon,12,Mensuri, Ä 0.17 
CAMA BAU,19.01.26,,20121,CAMA BAU,35109,M-ONE Sanitar Silikon,12,Mensuri, Ä 0.17 
CAMA BAU,19.01.26,,20121,CAMA BAU,35110,M-ONE Sanitar Silikon,12,Mensuri, Ä 0.17 
CAMA BAU,19.01.26,,20121,CAMA BAU,35111,M-ONE Sanitar Silikon,12,Mensuri, Ä 0.17 
CAMA BAU,19.01.26,,20121,CAMA BAU,35112,M-ONE Sanitar Silikon,12,Mensuri, Ä 0.17 
CAMA BAU,19.01.26,,20121,CAMA BAU,35113,M-ONE Sanitar Silikon,12,Mensuri, Ä 0.17 
CAMA BAU,19.01.26,,20121,CAMA BAU,35114,M-ONE Sanitar Silikon,12,Mensuri, Ä 0.17 
CAMA BAU,19.01.26,,20121,CAMA BAU,35115,M-ONE Sanitar Silikon,12,Mensuri, Ä 0.17 
CAMA BAU,19.01.26,,20121,CAMA BAU,35119,M-ONE Sanitar Silikon,12,Mensuri, Ä 0.17 
CAMA BAU,19.01.26,,20121,CAMA BAU,35121,M-ONE Sanitar Silikon,12,Mensuri, Ä 0.17 
CAMA BAU,19.01.26,,20121,CAMA BAU,35125,M-ONE Sanitar Silikon,12,Mensuri, Ä 0.17 
CAMA BAU,19.01.26,,20121,CAMA BAU,35128,M-ONE Sanitar Silikon,12,Mensuri, Ä 0.17 
CAMA BAU,19.01.26,,20121,CAMA BAU,66701,PROFIMONT EXTREME,12,Mensuri, Ä 0.20 
CAMA BAU,19.01.26,,20121,CAMA BAU,50912,DICHTUNG,12,Mensuri, Ä 0.20 
KENA COMERC,19.01.26, Ä 137.40 ,20109,KENA COMERC,35110,M-ONE Sanitar Silikon,12,Mensuri, Ä 0.17 
KENA COMERC,19.01.26,,20109,KENA COMERC,35111,M-ONE Sanitar Silikon,12,Mensuri, Ä 0.17 
KENA COMERC,19.01.26,,20109,KENA COMERC,51611,universal akryl,36,Mensuri, Ä 0.06 
TECOL 2,19.01.26, Ä 44.50 ,20111,TECOL 2,38136,M ONE KLARLACK,12,Mensuri, Ä 0.15 
TECOL 2,19.01.26,,20111,TECOL 2,31818,M ONE ANTHRAZIT,7,Mensuri, Ä 0.15 
TECOL 2,19.01.26,,20111,TECOL 2,56117,M ONE UBS,4,Mensuri, Ä 0.20 
LULI-C,19.01.26, Ä 107.40 ,20126,LULI-C,35112,M-ONE Sanitar Silikon,12,Mensuri, Ä 0.17 
LULI-C,19.01.26,,20126,LULI-C,35128,M-ONE Sanitar Silikon,12,Mensuri, Ä 0.17 
LULI-C,19.01.26,,20126,LULI-C,51611,universal akryl,12,Mensuri, Ä 0.06 
TERMO PROJEKT,19.01.26, Ä 102.40 ,20127,TERMO PROJEKT,35109,M-ONE Sanitar Silikon,12,Mensuri, Ä 0.17 
TERMO PROJEKT,19.01.26,,20127,TERMO PROJEKT,35111,M-ONE Sanitar Silikon,12,Mensuri, Ä 0.17 
TERMO PROJEKT,19.01.26,,20127,TERMO PROJEKT,49644,beMAKER Rostlîser,5,Mensuri, Ä 0.20 
ENESI,19.01.26, Ä 46.20 ,20130,ENESI,35119,M-ONE Sanitar Silikon,12,Mensuri, Ä 0.17 
FORD BASHKIMI,20.01.26, Ä 24.00 ,40002,FORD BASHKIMI,54412,beMAKER Bremsen&Teile Reininger,12,0, Ä 0.20 
TAULANTI,20.01.26, Ä 138.60 ,10250,#N/A,35108,M-ONE Sanitar Silikon,12,Qerimi, Ä 0.17 
TAULANTI,20.01.26,,10250,#N/A,35125,M-ONE Sanitar Silikon,24,Qerimi, Ä 0.17 
TE BESNIKU,20.01.26, Ä 46.20 ,10201,TE BESNIKU,35108,M-ONE Sanitar Silikon,12,Qerimi, Ä 0.17 
ARPO,20.01.26, Ä 231.00 ,10240,ARPO,35109,M-ONE Sanitar Silikon,24,Qerimi, Ä 0.17 
ARPO,20.01.26,,10240,ARPO,35121,M-ONE Sanitar Silikon,24,Qerimi, Ä 0.17 
ARPO,20.01.26,,10240,ARPO,35115,M-ONE Sanitar Silikon,12,Qerimi, Ä 0.17 
BESO KERAMIK,20.01.26, Ä 138.60 ,10262,BESO KERAMIK,35115,M-ONE Sanitar Silikon,12,Qerimi, Ä 0.17 
BESO KERAMIK,20.01.26,,10262,BESO KERAMIK,35121,M-ONE Sanitar Silikon,24,Qerimi, Ä 0.17 
AB SHPK,20.01.26, Ä 27.60 ,10241,AB SHPK,51612,struktural akryl,12,Qerimi, Ä 0.06 
TEMAJ,20.01.26, Ä 92.40 ,40019,TEMAJ,35109,M-ONE Sanitar Silikon,24,0, Ä 0.17 
HOXHA,20.01.26, Ä 73.80 ,20502,HOXHA,35111,M-ONE Sanitar Silikon,12,Mensuri, Ä 0.17 
HOXHA,20.01.26,,20502,HOXHA,51612,struktural akryl,12,Mensuri, Ä 0.06 
ERENIKU,20.01.26, Ä 73.80 ,20206,ERENIKU,35111,M-ONE Sanitar Silikon,12,Mensuri, Ä 0.17 
ERENIKU,20.01.26,,20206,ERENIKU,51612,struktural akryl,12,Mensuri, Ä 0.06 
INOX 2,20.01.26, Ä 115.80 ,20212,INOX 2,35110,M-ONE Sanitar Silikon,12,Mensuri, Ä 0.17 
INOX 2,20.01.26,,20212,INOX 2,66701,PROFIMONT EXTREME,12,Mensuri, Ä 0.20 
GER COLORS,20.01.26, Ä 115.80 ,20223,GER COLORS,35109,M-ONE Sanitar Silikon,12,Mensuri, Ä 0.17 
GER COLORS,20.01.26,,20223,GER COLORS,66701,PROFIMONT EXTREME,12,Mensuri, Ä 0.20 
HB-DECOR,20.01.26, Ä 139.20 ,20228,HB-DECOR,66702,M ONE SCHRAUBENSICHERUNG,24,Mensuri, Ä 0.50 
DIKI BAU SHPK,20.01.26, Ä 92.40 ,20227,DIKI BAU SHPK,35121,M-ONE Sanitar Silikon,12,Mensuri, Ä 0.17 
DIKI BAU SHPK,20.01.26,,20227,DIKI BAU SHPK,35125,M-ONE Sanitar Silikon,12,Mensuri, Ä 0.17 
TE BESIMI,20.01.26, Ä 61.20 ,20201,TE BESIMI,50912,DICHTUNG,6,Mensuri, Ä 0.20 
TE BESIMI,20.01.26,,20201,TE BESIMI,26736,M ONE HAFTGRUND,12,Mensuri, Ä 0.15 
INTERCOM NTP,21.01.26, Ä 92.40 ,10343,INTERCOM NTP,35113,M-ONE Sanitar Silikon,24,Qerimi, Ä 0.17 
IBAK,21.01.26, Ä 46.20 ,10340,IBAK,35112,M-ONE Sanitar Silikon,12,Qerimi, Ä 0.17 
BEKA-3,21.01.26, Ä 86.40 ,10323,BEKA-3,50912,DICHTUNG,12,Qerimi, Ä 0.20 
FUNDAMETI,21.01.26, Ä 231.00 ,10301,FUNDAMETI,35121,M-ONE Sanitar Silikon,24,Qerimi, Ä 0.17 
FUNDAMETI,21.01.26,,10301,FUNDAMETI,35111,M-ONE Sanitar Silikon,12,Qerimi, Ä 0.17 
FUNDAMETI,21.01.26,,10301,FUNDAMETI,35112,M-ONE Sanitar Silikon,12,Qerimi, Ä 0.17 
FUNDAMETI,21.01.26,,10301,FUNDAMETI,35119,M-ONE Sanitar Silikon,12,Qerimi, Ä 0.17 
ELIONI-1,21.01.26, Ä 46.20 ,10306,ELIONI-1,35112,M-ONE Sanitar Silikon,12,Qerimi, Ä 0.17 
BALLKANI,21.01.26, Ä 92.40 ,10350,BALLKANI,35113,M-ONE Sanitar Silikon,12,Qerimi, Ä 0.17 
BALLKANI,21.01.26,,10350,BALLKANI,35121,M-ONE Sanitar Silikon,12,Qerimi, Ä 0.17 
ERALP,21.01.26, Ä 46.20 ,10308,ERALP,35112,M-ONE Sanitar Silikon,12,Qerimi, Ä 0.17 
CONDOR,21.01.26, Ä 127.20 ,20307,CONDOR,35109,M-ONE Sanitar Silikon,12,Mensuri, Ä 0.17 
CONDOR,21.01.26,,20307,CONDOR,51611,universal akryl,36,Mensuri, Ä 0.06 
CONDOR,21.01.26,,20307,CONDOR,50912,DICHTUNG,4,Mensuri, Ä 0.20 
CONDOR,21.01.26,,20307,CONDOR,49644,beMAKER Rostlîser,2,Mensuri, Ä 0.20 
BARDHI-M,21.01.26, Ä 92.40 ,20331,BARDHI-M,35109,M-ONE Sanitar Silikon,12,Mensuri, Ä 0.17 
BARDHI-M,21.01.26,,20331,BARDHI-M,35121,M-ONE Sanitar Silikon,12,Mensuri, Ä 0.17 
BEREQETI,21.01.26, Ä 138.60 ,20321,BEREQETI,35109,M-ONE Sanitar Silikon,12,Mensuri, Ä 0.17 
BEREQETI,21.01.26,,20321,BEREQETI,35121,M-ONE Sanitar Silikon,24,Mensuri, Ä 0.17 
FITIMI,21.01.26, Ä 101.40 ,20306,FITIMI,35111,M-ONE Sanitar Silikon,12,Mensuri, Ä 0.17 
FITIMI,21.01.26,,20306,FITIMI,51612,struktural akryl,24,Mensuri, Ä 0.06 
SOPAJ,21.01.26, Ä 92.40 ,20311,SOPAJ,35110,M-ONE Sanitar Silikon,12,Mensuri, Ä 0.17 
SOPAJ,21.01.26,,20311,SOPAJ,35111,M-ONE Sanitar Silikon,12,Mensuri, Ä 0.17 
AGRO TEC,21.01.26, Ä 131.40 ,20332,AGRO TEC,39505,M ONE SILIKON SPRAY,1,Mensuri, Ä 0.20 
AGRO TEC,21.01.26,,20332,AGRO TEC,49644,beMAKER Rostlîser,3,Mensuri, Ä 0.20 
AGRO TEC,21.01.26,,20332,AGRO TEC,50912,DICHTUNG,17,Mensuri, Ä 0.20 
NDRIQIMI,22.01.26, Ä 92.40 ,10418,NDRIQIMI,35112,M-ONE Sanitar Silikon,24,Qerimi, Ä 0.17 
VISARI HH,22.01.26, Ä 46.20 ,10412,VISARI HH,35121,M-ONE Sanitar Silikon,12,Qerimi, Ä 0.17 
UNIVERZAL,22.01.26, Ä 92.40 ,10413,UNIVERZAL,35113,M-ONE Sanitar Silikon,12,Qerimi, Ä 0.17 
UNIVERZAL,22.01.26,,10413,UNIVERZAL,35121,M-ONE Sanitar Silikon,12,Qerimi, Ä 0.17 
AGRONI,22.01.26, Ä 53.50 ,10406,AGRONI,50912,DICHTUNG,5,Qerimi, Ä 0.20 
AGRONI,22.01.26,,10406,AGRONI,55718,M ONE MOTORSTART,5,Qerimi, Ä 0.20 
SAN KOS,22.01.26, Ä 46.20 ,10429,SAN KOS,35109,M-ONE Sanitar Silikon,12,Qerimi, Ä 0.17 
ARBERI,23.01.26, Ä 92.40 ,10506,ARBERI,35110,M-ONE Sanitar Silikon,12,Qerimi, Ä 0.17 
ARBERI,23.01.26,,10506,ARBERI,35115,M-ONE Sanitar Silikon,12,Qerimi, Ä 0.17 
CARRALEVA 2,23.01.26, Ä 46.20 ,10508,CARRALEVA 2,35110,M-ONE Sanitar Silikon,12,Qerimi, Ä 0.17 
LONI,23.01.26, Ä 39.10 ,10509,LONI,50912,DICHTUNG,3,Qerimi, Ä 0.20 
LONI,23.01.26,,10509,LONI,44001,Fettspray,5,Qerimi, Ä 0.20 
REAL COLOR 2,23.01.26, Ä 92.40 ,10507,REAL COLOR 2,35112,M-ONE Sanitar Silikon,12,Qerimi, Ä 0.17 
REAL COLOR 2,23.01.26,,10507,REAL COLOR 2,35125,M-ONE Sanitar Silikon,12,Qerimi, Ä 0.17 
REAL COLOR 1,23.01.26, Ä 46.20 ,10503,REAL COLOR 1,35115,M-ONE Sanitar Silikon,12,Qerimi, Ä 0.17 
CARRALEVA 1,23.01.26, Ä 138.60 ,10504,CARRALEVA 1,35109,M-ONE Sanitar Silikon,12,Qerimi, Ä 0.17 
CARRALEVA 1,23.01.26,,10504,CARRALEVA 1,35113,M-ONE Sanitar Silikon,12,Qerimi, Ä 0.17 
CARRALEVA 1,23.01.26,,10504,CARRALEVA 1,35125,M-ONE Sanitar Silikon,12,Qerimi, Ä 0.17 
RACI,23.01.26, Ä 208.20 ,20501,RACI,35113,M-ONE Sanitar Silikon,12,Mensuri, Ä 0.17 
RACI,23.01.26,,20501,RACI,66701,PROFIMONT EXTREME,12,Mensuri, Ä 0.20 
RACI,23.01.26,,20501,RACI,35121,M-ONE Sanitar Silikon,12,Mensuri, Ä 0.17 
RACI,23.01.26,,20501,RACI,35125,M-ONE Sanitar Silikon,12,Mensuri, Ä 0.17 
JONI,23.01.26, Ä 45.00 ,20519,JONI,51611,universal akryl,36,Mensuri, Ä 0.06 
HOXHA,23.01.26, Ä 61.20 ,20502,HOXHA,35111,M-ONE Sanitar Silikon,12,Mensuri, Ä 0.17 
HOXHA,23.01.26,,20502,HOXHA,51611,universal akryl,12,Mensuri, Ä 0.06 
BERATI A.P. (1),23.01.26, Ä 67.00 ,20513,BERATI A.P. (1),44001,Fettspray,9,Mensuri, Ä 0.20 
BERATI A.P. (1),23.01.26,,20513,BERATI A.P. (1),50912,DICHTUNG,3,Mensuri, Ä 0.20 
BERATI A.P. (1),23.01.26,,20513,BERATI A.P. (1),56117,M ONE UBS,5,Mensuri, Ä 0.20 
LIRIDONA-A,23.01.26, Ä 92.40 ,20515,LIRIDONA-A,35110,M-ONE Sanitar Silikon,24,Mensuri, Ä 0.17 
LIRIDONA HOME,23.01.26, Ä 92.40 ,20508,LIRIDONA HOME,35114,M-ONE Sanitar Silikon,12,Mensuri, Ä 0.17 
LIRIDONA HOME,23.01.26,,20508,LIRIDONA HOME,35119,M-ONE Sanitar Silikon,12,Mensuri, Ä 0.17 
TE BENI,23.01.26, Ä 277.00 ,20407,TE BENI,35121,M-ONE Sanitar Silikon,36,Mensuri, Ä 0.17 
TE BENI,23.01.26,,20407,TE BENI,35113,M-ONE Sanitar Silikon,12,Mensuri, Ä 0.17 
TE BENI,23.01.26,,20407,TE BENI,35114,M-ONE Sanitar Silikon,12,Mensuri, Ä 0.17 
TE BENI,23.01.26,,20407,TE BENI,35111,M-ONE Sanitar Silikon,12,Mensuri, Ä 0.17 
BENI,23.01.26, Ä 72.00 ,20409,BENI,39505,M ONE SILIKON SPRAY,12,Mensuri, Ä 0.20 
BENI,23.01.26,,20409,BENI,55718,M ONE MOTORSTART,4,Mensuri, Ä 0.20 
BENI,23.01.26,,20409,BENI,49644,beMAKER Rostlîser,5,Mensuri, Ä 0.20 
BENI,23.01.26,,20409,BENI,54412,beMAKER Bremsen&Teile Reininger,6,Mensuri, Ä 0.20 
TERMIKA,23.01.26, Ä 92.40 ,20403,TERMIKA,35110,M-ONE Sanitar Silikon,12,Mensuri, Ä 0.17 
TERMIKA,23.01.26,,20403,TERMIKA,35111,M-ONE Sanitar Silikon,12,Mensuri, Ä 0.17 
TE MENTORI,23.01.26, Ä 46.20 ,20404,TE MENTORI,35113,M-ONE Sanitar Silikon,12,Mensuri, Ä 0.17 
G FETAHU QERAMIK SH.P.K.,24.01.26, Ä 28.50 ,40033,G FETAHU QERAMIK SH.P.K.,35128,M-ONE Sanitar Silikon,1,0, Ä 0.17 
G FETAHU QERAMIK SH.P.K.,24.01.26,,40033,G FETAHU QERAMIK SH.P.K.,35113,M-ONE Sanitar Silikon,3,0, Ä 0.17 
G FETAHU QERAMIK SH.P.K.,24.01.26,,40033,G FETAHU QERAMIK SH.P.K.,35109,M-ONE Sanitar Silikon,2,0, Ä 0.17 
G FETAHU QERAMIK SH.P.K.,24.01.26,,40033,G FETAHU QERAMIK SH.P.K.,51611,universal akryl,3,0, Ä 0.06 
ARBENI BIOBLIC,24.01.26, Ä 185.00 ,40003,ARBENI BIOBLIC,20001,BioBlic Universalreiniger,80,0, Ä 0.30 
ARBENI BIOBLIC,24.01.26,,40003,ARBENI BIOBLIC,30275,Blic Blic SanitÑrreiniger,50,0, Ä 0.30 
ARBENI BIOBLIC,24.01.26,,40003,ARBENI BIOBLIC,20000,BioBlic AutoInnenreiniger,20,0, Ä 0.30 
TE ZENA,24.01.26, Ä 138.60 ,10616,TE ZENA,35113,M-ONE Sanitar Silikon,12,Qerimi, Ä 0.17 
TE ZENA,24.01.26,,10616,TE ZENA,35119,M-ONE Sanitar Silikon,12,Qerimi, Ä 0.17 
TE ZENA,24.01.26,,10616,TE ZENA,35121,M-ONE Sanitar Silikon,12,Qerimi, Ä 0.17 
ALBANI,24.01.26, Ä 46.20 ,10635,#N/A,35115,M-ONE Sanitar Silikon,12,Qerimi, Ä 0.17 
ALBANI,24.01.26,,10637,#N/A,50912,DICHTUNG,5,Qerimi, Ä 0.20 
ALBANI,24.01.26,,10637,#N/A,55718,M ONE MOTORSTART,5,Qerimi, Ä 0.20 
KUJTA,24.01.26, Ä 138.60 ,10625,KUJTA,35115,M-ONE Sanitar Silikon,12,Qerimi, Ä 0.17 
KUJTA,24.01.26,,10625,KUJTA,35114,M-ONE Sanitar Silikon,12,Qerimi, Ä 0.17 
KUJTA,24.01.26,,10625,KUJTA,35125,M-ONE Sanitar Silikon,12,Qerimi, Ä 0.17 
AGROLONDI,24.01.26, Ä 63.20 ,20602,AGROLONDI,35110,M-ONE Sanitar Silikon,12,Mensuri, Ä 0.17 
AGROLONDI,24.01.26,,20602,AGROLONDI,51611,universal akryl,12,Mensuri, Ä 0.06 
AGROLONDI,24.01.26,,20602,AGROLONDI,49644,beMAKER Rostlîser,1,Mensuri, Ä 0.20 
LTI,24.01.26, Ä 212.40 ,20623,LTI,35109,M-ONE Sanitar Silikon,12,Mensuri, Ä 0.17 
LTI,24.01.26,,20623,LTI,35110,M-ONE Sanitar Silikon,24,Mensuri, Ä 0.17 
LTI,24.01.26,,20623,LTI,35111,M-ONE Sanitar Silikon,12,Mensuri, Ä 0.17 
LTI,24.01.26,,20623,LTI,35112,M-ONE Sanitar Silikon,12,Mensuri, Ä 0.17 
LTI,24.01.26,,20623,LTI,51612,struktural akryl,12,Mensuri, Ä 0.06 
DIVA QERAMIKA,24.01.26, Ä 92.40 ,20628,DIVA QERAMIKA,35109,M-ONE Sanitar Silikon,24,Mensuri, Ä 0.17 
HIDRO DANI,24.01.26, Ä 61.20 ,20630,HIDRO DANI,35113,M-ONE Sanitar Silikon,12,Mensuri, Ä 0.17 
HIDRO DANI,24.01.26,,20630,HIDRO DANI,51611,universal akryl,12,Mensuri, Ä 0.06 
AGRO-XHETI,24.01.26, Ä 184.80 ,20610,AGRO-XHETI,35110,M-ONE Sanitar Silikon,12,Mensuri, Ä 0.17 
AGRO-XHETI,24.01.26,,20610,AGRO-XHETI,35111,M-ONE Sanitar Silikon,12,Mensuri, Ä 0.17 
AGRO-XHETI,24.01.26,,20610,AGRO-XHETI,35112,M-ONE Sanitar Silikon,12,Mensuri, Ä 0.17 
AGRO-XHETI,24.01.26,,20610,AGRO-XHETI,35113,M-ONE Sanitar Silikon,12,Mensuri, Ä 0.17 
UNIKA,24.01.26, Ä 166.20 ,20627,UNIKA,35109,M-ONE Sanitar Silikon,12,Mensuri, Ä 0.17 
UNIKA,24.01.26,,20627,UNIKA,35111,M-ONE Sanitar Silikon,12,Mensuri, Ä 0.17 
UNIKA,24.01.26,,20627,UNIKA,35115,M-ONE Sanitar Silikon,12,Mensuri, Ä 0.17 
UNIKA,24.01.26,,20627,UNIKA,51612,struktural akryl,12,Mensuri, Ä 0.06 
ALFA-QERAMIKA,24.01.26, Ä 166.20 ,20604,ALFA-QERAMIKA,35110,M-ONE Sanitar Silikon,12,Mensuri, Ä 0.17 
ALFA-QERAMIKA,24.01.26,,20604,ALFA-QERAMIKA,35121,M-ONE Sanitar Silikon,12,Mensuri, Ä 0.17 
ALFA-QERAMIKA,24.01.26,,20604,ALFA-QERAMIKA,35125,M-ONE Sanitar Silikon,12,Mensuri, Ä 0.17 
ALFA-QERAMIKA,24.01.26,,20604,ALFA-QERAMIKA,51612,struktural akryl,12,Mensuri, Ä 0.06 
TE-SYLA,24.01.26, Ä 138.60 ,20606,TE-SYLA,35109,M-ONE Sanitar Silikon,12,Mensuri, Ä 0.17 
TE-SYLA,24.01.26,,20606,TE-SYLA,35111,M-ONE Sanitar Silikon,12,Mensuri, Ä 0.17 
TE-SYLA,24.01.26,,20606,TE-SYLA,35112,M-ONE Sanitar Silikon,12,Mensuri, Ä 0.17 
F.V. SH.P.K. ,24.01.26, Ä 107.40 ,20607,F.V. SH.P.K. ,35115,M-ONE Sanitar Silikon,12,Mensuri, Ä 0.17 
F.V. SH.P.K. ,24.01.26,,20607,F.V. SH.P.K. ,35112,M-ONE Sanitar Silikon,12,Mensuri, Ä 0.17 
F.V. SH.P.K. ,24.01.26,,20607,F.V. SH.P.K. ,51611,universal akryl,12,Mensuri, Ä 0.06 
BUJARI Q - BESII,24.01.26, Ä 92.40 ,20609,BUJARI Q - BESII,35109,M-ONE Sanitar Silikon,24,Mensuri, Ä 0.17 
AGRO-XHETI,24.01.26, Ä 199.80 ,20610,AGRO-XHETI,35125,M-ONE Sanitar Silikon,24,Mensuri, Ä 0.17 
AGRO-XHETI,24.01.26,,20610,AGRO-XHETI,35128,M-ONE Sanitar Silikon,24,Mensuri, Ä 0.17 
AGRO-XHETI,24.01.26,,20610,AGRO-XHETI,51611,universal akryl,12,Mensuri, Ä 0.06 
PROMOIN,24.01.26, Ä 138.60 ,20603,PROMOIN,35110,M-ONE Sanitar Silikon,24,Mensuri, Ä 0.17 
PROMOIN,24.01.26,,20603,PROMOIN,35121,M-ONE Sanitar Silikon,12,Mensuri, Ä 0.17 
JETARI,26.01.26, Ä 46.20 ,10104,JETARI,35121,M-ONE Sanitar Silikon,12,Qerimi, Ä 0.17 
KADIJOLLET,26.01.26, Ä 167.60 ,10111,KADIJOLLET,35114,M-ONE Sanitar Silikon,12,Qerimi, Ä 0.17 
KADIJOLLET,26.01.26,,10111,KADIJOLLET,35113,M-ONE Sanitar Silikon,12,Qerimi, Ä 0.17 
KADIJOLLET,26.01.26,,10111,KADIJOLLET,51612,struktural akryl,24,Qerimi, Ä 0.06 
KADIJOLLET,26.01.26,,10111,KADIJOLLET,49644,beMAKER Rostlîser,5,Qerimi, Ä 0.20 
KADIJOLLET,26.01.26,,10111,KADIJOLLET,54412,beMAKER Bremsen&Teile Reininger,5,Qerimi, Ä 0.20 
QELA,26.01.26, Ä 50.00 ,10114,QELA,50912,DICHTUNG,5,Qerimi, Ä 0.20 
QELA,26.01.26,,10114,QELA,54412,beMAKER Bremsen&Teile Reininger,7,Qerimi, Ä 0.20 
BESI COM,26.01.26, Ä 120.00 ,10103,BESI COM,51612,struktural akryl,12,Qerimi, Ä 0.06 
BESI COM,26.01.26,,10103,BESI COM,35110,M-ONE Sanitar Silikon,12,Qerimi, Ä 0.17 
BESI COM,26.01.26,,10103,BESI COM,35111,M-ONE Sanitar Silikon,12,Qerimi, Ä 0.17 
KENA COMERC,26.01.26, Ä 231.00 ,20109,KENA COMERC,35110,M-ONE Sanitar Silikon,12,Mensuri, Ä 0.17 
KENA COMERC,26.01.26,,20109,KENA COMERC,35111,M-ONE Sanitar Silikon,12,Mensuri, Ä 0.17 
KENA COMERC,26.01.26,,20109,KENA COMERC,35112,M-ONE Sanitar Silikon,24,Mensuri, Ä 0.17 
KENA COMERC,26.01.26,,20109,KENA COMERC,35125,M-ONE Sanitar Silikon,12,Mensuri, Ä 0.17 
ENESI,26.01.26, Ä 46.20 ,20130,ENESI,35110,M-ONE Sanitar Silikon,12,Mensuri, Ä 0.17 
GLOBI TERM,26.01.26, Ä 46.20 ,20122,GLOBI TERM,35110,M-ONE Sanitar Silikon,12,Mensuri, Ä 0.17 
LULI-C,26.01.26, Ä 127.20 ,20126,LULI-C,35110,M-ONE Sanitar Silikon,12,Mensuri, Ä 0.17 
LULI-C,26.01.26,,20126,LULI-C,35113,M-ONE Sanitar Silikon,12,Mensuri, Ä 0.17 
LULI-C,26.01.26,,20126,LULI-C,66701,PROFIMONT EXTREME,6,Mensuri, Ä 0.20 
TE GZIMI,26.01.26, Ä 44.00 ,20101,TE GZIMI,50912,DICHTUNG,4,Mensuri, Ä 0.20 
TE GZIMI,26.01.26,,20101,TE GZIMI,49644,beMAKER Rostlîser,3,Mensuri, Ä 0.20 
TE GZIMI,26.01.26,,20101,TE GZIMI,54412,beMAKER Bremsen&Teile Reininger,3,Mensuri, Ä 0.20 
KUQI-LKW,26.01.26, Ä 30.00 ,20102,KUQI-LKW,49644,beMAKER Rostlîser,8,Mensuri, Ä 0.20 
KUQI-LKW,26.01.26,,20102,KUQI-LKW,55718,M ONE MOTORSTART,4,Mensuri, Ä 0.20 
KTHIMI,26.01.26, Ä 92.40 ,20104,KTHIMI,35110,M-ONE Sanitar Silikon,24,Mensuri, Ä 0.17 
MONI 2,27.01.26, Ä 27.60 ,10210,MONI 2,51612,struktural akryl,12,Qerimi, Ä 0.06 
MONI 2,27.01.26,,10210,MONI 2,35108,M-ONE Sanitar Silikon,36,Qerimi, Ä 0.17 
MONI 2,27.01.26,,10210,MONI 2,35121,M-ONE Sanitar Silikon,36,Qerimi, Ä 0.17 
XHAFA,27.01.26, Ä 258.60 ,10205,XHAFA,35110,M-ONE Sanitar Silikon,12,Qerimi, Ä 0.17 
XHAFA,27.01.26,,10205,XHAFA,35111,M-ONE Sanitar Silikon,12,Qerimi, Ä 0.17 
XHAFA,27.01.26,,10205,XHAFA,35113,M-ONE Sanitar Silikon,12,Qerimi, Ä 0.17 
XHAFA,27.01.26,,10205,XHAFA,35115,M-ONE Sanitar Silikon,12,Qerimi, Ä 0.17 
XHAFA,27.01.26,,10205,XHAFA,35128,M-ONE Sanitar Silikon,12,Qerimi, Ä 0.17 
XHAFA,27.01.26,,10205,XHAFA,51612,struktural akryl,12,Qerimi, Ä 0.06 
ARPO,27.01.26, Ä 138.60 ,10240,ARPO,35121,M-ONE Sanitar Silikon,24,Qerimi, Ä 0.17 
ARPO,27.01.26,,10240,ARPO,35109,M-ONE Sanitar Silikon,12,Qerimi, Ä 0.17 
LETAJ,27.01.26, Ä 116.40 ,20209,LETAJ,35111,M-ONE Sanitar Silikon,24,Mensuri, Ä 0.17 
LETAJ,27.01.26,,20209,LETAJ,49644,beMAKER Rostlîser,12,Mensuri, Ä 0.20 
GERMAN FABRE,27.01.26, Ä 92.40 ,20220,GERMAN FABRE,35112,M-ONE Sanitar Silikon,12,Mensuri, Ä 0.17 
GERMAN FABRE,27.01.26,,20220,GERMAN FABRE,35121,M-ONE Sanitar Silikon,12,Mensuri, Ä 0.17 
INOX 2,27.01.26, Ä 92.40 ,20212,INOX 2,35119,M-ONE Sanitar Silikon,24,Mensuri, Ä 0.17 
GER COLORS,27.01.26, Ä 69.60 ,20223,GER COLORS,66701,PROFIMONT EXTREME,12,Mensuri, Ä 0.20 
HB-DECOR,27.01.26, Ä 69.60 ,20228,HB-DECOR,66701,PROFIMONT EXTREME,12,Mensuri, Ä 0.20 
V. GJONAJ,27.01.26, Ä 92.40 ,20208,V. GJONAJ,35114,M-ONE Sanitar Silikon,24,Mensuri, Ä 0.17 
AFRIMI-AG,27.01.26, Ä 138.60 ,20203,AFRIMI-AG,35110,M-ONE Sanitar Silikon,12,Mensuri, Ä 0.17 
AFRIMI-AG,27.01.26,,20203,AFRIMI-AG,35111,M-ONE Sanitar Silikon,12,Mensuri, Ä 0.17 
AFRIMI-AG,27.01.26,,20203,AFRIMI-AG,35121,M-ONE Sanitar Silikon,12,Mensuri, Ä 0.17 
TE BESIMI,27.01.26, Ä 98.40 ,20201,TE BESIMI,35110,M-ONE Sanitar Silikon,12,Mensuri, Ä 0.17 
TE BESIMI,27.01.26,,20201,TE BESIMI,35125,M-ONE Sanitar Silikon,12,Mensuri, Ä 0.17 
TE BESIMI,27.01.26,,20201,TE BESIMI,49644,beMAKER Rostlîser,3,Mensuri, Ä 0.20 
INTERCOM NTP,28.01.26, Ä 122.40 ,10343,INTERCOM NTP,35128,M-ONE Sanitar Silikon,24,Qerimi, Ä 0.17 
INTERCOM NTP,28.01.26,,10343,INTERCOM NTP,51611,universal akryl,24,Qerimi, Ä 0.06 
EUROSAN,28.01.26, Ä 246.00 ,10304,EUROSAN,51611,universal akryl,12,Qerimi, Ä 0.06 
EUROSAN,28.01.26,,10304,EUROSAN,35110,M-ONE Sanitar Silikon,12,Qerimi, Ä 0.17 
EUROSAN,28.01.26,,10304,EUROSAN,35111,M-ONE Sanitar Silikon,12,Qerimi, Ä 0.17 
EUROSAN,28.01.26,,10304,EUROSAN,35109,M-ONE Sanitar Silikon,12,Qerimi, Ä 0.17 
EUROSAN,28.01.26,,10304,EUROSAN,35113,M-ONE Sanitar Silikon,12,Qerimi, Ä 0.17 
EUROSAN,28.01.26,,10304,EUROSAN,35121,M-ONE Sanitar Silikon,12,Qerimi, Ä 0.17 
TINA,28.01.26, Ä 92.40 ,10344,TINA,35113,M-ONE Sanitar Silikon,12,Qerimi, Ä 0.17 
TINA,28.01.26,,10344,TINA,35115,M-ONE Sanitar Silikon,12,Qerimi, Ä 0.17 
BEKA-3,28.01.26, Ä 27.50 ,10323,BEKA-3,49644,beMAKER Rostlîser,5,Qerimi, Ä 0.20 
BEKA-3,28.01.26,,10323,BEKA-3,55718,M ONE MOTORSTART,5,Qerimi, Ä 0.20 
BALLKANI,28.01.26, Ä 92.40 ,10350,BALLKANI,35121,M-ONE Sanitar Silikon,24,Qerimi, Ä 0.17 
PARKETI,28.01.26, Ä 107.40 ,10325,PARKETI,35121,M-ONE Sanitar Silikon,12,Qerimi, Ä 0.17 
PARKETI,28.01.26,,10325,PARKETI,35125,M-ONE Sanitar Silikon,12,Qerimi, Ä 0.17 
PARKETI,28.01.26,,10325,PARKETI,51611,universal akryl,12,Qerimi, Ä 0.06 
BEKA-1,28.01.26, Ä 17.50 ,10303,BEKA-1,44001,Fettspray,5,Qerimi, Ä 0.20 
FATMIRI,28.01.26, Ä 92.40 ,10313,FATMIRI,35113,M-ONE Sanitar Silikon,12,Qerimi, Ä 0.17 
FATMIRI,28.01.26,,10313,FATMIRI,35121,M-ONE Sanitar Silikon,12,Qerimi, Ä 0.17 
CONDOR,28.01.26, Ä 235.80 ,20307,CONDOR,66701,PROFIMONT EXTREME,12,Mensuri, Ä 0.20 
CONDOR,28.01.26,,20307,CONDOR,35109,M-ONE Sanitar Silikon,12,Mensuri, Ä 0.17 
CONDOR,28.01.26,,20307,CONDOR,35110,M-ONE Sanitar Silikon,12,Mensuri, Ä 0.17 
CONDOR,28.01.26,,20307,CONDOR,35110,M-ONE Sanitar Silikon,12,Mensuri, Ä 0.17 
CONDOR,28.01.26,,20307,CONDOR,35125,M-ONE Sanitar Silikon,12,Mensuri, Ä 0.17 
CONDOR,28.01.26,,20307,CONDOR,51612,struktural akryl,12,Mensuri, Ä 0.06 
BERATI,28.01.26, Ä 46.20 ,20326,BERATI,35110,M-ONE Sanitar Silikon,12,Mensuri, Ä 0.17 
BARDHI-M,28.01.26, Ä 92.40 ,20331,BARDHI-M,35111,M-ONE Sanitar Silikon,12,Mensuri, Ä 0.17 
BARDHI-M,28.01.26,,20331,BARDHI-M,35121,M-ONE Sanitar Silikon,12,Mensuri, Ä 0.17 
NIVELIZIMI-D SH.P.K.,28.01.26, Ä 120.00 ,20302,NIVELIZIMI-D SH.P.K.,35110,M-ONE Sanitar Silikon,12,Mensuri, Ä 0.17 
NIVELIZIMI-D SH.P.K.,28.01.26,,20302,NIVELIZIMI-D SH.P.K.,35121,M-ONE Sanitar Silikon,12,Mensuri, Ä 0.17 
NIVELIZIMI-D SH.P.K.,28.01.26,,20302,NIVELIZIMI-D SH.P.K.,51612,struktural akryl,12,Mensuri, Ä 0.06 
AGRO-FARM,28.01.26, Ä 53.00 ,20304,AGRO-FARM,56117,M ONE UBS,5,Mensuri, Ä 0.20 
AGRO-FARM,28.01.26,,20304,AGRO-FARM,44001,Fettspray,6,Mensuri, Ä 0.20 
AGRO-FARM,28.01.26,,20304,AGRO-FARM,49644,beMAKER Rostlîser,6,Mensuri, Ä 0.20 
NITA 3,28.01.26, Ä 46.20 ,20303,NITA 3,35121,M-ONE Sanitar Silikon,12,Mensuri, Ä 0.17 
SOPAJ,28.01.26, Ä 92.40 ,20311,SOPAJ,35109,M-ONE Sanitar Silikon,12,Mensuri, Ä 0.17 
SOPAJ,28.01.26,,20311,SOPAJ,35115,M-ONE Sanitar Silikon,12,Mensuri, Ä 0.17 
A.P. SHPENDI,28.01.26, Ä 55.50 ,20312,A.P. SHPENDI,50912,DICHTUNG,3,Mensuri, Ä 0.20 
A.P. SHPENDI,28.01.26,,20312,A.P. SHPENDI,55718,M ONE MOTORSTART,4,Mensuri, Ä 0.20 
A.P. SHPENDI,28.01.26,,20312,A.P. SHPENDI,49644,beMAKER Rostlîser,6,Mensuri, Ä 0.20 
A.P. SHPENDI,28.01.26,,20312,A.P. SHPENDI,44001,Fettspray,2,Mensuri, Ä 0.20 
ARBENI BIOBLIC,29.01.26, Ä 228.00 ,40003,ARBENI BIOBLIC,20001,BioBlic Universalreiniger,130,0, Ä 0.30 
ARBENI BIOBLIC,29.01.26,,40003,ARBENI BIOBLIC,30275,Blic Blic SanitÑrreiniger,40,0, Ä 0.30 
ARBENI BIOBLIC,29.01.26,,40003,ARBENI BIOBLIC,49644,beMAKER Rostlîser,5,0, Ä 0.20 
ARBENI BIOBLIC,29.01.26,,40003,ARBENI BIOBLIC,39505,M ONE SILIKON SPRAY,1,0, Ä 0.20 
FORD BASHKIMI,29.01.26, Ä 24.00 ,40002,FORD BASHKIMI,54412,beMAKER Bremsen&Teile Reininger,12,0, Ä 0.20 
NDRIQIMI,29.01.26, Ä 231.00 ,10418,NDRIQIMI,35110,M-ONE Sanitar Silikon,60,Qerimi, Ä 0.17 
UNIVERZAL,29.01.26, Ä 138.60 ,10413,UNIVERZAL,35113,M-ONE Sanitar Silikon,12,Qerimi, Ä 0.17 
UNIVERZAL,29.01.26,,10413,UNIVERZAL,35121,M-ONE Sanitar Silikon,12,Qerimi, Ä 0.17 
UNIVERZAL,29.01.26,,10413,UNIVERZAL,35128,M-ONE Sanitar Silikon,12,Qerimi, Ä 0.17 
GRANITI,29.01.26, Ä 92.40 ,10410,GRANITI,35112,M-ONE Sanitar Silikon,12,Qerimi, Ä 0.17 
GRANITI,29.01.26,,10410,GRANITI,35113,M-ONE Sanitar Silikon,12,Qerimi, Ä 0.17 
AGRONI,29.01.26, Ä 40.00 ,10406,AGRONI,49644,beMAKER Rostlîser,5,Qerimi, Ä 0.20 
AGRONI,29.01.26,,10406,AGRONI,55718,M ONE MOTORSTART,2,Qerimi, Ä 0.20 
AGRONI,29.01.26,,10406,AGRONI,44001,Fettspray,2,Qerimi, Ä 0.20 
AGRONI,29.01.26,,10406,AGRONI,39505,M ONE SILIKON SPRAY,2,Qerimi, Ä 0.20 
AGRONI,29.01.26,,10406,AGRONI,54412,beMAKER Bremsen&Teile Reininger,5,Qerimi, Ä 0.20 
YLLI CONSTRUCION,29.01.26, Ä 48.00 ,40017,YLLI CONSTRUCION,35128,M-ONE Sanitar Silikon,3,0, Ä 0.17 
YLLI CONSTRUCION,29.01.26,,40017,YLLI CONSTRUCION,35109,M-ONE Sanitar Silikon,5,0, Ä 0.17 
YLLI CONSTRUCION,29.01.26,,40017,YLLI CONSTRUCION,35113,M-ONE Sanitar Silikon,4,0, Ä 0.17 
ZAIMI,30.01.26, Ä 46.20 ,10547,#N/A,35125,M-ONE Sanitar Silikon,12,Qerimi, Ä 0.17 
CARRALEVA 1,30.01.26, Ä 92.40 ,10504,CARRALEVA 1,35108,M-ONE Sanitar Silikon,12,Qerimi, Ä 0.17 
CARRALEVA 1,30.01.26,,10504,CARRALEVA 1,35110,M-ONE Sanitar Silikon,12,Qerimi, Ä 0.17 
LONI,30.01.26, Ä 55.20 ,10509,LONI,50912,DICHTUNG,6,Qerimi, Ä 0.20 
LONI,30.01.26,,10509,LONI,49644,beMAKER Rostlîser,6,Qerimi, Ä 0.20 
REAL COLOR 2,30.01.26, Ä 138.60 ,10507,REAL COLOR 2,35113,M-ONE Sanitar Silikon,12,Qerimi, Ä 0.17 
REAL COLOR 2,30.01.26,,10507,REAL COLOR 2,35115,M-ONE Sanitar Silikon,12,Qerimi, Ä 0.17 
REAL COLOR 2,30.01.26,,10507,REAL COLOR 2,35128,M-ONE Sanitar Silikon,12,Qerimi, Ä 0.17 
ARBERI,30.01.26, Ä 92.40 ,10506,ARBERI,35109,M-ONE Sanitar Silikon,12,Qerimi, Ä 0.17 
ARBERI,30.01.26,,10506,ARBERI,35119,M-ONE Sanitar Silikon,12,Qerimi, Ä 0.17 
ARDI LIPJAN,30.01.26, Ä 142.90 ,10529,ARDI LIPJAN,50912,DICHTUNG,12,Qerimi, Ä 0.20 
ARDI LIPJAN,30.01.26,,10529,ARDI LIPJAN,55718,M ONE MOTORSTART,2,Qerimi, Ä 0.20 
ARDI LIPJAN,30.01.26,,10529,ARDI LIPJAN,38136,M ONE KLARLACK,9,Qerimi, Ä 0.15 
ARDI LIPJAN,30.01.26,,10529,ARDI LIPJAN,49644,beMAKER Rostlîser,6,Qerimi, Ä 0.20 
ARDI LIPJAN,30.01.26,,10529,ARDI LIPJAN,56117,M ONE UBS,6,Qerimi, Ä 0.20 
LIRIDONA KLINE,30.01.26, Ä 138.60 ,20511,LIRIDONA KLINE,35111,M-ONE Sanitar Silikon,12,Mensuri, Ä 0.17 
LIRIDONA KLINE,30.01.26,,20511,LIRIDONA KLINE,35113,M-ONE Sanitar Silikon,12,Mensuri, Ä 0.17 
LIRIDONA KLINE,30.01.26,,20511,LIRIDONA KLINE,35114,M-ONE Sanitar Silikon,12,Mensuri, Ä 0.17 
LIRIDONA HOME,30.01.26, Ä 120.00 ,20508,LIRIDONA HOME,35109,M-ONE Sanitar Silikon,12,Mensuri, Ä 0.17 
LIRIDONA HOME,30.01.26,,20508,LIRIDONA HOME,35111,M-ONE Sanitar Silikon,12,Mensuri, Ä 0.17 
LIRIDONA HOME,30.01.26,,20508,LIRIDONA HOME,51612,struktural akryl,12,Mensuri, Ä 0.06 
BERATI A.P. (1),30.01.26, Ä 53.00 ,20513,BERATI A.P. (1),49644,beMAKER Rostlîser,12,Mensuri, Ä 0.20 
BERATI A.P. (1),30.01.26,,20513,BERATI A.P. (1),50912,DICHTUNG,3,Mensuri, Ä 0.20 
BERATI A.P. (1),30.01.26,,20513,BERATI A.P. (1),29802,beMaker Handwaschpaste,4,Mensuri, Ä 0.10 
LIRIDONA-A,30.01.26, Ä 84.60 ,20515,LIRIDONA-A,51611,universal akryl,12,Mensuri, Ä 0.06 
LIRIDONA-A,30.01.26,,20515,LIRIDONA-A,66701,PROFIMONT EXTREME,12,Mensuri, Ä 0.20 
TE BENI,30.01.26, Ä 92.40 ,20407,TE BENI,35111,M-ONE Sanitar Silikon,12,Mensuri, Ä 0.17 
TE BENI,30.01.26,,20407,TE BENI,35114,M-ONE Sanitar Silikon,12,Mensuri, Ä 0.17 
TE MENTORI,30.01.26, Ä 138.60 ,20404,TE MENTORI,35113,M-ONE Sanitar Silikon,12,Mensuri, Ä 0.17 
TE MENTORI,30.01.26,,20404,TE MENTORI,35114,M-ONE Sanitar Silikon,12,Mensuri, Ä 0.17 
TE MENTORI,30.01.26,,20404,TE MENTORI,35125,M-ONE Sanitar Silikon,12,Mensuri, Ä 0.17 
ALBANI,31.01.26, Ä 46.20 ,10635,#N/A,35109,M-ONE Sanitar Silikon,12,Qerimi, Ä 0.17 
BECOLOR,31.01.26, Ä 27.00 ,10619,BECOLOR,31818,M ONE ANTHRAZIT,6,Qerimi, Ä 0.15 
BECOLOR,31.01.26,,10619,BECOLOR,51611,universal akryl,12,Qerimi, Ä 0.06 
ALBANI,31.01.26, Ä 117.90 ,10637,#N/A,50912,DICHTUNG,12,Qerimi, Ä 0.20 
ALBANI,31.01.26,,10637,#N/A,44001,Fettspray,4,Qerimi, Ä 0.20 
ALBANI,31.01.26,,10637,#N/A,55718,M ONE MOTORSTART,5,Qerimi, Ä 0.20 
KUSHA,31.01.26, Ä 27.50 ,10604,KUSHA,54412,beMAKER Bremsen&Teile Reininger,6,Qerimi, Ä 0.20 
KUSHA,31.01.26,,10604,KUSHA,49644,beMAKER Rostlîser,6,Qerimi, Ä 0.20 
KUSHA,31.01.26,,10604,KUSHA,44001,Fettspray,1,Qerimi, Ä 0.20 
KUJTA,31.01.26, Ä 92.40 ,10625,KUJTA,35115,M-ONE Sanitar Silikon,12,Qerimi, Ä 0.17 
KUJTA,31.01.26,,10625,KUJTA,35121,M-ONE Sanitar Silikon,12,Qerimi, Ä 0.17 
DIVA QERAMIKA,31.01.26, Ä 92.40 ,20628,DIVA QERAMIKA,35113,M-ONE Sanitar Silikon,12,Mensuri, Ä 0.17 
DIVA QERAMIKA,31.01.26,,20628,DIVA QERAMIKA,35125,M-ONE Sanitar Silikon,12,Mensuri, Ä 0.17 
UNIKA,31.01.26, Ä 92.40 ,20627,UNIKA,35109,M-ONE Sanitar Silikon,12,Mensuri, Ä 0.17 
UNIKA,31.01.26,,20627,UNIKA,35113,M-ONE Sanitar Silikon,12,Mensuri, Ä 0.17 
TE-SYLA,31.01.26, Ä 141.60 ,20606,TE-SYLA,35125,M-ONE Sanitar Silikon,12,Mensuri, Ä 0.17 
TE-SYLA,31.01.26,,20606,TE-SYLA,50912,DICHTUNG,12,Mensuri, Ä 0.20 
TE-SYLA,31.01.26,,20606,TE-SYLA,26736,M ONE HAFTGRUND,6,Mensuri, Ä 0.15 
LONI,31.01.26, Ä 92.40 ,20608,LONI,35113,M-ONE Sanitar Silikon,12,Mensuri, Ä 0.17 
LONI,31.01.26,,20608,LONI,35121,M-ONE Sanitar Silikon,12,Mensuri, Ä 0.17 
TE-LUTA,31.01.26, Ä 333.90 ,20611,TE-LUTA,35109,M-ONE Sanitar Silikon,24,Mensuri, Ä 0.17 
TE-LUTA,31.01.26,,20611,TE-LUTA,35128,M-ONE Sanitar Silikon,24,Mensuri, Ä 0.17 
TE-LUTA,31.01.26,,20611,TE-LUTA,35110,M-ONE Sanitar Silikon,12,Mensuri, Ä 0.17 
TE-LUTA,31.01.26,,20611,TE-LUTA,35111,M-ONE Sanitar Silikon,12,Mensuri, Ä 0.17 
TE-LUTA,31.01.26,,20611,TE-LUTA,35113,M-ONE Sanitar Silikon,12,Mensuri, Ä 0.17 
TE-LUTA,31.01.26,,20611,TE-LUTA,55718,M ONE MOTORSTART,3,Mensuri, Ä 0.20 
MIX-B,31.01.26, Ä 103.80 ,20615,MIX-B,35121,M-ONE Sanitar Silikon,12,Mensuri, Ä 0.17 
MIX-B,31.01.26,,20615,MIX-B,51611,universal akryl,24,Mensuri, Ä 0.06 
MIX-B,31.01.26,,20615,MIX-B,51612,struktural akryl,12,Mensuri, Ä 0.06 
HIDROELDI,02.02.26, Ä 46.20 ,10133,HIDROELDI,35113,M-ONE Sanitar Silikon,12,Qerimi, Ä 0.17 
QELA,02.02.26, Ä 64.20 ,10114,QELA,50912,DICHTUNG,6,Qerimi, Ä 0.20 
QELA,02.02.26,,10114,QELA,44001,Fettspray,6,Qerimi, Ä 0.20 
KADIJOLLET,02.02.26, Ä 87.70 ,10111,KADIJOLLET,35111,M-ONE Sanitar Silikon,12,Qerimi, Ä 0.17 
KADIJOLLET,02.02.26,,10111,KADIJOLLET,50912,DICHTUNG,2,Qerimi, Ä 0.20 
KADIJOLLET,02.02.26,,10111,KADIJOLLET,54412,beMAKER Bremsen&Teile Reininger,5,Qerimi, Ä 0.20 
KADIJOLLET,02.02.26,,10111,KADIJOLLET,49644,beMAKER Rostlîser,5,Qerimi, Ä 0.20 
KADIJOLLET,02.02.26,,10111,KADIJOLLET,55718,M ONE MOTORSTART,2,Qerimi, Ä 0.20 
JETARI,02.02.26, Ä 92.40 ,10104,JETARI,35113,M-ONE Sanitar Silikon,12,Qerimi, Ä 0.17 
JETARI,02.02.26,,10104,JETARI,35125,M-ONE Sanitar Silikon,12,Qerimi, Ä 0.17 
AP PETRITI,02.02.26, Ä 10.00 ,10627,AP PETRITI,54412,beMAKER Bremsen&Teile Reininger,5,Qerimi, Ä 0.20 
QEMA,03.02.26, Ä 208.80 ,10255,QEMA,66701,PROFIMONT EXTREME,36,Qerimi, Ä 0.20 
ARSIMI,03.02.26, Ä 92.40 ,10258,ARSIMI,35111,M-ONE Sanitar Silikon,24,Qerimi, Ä 0.17 
MONI 2,03.02.26, Ä 92.40 ,10210,MONI 2,35112,M-ONE Sanitar Silikon,12,Qerimi, Ä 0.17 
MONI 2,03.02.26,,10210,MONI 2,35119,M-ONE Sanitar Silikon,12,Qerimi, Ä 0.17 
ARPO,03.02.26, Ä 184.80 ,10240,ARPO,35108,M-ONE Sanitar Silikon,12,Qerimi, Ä 0.17 
ARPO,03.02.26,,10240,ARPO,35121,M-ONE Sanitar Silikon,12,Qerimi, Ä 0.17 
ARPO,03.02.26,,10240,ARPO,35109,M-ONE Sanitar Silikon,24,Qerimi, Ä 0.17 
XHAFA,03.02.26, Ä 46.20 ,10205,XHAFA,35108,M-ONE Sanitar Silikon,12,Qerimi, Ä 0.17 
TAULANTI,03.02.26, Ä 92.40 ,10251,#N/A,35109,M-ONE Sanitar Silikon,12,Qerimi, Ä 0.17 
TAULANTI,03.02.26,,10251,#N/A,35115,M-ONE Sanitar Silikon,12,Qerimi, Ä 0.17 
TEMAJ,03.02.26, Ä 92.40 ,40019,TEMAJ,35110,M-ONE Sanitar Silikon,24,0, Ä 0.17 
TERMO PROJEKT,03.02.26, Ä 208.80 ,20127,TERMO PROJEKT,66701,PROFIMONT EXTREME,36,Mensuri, Ä 0.20 
V. GJONAJ,03.02.26, Ä 30.00 ,20208,V. GJONAJ,51611,universal akryl,24,Mensuri, Ä 0.06 
LETAJ,03.02.26, Ä 208.20 ,20209,LETAJ,35110,M-ONE Sanitar Silikon,12,Mensuri, Ä 0.17 
LETAJ,03.02.26,,20209,LETAJ,66701,PROFIMONT EXTREME,12,Mensuri, Ä 0.20 
LETAJ,03.02.26,,20209,LETAJ,35115,M-ONE Sanitar Silikon,12,Mensuri, Ä 0.17 
LETAJ,03.02.26,,20209,LETAJ,35121,M-ONE Sanitar Silikon,12,Mensuri, Ä 0.17 
KENA COMERC,03.02.26, Ä 76.20 ,20109,KENA COMERC,35114,M-ONE Sanitar Silikon,12,Mensuri, Ä 0.17 
KENA COMERC,03.02.26,,20109,KENA COMERC,51611,universal akryl,24,Mensuri, Ä 0.06 
INOX 2,03.02.26, Ä 112.20 ,20212,INOX 2,66701,PROFIMONT EXTREME,12,Mensuri, Ä 0.20 
INOX 2,03.02.26,,20212,INOX 2,51611,universal akryl,12,Mensuri, Ä 0.06 
INOX 2,03.02.26,,20212,INOX 2,51612,struktural akryl,12,Mensuri, Ä 0.06 
TE BESIMI,03.02.26, Ä 92.40 ,20201,TE BESIMI,35111,M-ONE Sanitar Silikon,12,Mensuri, Ä 0.17 
TE BESIMI,03.02.26,,20201,TE BESIMI,35125,M-ONE Sanitar Silikon,12,Mensuri, Ä 0.17 
KUQI-LKW,03.02.26, Ä 100.40 ,20102,KUQI-LKW,50912,DICHTUNG,12,Mensuri, Ä 0.20 
KUQI-LKW,03.02.26,,20102,KUQI-LKW,55718,M ONE MOTORSTART,4,Mensuri, Ä 0.20 
ARBENI BIOBLIC,03.02.26, Ä 228.00 ,40003,ARBENI BIOBLIC,20000,BioBlic AutoInnenreiniger,10,0, Ä 0.30 
ARBENI BIOBLIC,03.02.26,,40003,ARBENI BIOBLIC,20001,BioBlic Universalreiniger,110,0, Ä 0.30 
ARBENI BIOBLIC,03.02.26,,40003,ARBENI BIOBLIC,30275,Blic Blic SanitÑrreiniger,40,0, Ä 0.30 
ARBENI BIOBLIC,03.02.26,,40003,ARBENI BIOBLIC,39505,M ONE SILIKON SPRAY,6,0, Ä 0.20 
ARBENI BIOBLIC,03.02.26,,40003,ARBENI BIOBLIC,50912,DICHTUNG,1,0, Ä 0.20 
FUNDAMETI,04.02.26, Ä 98.40 ,10301,FUNDAMETI,35121,M-ONE Sanitar Silikon,24,Qerimi, Ä 0.17 
FUNDAMETI,04.02.26,,10301,FUNDAMETI,39505,M ONE SILIKON SPRAY,2,Qerimi, Ä 0.20 
BALLKANI,04.02.26, Ä 92.40 ,10350,BALLKANI,35121,M-ONE Sanitar Silikon,12,Qerimi, Ä 0.17 
BALLKANI,04.02.26,,10350,BALLKANI,35119,M-ONE Sanitar Silikon,12,Qerimi, Ä 0.17 
SMIRA,04.02.26, Ä 138.60 ,10352,SMIRA,35109,M-ONE Sanitar Silikon,12,Qerimi, Ä 0.17 
SMIRA,04.02.26,,10352,SMIRA,35113,M-ONE Sanitar Silikon,12,Qerimi, Ä 0.17 
SMIRA,04.02.26,,10352,SMIRA,35128,M-ONE Sanitar Silikon,12,Qerimi, Ä 0.17 
BEKA-3,04.02.26, Ä 86.40 ,10323,BEKA-3,50912,DICHTUNG,12,Qerimi, Ä 0.20 
FUNDAMETI,04.02.26, Ä 184.80 ,10301,FUNDAMETI,35113,M-ONE Sanitar Silikon,24,Qerimi, Ä 0.17 
FUNDAMETI,04.02.26,,10301,FUNDAMETI,35121,M-ONE Sanitar Silikon,24,Qerimi, Ä 0.17 
FATMIRI,04.02.26, Ä 138.60 ,10313,FATMIRI,35121,M-ONE Sanitar Silikon,24,Qerimi, Ä 0.17 
FATMIRI,04.02.26,,10313,FATMIRI,35109,M-ONE Sanitar Silikon,12,Qerimi, Ä 0.17 
TEMAJ,04.02.26, Ä 92.40 ,40019,TEMAJ,35110,M-ONE Sanitar Silikon,12,0, Ä 0.17 
TEMAJ,04.02.26,,40019,TEMAJ,35111,M-ONE Sanitar Silikon,12,0, Ä 0.17 
HAZROLLI,04.02.26, Ä 92.40 ,20301,HAZROLLI,35113,M-ONE Sanitar Silikon,24,Mensuri, Ä 0.17 
DURGUTI 3,04.02.26, Ä 120.00 ,20313,DURGUTI 3,35110,M-ONE Sanitar Silikon,12,Mensuri, Ä 0.17 
DURGUTI 3,04.02.26,,20313,DURGUTI 3,35111,M-ONE Sanitar Silikon,12,Mensuri, Ä 0.17 
DURGUTI 3,04.02.26,,20313,DURGUTI 3,51612,struktural akryl,12,Mensuri, Ä 0.06 
CONDOR,04.02.26, Ä 205.80 ,20307,CONDOR,35111,M-ONE Sanitar Silikon,12,Mensuri, Ä 0.17 
CONDOR,04.02.26,,20307,CONDOR,35115,M-ONE Sanitar Silikon,12,Mensuri, Ä 0.17 
CONDOR,04.02.26,,20307,CONDOR,35128,M-ONE Sanitar Silikon,12,Mensuri, Ä 0.17 
CONDOR,04.02.26,,20307,CONDOR,51612,struktural akryl,24,Mensuri, Ä 0.06 
CONDOR,04.02.26,,20307,CONDOR,49644,beMAKER Rostlîser,6,Mensuri, Ä 0.20 
AGRO-FARM,04.02.26, Ä 116.40 ,20304,AGRO-FARM,35110,M-ONE Sanitar Silikon,12,Mensuri, Ä 0.17 
AGRO-FARM,04.02.26,,20304,AGRO-FARM,35111,M-ONE Sanitar Silikon,12,Mensuri, Ä 0.17 
AGRO-FARM,04.02.26,,20304,AGRO-FARM,37112,M ONE BLACK,60,Mensuri, Ä 0.05 
SHEHU-A,04.02.26, Ä 98.40 ,20317,SHEHU-A,50912,DICHTUNG,12,Mensuri, Ä 0.20 
SHEHU-A,04.02.26,,20317,SHEHU-A,49644,beMAKER Rostlîser,6,Mensuri, Ä 0.20 
SOPAJ,04.02.26, Ä 84.60 ,20311,SOPAJ,66701,PROFIMONT EXTREME,12,Mensuri, Ä 0.20 
SOPAJ,04.02.26,,20311,SOPAJ,51611,universal akryl,12,Mensuri, Ä 0.06 
GASHI,04.02.26, Ä 91.20 ,20330,GASHI,35110,M-ONE Sanitar Silikon,12,Mensuri, Ä 0.17 
GASHI,04.02.26,,20330,GASHI,51611,universal akryl,36,Mensuri, Ä 0.06 
ENISI - H,05.02.26, Ä 92.40 ,10428,ENISI - H,35111,M-ONE Sanitar Silikon,12,Qerimi, Ä 0.17 
ENISI - H,05.02.26,,10428,ENISI - H,35112,M-ONE Sanitar Silikon,12,Qerimi, Ä 0.17 
GRANITI,05.02.26, Ä 46.20 ,10410,GRANITI,35109,M-ONE Sanitar Silikon,12,Qerimi, Ä 0.17 
UNIVERZAL,05.02.26, Ä 102.40 ,10413,UNIVERZAL,35110,M-ONE Sanitar Silikon,12,Qerimi, Ä 0.17 
UNIVERZAL,05.02.26,,10413,UNIVERZAL,35115,M-ONE Sanitar Silikon,12,Qerimi, Ä 0.17 
UNIVERZAL,05.02.26,,10413,UNIVERZAL,54412,beMAKER Bremsen&Teile Reininger,5,Qerimi, Ä 0.20 
NDRIQIMI,05.02.26, Ä 138.60 ,10418,NDRIQIMI,35128,M-ONE Sanitar Silikon,12,Qerimi, Ä 0.17 
NDRIQIMI,05.02.26,,10418,NDRIQIMI,35113,M-ONE Sanitar Silikon,12,Qerimi, Ä 0.17 
NDRIQIMI,05.02.26,,10418,NDRIQIMI,35115,M-ONE Sanitar Silikon,12,Qerimi, Ä 0.17 
YLLI CONSTRUCION,06.02.26, Ä 96.00 ,40017,YLLI CONSTRUCION,35115,M-ONE Sanitar Silikon,17,0, Ä 0.17 
YLLI CONSTRUCION,06.02.26,,40017,YLLI CONSTRUCION,35109,M-ONE Sanitar Silikon,5,0, Ä 0.17 
YLLI CONSTRUCION,06.02.26,,40017,YLLI CONSTRUCION,35113,M-ONE Sanitar Silikon,2,0, Ä 0.17 
ARBENI BIOBLIC,06.02.26, Ä 227.50 ,40003,ARBENI BIOBLIC,20001,BioBlic Universalreiniger,130,0, Ä 0.30 
ARBENI BIOBLIC,06.02.26,,40003,ARBENI BIOBLIC,30275,Blic Blic SanitÑrreiniger,40,0, Ä 0.30 
ARBENI BIOBLIC,06.02.26,,40003,ARBENI BIOBLIC,39505,M ONE SILIKON SPRAY,4,0, Ä 0.20 
ARBERI,06.02.26, Ä 46.20 ,10506,ARBERI,35128,M-ONE Sanitar Silikon,12,Qerimi, Ä 0.17 
CARRALEVA 1,06.02.26, Ä 92.40 ,10504,CARRALEVA 1,35121,M-ONE Sanitar Silikon,12,Qerimi, Ä 0.17 
CARRALEVA 1,06.02.26,,10504,CARRALEVA 1,35128,M-ONE Sanitar Silikon,12,Qerimi, Ä 0.17 
LONI,06.02.26, Ä 53.20 ,10509,LONI,50912,DICHTUNG,6,Qerimi, Ä 0.20 
LONI,06.02.26,,10509,LONI,49644,beMAKER Rostlîser,5,Qerimi, Ä 0.20 
REAL COLOR 2,06.02.26, Ä 231.00 ,10507,REAL COLOR 2,35110,M-ONE Sanitar Silikon,12,Qerimi, Ä 0.17 
REAL COLOR 2,06.02.26,,10507,REAL COLOR 2,35111,M-ONE Sanitar Silikon,12,Qerimi, Ä 0.17 
REAL COLOR 2,06.02.26,,10507,REAL COLOR 2,35113,M-ONE Sanitar Silikon,12,Qerimi, Ä 0.17 
REAL COLOR 2,06.02.26,,10507,REAL COLOR 2,35128,M-ONE Sanitar Silikon,12,Qerimi, Ä 0.17 
REAL COLOR 2,06.02.26,,10507,REAL COLOR 2,35109,M-ONE Sanitar Silikon,12,Qerimi, Ä 0.17 
PROCOM,06.02.26, Ä 92.40 ,10502,PROCOM,35111,M-ONE Sanitar Silikon,12,Qerimi, Ä 0.17 
PROCOM,06.02.26,,10502,PROCOM,35113,M-ONE Sanitar Silikon,12,Qerimi, Ä 0.17 
RACI,06.02.26, Ä 162.00 ,20501,RACI,66701,PROFIMONT EXTREME,12,Mensuri, Ä 0.20 
RACI,06.02.26,,20501,RACI,35110,M-ONE Sanitar Silikon,12,Mensuri, Ä 0.17 
RACI,06.02.26,,20501,RACI,35115,M-ONE Sanitar Silikon,12,Mensuri, Ä 0.17 
LIRIDONA KLINE,06.02.26, Ä 122.40 ,20511,LIRIDONA KLINE,35111,M-ONE Sanitar Silikon,12,Mensuri, Ä 0.17 
LIRIDONA KLINE,06.02.26,,20511,LIRIDONA KLINE,35113,M-ONE Sanitar Silikon,12,Mensuri, Ä 0.17 
LIRIDONA KLINE,06.02.26,,20511,LIRIDONA KLINE,51611,universal akryl,24,Mensuri, Ä 0.06 
HOXHA,06.02.26, Ä 46.20 ,20502,HOXHA,35110,M-ONE Sanitar Silikon,12,Mensuri, Ä 0.17 
LIRIDONA-A,06.02.26, Ä 46.20 ,20515,LIRIDONA-A,35113,M-ONE Sanitar Silikon,12,Mensuri, Ä 0.17 
A.P. HOTI,06.02.26, Ä 41.00 ,20408,A.P. HOTI,56117,M ONE UBS,5,Mensuri, Ä 0.20 
A.P. HOTI,06.02.26,,20408,A.P. HOTI,44001,Fettspray,4,Mensuri, Ä 0.20 
A.P. HOTI,06.02.26,,20408,A.P. HOTI,55718,M ONE MOTORSTART,2,Mensuri, Ä 0.20 
TE BENI,06.02.26, Ä 138.60 ,20407,TE BENI,35111,M-ONE Sanitar Silikon,12,Mensuri, Ä 0.17 
TE BENI,06.02.26,,20407,TE BENI,35121,M-ONE Sanitar Silikon,24,Mensuri, Ä 0.17 
MEGI,06.02.26, Ä 124.90 ,20406,MEGI,50912,DICHTUNG,12,Mensuri, Ä 0.20 
MEGI,06.02.26,,20406,MEGI,55718,M ONE MOTORSTART,11,Mensuri, Ä 0.20 
TE ZENA,07.02.26, Ä 46.20 ,10616,TE ZENA,35119,M-ONE Sanitar Silikon,12,Qerimi, Ä 0.17 
KUJTA,07.02.26, Ä 128.40 ,10625,KUJTA,35109,M-ONE Sanitar Silikon,12,Qerimi, Ä 0.17 
KUJTA,07.02.26,,10625,KUJTA,35128,M-ONE Sanitar Silikon,12,Qerimi, Ä 0.17 
KUJTA,07.02.26,,10625,KUJTA,50912,DICHTUNG,5,Qerimi, Ä 0.20 
ALBANI,07.02.26, Ä 35.00 ,10637,#N/A,55718,M ONE MOTORSTART,5,Qerimi, Ä 0.20 
ALBANI,07.02.26,,10637,#N/A,44001,Fettspray,5,Qerimi, Ä 0.20 
ALBANI,07.02.26,,10636,#N/A,35125,M-ONE Sanitar Silikon,12,Qerimi, Ä 0.17 
ALBANI,07.02.26,,10636,#N/A,35121,M-ONE Sanitar Silikon,12,Qerimi, Ä 0.17 
AGROLONDI,07.02.26, Ä 138.60 ,20602,AGROLONDI,35121,M-ONE Sanitar Silikon,24,Mensuri, Ä 0.17 
AGROLONDI,07.02.26,,20602,AGROLONDI,35110,M-ONE Sanitar Silikon,12,Mensuri, Ä 0.17 
ILIRI QERAMIKA,07.02.26, Ä 153.60 ,20622,ILIRI QERAMIKA,35109,M-ONE Sanitar Silikon,12,Mensuri, Ä 0.17 
ILIRI QERAMIKA,07.02.26,,20622,ILIRI QERAMIKA,35110,M-ONE Sanitar Silikon,12,Mensuri, Ä 0.17 
ILIRI QERAMIKA,07.02.26,,20622,ILIRI QERAMIKA,35121,M-ONE Sanitar Silikon,12,Mensuri, Ä 0.17 
ILIRI QERAMIKA,07.02.26,,20622,ILIRI QERAMIKA,51611,universal akryl,12,Mensuri, Ä 0.06 
UNIKA,07.02.26, Ä 100.40 ,20627,UNIKA,35113,M-ONE Sanitar Silikon,12,Mensuri, Ä 0.17 
UNIKA,07.02.26,,20627,UNIKA,35121,M-ONE Sanitar Silikon,12,Mensuri, Ä 0.17 
UNIKA,07.02.26,,20627,UNIKA,56117,M ONE UBS,2,Mensuri, Ä 0.20 
LONI,07.02.26, Ä 153.60 ,20608,LONI,35110,M-ONE Sanitar Silikon,12,Mensuri, Ä 0.17 
LONI,07.02.26,,20608,LONI,35115,M-ONE Sanitar Silikon,12,Mensuri, Ä 0.17 
LONI,07.02.26,,20608,LONI,35121,M-ONE Sanitar Silikon,12,Mensuri, Ä 0.17 
LONI,07.02.26,,20608,LONI,51611,universal akryl,12,Mensuri, Ä 0.06 
F.V. SH.P.K. ,07.02.26, Ä 138.60 ,20607,F.V. SH.P.K. ,35109,M-ONE Sanitar Silikon,12,Mensuri, Ä 0.17 
F.V. SH.P.K. ,07.02.26,,20607,F.V. SH.P.K. ,35119,M-ONE Sanitar Silikon,12,Mensuri, Ä 0.17 
F.V. SH.P.K. ,07.02.26,,20607,F.V. SH.P.K. ,35121,M-ONE Sanitar Silikon,12,Mensuri, Ä 0.17 
AGRO-XHETI,07.02.26, Ä 462.00 ,20610,AGRO-XHETI,35125,M-ONE Sanitar Silikon,12,Mensuri, Ä 0.17 
AGRO-XHETI,07.02.26,,20610,AGRO-XHETI,35110,M-ONE Sanitar Silikon,24,Mensuri, Ä 0.17 
AGRO-XHETI,07.02.26,,20610,AGRO-XHETI,35111,M-ONE Sanitar Silikon,24,Mensuri, Ä 0.17 
AGRO-XHETI,07.02.26,,20610,AGRO-XHETI,35128,M-ONE Sanitar Silikon,24,Mensuri, Ä 0.17 
AGRO-XHETI,07.02.26,,20610,AGRO-XHETI,35119,M-ONE Sanitar Silikon,12,Mensuri, Ä 0.17 
AGRO-XHETI,07.02.26,,20610,AGRO-XHETI,35115,M-ONE Sanitar Silikon,12,Mensuri, Ä 0.17 
AGRO-XHETI,07.02.26,,20610,AGRO-XHETI,35114,M-ONE Sanitar Silikon,12,Mensuri, Ä 0.17 
GLOBAL TOOLS,07.02.26, Ä 138.60 ,20632,GLOBAL TOOLS,35125,M-ONE Sanitar Silikon,24,Mensuri, Ä 0.17 
GLOBAL TOOLS,07.02.26,,20632,GLOBAL TOOLS,35115,M-ONE Sanitar Silikon,12,Mensuri, Ä 0.17 
HIDRO DANI,07.02.26, Ä 144.00 ,20630,HIDRO DANI,35109,M-ONE Sanitar Silikon,12,Mensuri, Ä 0.17 
HIDRO DANI,07.02.26,,20630,HIDRO DANI,35111,M-ONE Sanitar Silikon,12,Mensuri, Ä 0.17 
HIDRO DANI,07.02.26,,20630,HIDRO DANI,51612,struktural akryl,12,Mensuri, Ä 0.06 
HIDRO DANI,07.02.26,,20630,HIDRO DANI,49644,beMAKER Rostlîser,12,Mensuri, Ä 0.20 
PROMOIN,07.02.26, Ä 138.60 ,20603,PROMOIN,35109,M-ONE Sanitar Silikon,12,Mensuri, Ä 0.17 
PROMOIN,07.02.26,,20603,PROMOIN,35113,M-ONE Sanitar Silikon,12,Mensuri, Ä 0.17 
PROMOIN,07.02.26,,20603,PROMOIN,35128,M-ONE Sanitar Silikon,12,Mensuri, Ä 0.17 
TONI COLORS,09.02.26, Ä 46.20 ,10135,TONI COLORS,35109,M-ONE Sanitar Silikon,12,Qerimi, Ä 0.17 
QELA,09.02.26, Ä 48.80 ,10114,QELA,54412,beMAKER Bremsen&Teile Reininger,6,Qerimi, Ä 0.20 
QELA,09.02.26,,10114,QELA,50912,DICHTUNG,4,Qerimi, Ä 0.20 
QELA,09.02.26,,10114,QELA,49644,beMAKER Rostlîser,4,Qerimi, Ä 0.20 
KADIJOLLET,09.02.26, Ä 138.40 ,10111,KADIJOLLET,35112,M-ONE Sanitar Silikon,12,Qerimi, Ä 0.17 
KADIJOLLET,09.02.26,,10111,KADIJOLLET,35109,M-ONE Sanitar Silikon,12,Qerimi, Ä 0.17 
KADIJOLLET,09.02.26,,10111,KADIJOLLET,50912,DICHTUNG,5,Qerimi, Ä 0.20 
KADIJOLLET,09.02.26,,10111,KADIJOLLET,26736,M ONE HAFTGRUND,5,Qerimi, Ä 0.15 
JETARI,09.02.26, Ä 92.40 ,10104,JETARI,35110,M-ONE Sanitar Silikon,12,Qerimi, Ä 0.17 
JETARI,09.02.26,,10104,JETARI,35125,M-ONE Sanitar Silikon,12,Qerimi, Ä 0.17 
TEMAJ,09.02.26, Ä 92.40 ,40019,TEMAJ,35110,M-ONE Sanitar Silikon,12,0, Ä 0.17 
TEMAJ,09.02.26,,40019,TEMAJ,35111,M-ONE Sanitar Silikon,12,0, Ä 0.17 
KENA COMERC,09.02.26, Ä 138.60 ,20109,KENA COMERC,35109,M-ONE Sanitar Silikon,12,Mensuri, Ä 0.17 
KENA COMERC,09.02.26,,20109,KENA COMERC,35111,M-ONE Sanitar Silikon,12,Mensuri, Ä 0.17 
KENA COMERC,09.02.26,,20109,KENA COMERC,35128,M-ONE Sanitar Silikon,12,Mensuri, Ä 0.17 
KUQI-LKW,09.02.26, Ä 47.20 ,20102,KUQI-LKW,50912,DICHTUNG,6,Mensuri, Ä 0.20 
KUQI-LKW,09.02.26,,20102,KUQI-LKW,49644,beMAKER Rostlîser,2,Mensuri, Ä 0.20 
TE GZIMI,09.02.26, Ä 28.50 ,20101,TE GZIMI,49644,beMAKER Rostlîser,5,Mensuri, Ä 0.20 
TE GZIMI,09.02.26,,20101,TE GZIMI,54412,beMAKER Bremsen&Teile Reininger,4,Mensuri, Ä 0.20 
TE GZIMI,09.02.26,,20101,TE GZIMI,55718,M ONE MOTORSTART,3,Mensuri, Ä 0.20 
KTHIMI,09.02.26, Ä 138.60 ,20104,KTHIMI,35108,M-ONE Sanitar Silikon,24,Mensuri, Ä 0.17 
KTHIMI,09.02.26,,20104,KTHIMI,35119,M-ONE Sanitar Silikon,12,Mensuri, Ä 0.17 
LULI-C,09.02.26, Ä 92.40 ,20126,LULI-C,35112,M-ONE Sanitar Silikon,24,Mensuri, Ä 0.17 
LNI SHPK,09.02.26, Ä 92.40 ,20129,LNI SHPK,35125,M-ONE Sanitar Silikon,24,Mensuri, Ä 0.17 
SALIHU CORPORATION,10.02.26, Ä 785.40 ,20634,SALIHU CORPORATION,35109,M-ONE Sanitar Silikon,120,Mensuri, Ä 0.17 
SALIHU CORPORATION,10.02.26,,20634,SALIHU CORPORATION,35110,M-ONE Sanitar Silikon,36,Mensuri, Ä 0.17 
SALIHU CORPORATION,10.02.26,,20634,SALIHU CORPORATION,35113,M-ONE Sanitar Silikon,48,Mensuri, Ä 0.17 
XHAFA,10.02.26, Ä 231.00 ,10205,XHAFA,35110,M-ONE Sanitar Silikon,12,Qerimi, Ä 0.17 
XHAFA,10.02.26,,10205,XHAFA,35115,M-ONE Sanitar Silikon,12,Qerimi, Ä 0.17 
XHAFA,10.02.26,,10205,XHAFA,35125,M-ONE Sanitar Silikon,36,Qerimi, Ä 0.17 
MONI 2,10.02.26, Ä 92.40 ,10210,MONI 2,35115,M-ONE Sanitar Silikon,12,Qerimi, Ä 0.17 
MONI 2,10.02.26,,10210,MONI 2,35128,M-ONE Sanitar Silikon,12,Qerimi, Ä 0.17 
ARPO,10.02.26, Ä 231.00 ,10240,ARPO,35110,M-ONE Sanitar Silikon,12,Qerimi, Ä 0.17 
ARPO,10.02.26,,10240,ARPO,35108,M-ONE Sanitar Silikon,24,Qerimi, Ä 0.17 
ARPO,10.02.26,,10240,ARPO,35113,M-ONE Sanitar Silikon,24,Qerimi, Ä 0.17 
TE BESNIKU,10.02.26, Ä 80.80 ,10201,TE BESNIKU,35112,M-ONE Sanitar Silikon,9,Qerimi, Ä 0.17 
TE BESNIKU,10.02.26,,10201,TE BESNIKU,35125,M-ONE Sanitar Silikon,12,Qerimi, Ä 0.17 
TEMAJ,10.02.26, Ä 184.80 ,40019,TEMAJ,35109,M-ONE Sanitar Silikon,36,0, Ä 0.17 
TEMAJ,10.02.26,,40019,TEMAJ,35111,M-ONE Sanitar Silikon,12,0, Ä 0.17 
INOX 2,10.02.26, Ä 92.40 ,20212,INOX 2,35109,M-ONE Sanitar Silikon,12,Mensuri, Ä 0.17 
INOX 2,10.02.26,,20212,INOX 2,35111,M-ONE Sanitar Silikon,12,Mensuri, Ä 0.17 
GER COLORS,10.02.26, Ä 130.80 ,20223,GER COLORS,51611,universal akryl,12,Mensuri, Ä 0.06 
GER COLORS,10.02.26,,20223,GER COLORS,66701,PROFIMONT EXTREME,12,Mensuri, Ä 0.20 
GER COLORS,10.02.26,,20223,GER COLORS,35128,M-ONE Sanitar Silikon,12,Mensuri, Ä 0.17 
HB-DECOR,10.02.26, Ä 69.60 ,20228,HB-DECOR,66701,PROFIMONT EXTREME,12,Mensuri, Ä 0.20 
ERENIKU,10.02.26, Ä 92.40 ,20206,ERENIKU,35110,M-ONE Sanitar Silikon,24,Mensuri, Ä 0.17 
AFRIMI-AG,10.02.26, Ä 162.00 ,20203,AFRIMI-AG,66701,PROFIMONT EXTREME,12,Mensuri, Ä 0.20 
AFRIMI-AG,10.02.26,,20203,AFRIMI-AG,35108,M-ONE Sanitar Silikon,12,Mensuri, Ä 0.17 
AFRIMI-AG,10.02.26,,20203,AFRIMI-AG,35113,M-ONE Sanitar Silikon,12,Mensuri, Ä 0.17 
TE BESIMI,10.02.26, Ä 109.20 ,20201,TE BESIMI,51611,universal akryl,24,Mensuri, Ä 0.06 
TE BESIMI,10.02.26,,20201,TE BESIMI,51612,struktural akryl,24,Mensuri, Ä 0.06 
TE BESIMI,10.02.26,,20201,TE BESIMI,50912,DICHTUNG,3,Mensuri, Ä 0.20 
INTERCOM NTP,11.02.26, Ä 166.20 ,10343,INTERCOM NTP,35110,M-ONE Sanitar Silikon,36,Qerimi, Ä 0.17 
INTERCOM NTP,11.02.26,,10343,INTERCOM NTP,51612,struktural akryl,12,Qerimi, Ä 0.06 
DARDANIA,11.02.26, Ä 46.20 ,10332,DARDANIA,35114,M-ONE Sanitar Silikon,12,Qerimi, Ä 0.17 
BALLKANI,11.02.26, Ä 231.00 ,10350,BALLKANI,35110,M-ONE Sanitar Silikon,12,Qerimi, Ä 0.17 
BALLKANI,11.02.26,,10350,BALLKANI,35113,M-ONE Sanitar Silikon,24,Qerimi, Ä 0.17 
BALLKANI,11.02.26,,10350,BALLKANI,35121,M-ONE Sanitar Silikon,24,Qerimi, Ä 0.17 
EUROSAN,11.02.26, Ä 61.20 ,10304,EUROSAN,35110,M-ONE Sanitar Silikon,12,Qerimi, Ä 0.17 
EUROSAN,11.02.26,,10304,EUROSAN,51611,universal akryl,12,Qerimi, Ä 0.06 
IBAK,11.02.26, Ä 46.20 ,10340,IBAK,35109,M-ONE Sanitar Silikon,12,Qerimi, Ä 0.17 
ELIONI-1,11.02.26, Ä 92.40 ,10306,ELIONI-1,35110,M-ONE Sanitar Silikon,12,Qerimi, Ä 0.17 
ELIONI-1,11.02.26,,10306,ELIONI-1,35128,M-ONE Sanitar Silikon,12,Qerimi, Ä 0.17 
BEKA-3,11.02.26, Ä 86.40 ,10323,BEKA-3,50912,DICHTUNG,12,Qerimi, Ä 0.20 
DANI-COM,11.02.26, Ä 46.20 ,10320,DANI-COM,35128,M-ONE Sanitar Silikon,12,Qerimi, Ä 0.17 
BAU HOME,11.02.26, Ä 92.40 ,20324,BAU HOME,35110,M-ONE Sanitar Silikon,12,Mensuri, Ä 0.17 
BAU HOME,11.02.26,,20324,BAU HOME,35128,M-ONE Sanitar Silikon,12,Mensuri, Ä 0.17 
CONDOR,11.02.26, Ä 347.40 ,20307,CONDOR,35109,M-ONE Sanitar Silikon,24,Mensuri, Ä 0.17 
CONDOR,11.02.26,,20307,CONDOR,35110,M-ONE Sanitar Silikon,24,Mensuri, Ä 0.17 
CONDOR,11.02.26,,20307,CONDOR,35121,M-ONE Sanitar Silikon,12,Mensuri, Ä 0.17 
CONDOR,11.02.26,,20307,CONDOR,35125,M-ONE Sanitar Silikon,12,Mensuri, Ä 0.17 
CONDOR,11.02.26,,20307,CONDOR,51611,universal akryl,12,Mensuri, Ä 0.06 
CONDOR,11.02.26,,20307,CONDOR,51612,struktural akryl,24,Mensuri, Ä 0.06 
BARDHI-M,11.02.26, Ä 92.40 ,20331,BARDHI-M,35110,M-ONE Sanitar Silikon,12,Mensuri, Ä 0.17 
BARDHI-M,11.02.26,,20331,BARDHI-M,35121,M-ONE Sanitar Silikon,12,Mensuri, Ä 0.17 
BEREQETI,11.02.26, Ä 73.80 ,20321,BEREQETI,35121,M-ONE Sanitar Silikon,12,Mensuri, Ä 0.17 
BEREQETI,11.02.26,,20321,BEREQETI,51612,struktural akryl,12,Mensuri, Ä 0.06 
AGRO-FARM,11.02.26, Ä 61.20 ,20304,AGRO-FARM,35121,M-ONE Sanitar Silikon,12,Mensuri, Ä 0.17 
AGRO-FARM,11.02.26,,20304,AGRO-FARM,51611,universal akryl,12,Mensuri, Ä 0.06 
DURGUTI 3,11.02.26, Ä 92.40 ,20313,DURGUTI 3,35110,M-ONE Sanitar Silikon,12,Mensuri, Ä 0.17 
DURGUTI 3,11.02.26,,20313,DURGUTI 3,35128,M-ONE Sanitar Silikon,12,Mensuri, Ä 0.17 
SHEHU-A,11.02.26, Ä 26.00 ,20317,SHEHU-A,49644,beMAKER Rostlîser,6,Mensuri, Ä 0.20 
SHEHU-A,11.02.26,,20317,SHEHU-A,44001,Fettspray,4,Mensuri, Ä 0.20 
SOPAJ,11.02.26, Ä 46.20 ,20311,SOPAJ,35109,M-ONE Sanitar Silikon,12,Mensuri, Ä 0.17 
ARBENI BIOBLIC,12.02.26, Ä 175.00 ,40003,ARBENI BIOBLIC,20001,BioBlic Universalreiniger,100,0, Ä 0.30 
ARBENI BIOBLIC,12.02.26,,40003,ARBENI BIOBLIC,30275,Blic Blic SanitÑrreiniger,40,0, Ä 0.30 
G FETAHU QERAMIK SH.P.K.,12.02.26, Ä 48.00 ,40033,G FETAHU QERAMIK SH.P.K.,35128,M-ONE Sanitar Silikon,7,0, Ä 0.17 
G FETAHU QERAMIK SH.P.K.,12.02.26,,40033,G FETAHU QERAMIK SH.P.K.,35109,M-ONE Sanitar Silikon,3,0, Ä 0.17 
G FETAHU QERAMIK SH.P.K.,12.02.26,,40033,G FETAHU QERAMIK SH.P.K.,35113,M-ONE Sanitar Silikon,2,0, Ä 0.17 
NDRIQIMI,12.02.26, Ä 184.80 ,10418,NDRIQIMI,35110,M-ONE Sanitar Silikon,24,Qerimi, Ä 0.17 
NDRIQIMI,12.02.26,,10418,NDRIQIMI,35111,M-ONE Sanitar Silikon,12,Qerimi, Ä 0.17 
NDRIQIMI,12.02.26,,10418,NDRIQIMI,35115,M-ONE Sanitar Silikon,12,Qerimi, Ä 0.17 
UNIVERZAL,12.02.26, Ä 92.40 ,10413,UNIVERZAL,35109,M-ONE Sanitar Silikon,12,Qerimi, Ä 0.17 
UNIVERZAL,12.02.26,,10413,UNIVERZAL,35128,M-ONE Sanitar Silikon,12,Qerimi, Ä 0.17 
AGRONI,12.02.26, Ä 30.00 ,10406,AGRONI,56117,M ONE UBS,5,Qerimi, Ä 0.20 
AGRONI,12.02.26,,10406,AGRONI,49644,beMAKER Rostlîser,5,Qerimi, Ä 0.20 
GRANITI,12.02.26, Ä 92.40 ,10410,GRANITI,35110,M-ONE Sanitar Silikon,12,Qerimi, Ä 0.17 
GRANITI,12.02.26,,10410,GRANITI,35113,M-ONE Sanitar Silikon,12,Qerimi, Ä 0.17 
EURO COM,12.02.26, Ä 92.40 ,10430,EURO COM,35113,M-ONE Sanitar Silikon,12,Qerimi, Ä 0.17 
EURO COM,12.02.26,,10430,EURO COM,35109,M-ONE Sanitar Silikon,12,Qerimi, Ä 0.17 
KRRABAJ,13.02.26, Ä 323.40 ,10145,KRRABAJ,35108,M-ONE Sanitar Silikon,12,Qerimi, Ä 0.17 
KRRABAJ,13.02.26,,10145,KRRABAJ,35109,M-ONE Sanitar Silikon,12,Qerimi, Ä 0.17 
KRRABAJ,13.02.26,,10145,KRRABAJ,35113,M-ONE Sanitar Silikon,12,Qerimi, Ä 0.17 
KRRABAJ,13.02.26,,10145,KRRABAJ,35125,M-ONE Sanitar Silikon,12,Qerimi, Ä 0.17 
KRRABAJ,13.02.26,,10145,KRRABAJ,35128,M-ONE Sanitar Silikon,12,Qerimi, Ä 0.17 
KRRABAJ,13.02.26,,10145,KRRABAJ,35121,M-ONE Sanitar Silikon,12,Qerimi, Ä 0.17 
KRRABAJ,13.02.26,,10145,KRRABAJ,35115,M-ONE Sanitar Silikon,12,Qerimi, Ä 0.17 
MARIGONA HILL SH.P.K.,13.02.26," Ä 1,134.00 ",40028,MARIGONA HILL SH.P.K.,35119,M-ONE Sanitar Silikon,72,0, Ä 0.17 
MARIGONA HILL SH.P.K.,13.02.26,,40028,MARIGONA HILL SH.P.K.,35128,M-ONE Sanitar Silikon,36,0, Ä 0.17 
MARIGONA HILL SH.P.K.,13.02.26,,40028,MARIGONA HILL SH.P.K.,35115,M-ONE Sanitar Silikon,36,0, Ä 0.17 
MARIGONA HILL SH.P.K.,13.02.26,,40028,MARIGONA HILL SH.P.K.,35108,M-ONE Sanitar Silikon,36,0, Ä 0.17 
MARIGONA HILL SH.P.K.,13.02.26,,40028,MARIGONA HILL SH.P.K.,35113,M-ONE Sanitar Silikon,36,0, Ä 0.17 
MARIGONA HILL SH.P.K.,13.02.26,,40028,MARIGONA HILL SH.P.K.,35121,M-ONE Sanitar Silikon,36,0, Ä 0.17 
CARRALEVA 1,13.02.26, Ä 107.40 ,10504,CARRALEVA 1,35109,M-ONE Sanitar Silikon,12,Qerimi, Ä 0.17 
CARRALEVA 1,13.02.26,,10504,CARRALEVA 1,35110,M-ONE Sanitar Silikon,12,Qerimi, Ä 0.17 
CARRALEVA 1,13.02.26,,10504,CARRALEVA 1,51611,universal akryl,12,Qerimi, Ä 0.06 
BALLKANI,13.02.26, Ä 231.00 ,10350,BALLKANI,35121,M-ONE Sanitar Silikon,60,Qerimi, Ä 0.17 
CARRALEVA 2,13.02.26, Ä 46.20 ,10508,CARRALEVA 2,35111,M-ONE Sanitar Silikon,12,Qerimi, Ä 0.17 
ARDI LIPJAN,13.02.26, Ä 50.40 ,10529,ARDI LIPJAN,50912,DICHTUNG,7,Qerimi, Ä 0.20 
REAL COLOR 2,13.02.26, Ä 92.40 ,10507,REAL COLOR 2,35121,M-ONE Sanitar Silikon,12,Qerimi, Ä 0.17 
REAL COLOR 2,13.02.26,,10507,REAL COLOR 2,35109,M-ONE Sanitar Silikon,12,Qerimi, Ä 0.17 
ALBANI,14.02.26, Ä 46.20 ,10635,#N/A,35109,M-ONE Sanitar Silikon,12,Qerimi, Ä 0.17 
KUJTA,14.02.26, Ä 92.40 ,10625,KUJTA,35121,M-ONE Sanitar Silikon,12,Qerimi, Ä 0.17 
KUJTA,14.02.26,,10625,KUJTA,35128,M-ONE Sanitar Silikon,12,Qerimi, Ä 0.17 
BECOLOR,14.02.26, Ä 14.00 ,10619,BECOLOR,16936,M ONE FELGENSILBER,5,Qerimi, Ä 0.15 
BECOLOR,14.02.26,,10619,BECOLOR,31827,M ONE LACK GRUN,2,Qerimi, Ä 0.15 
ALBANI,14.02.26, Ä 92.40 ,10636,#N/A,35109,M-ONE Sanitar Silikon,12,Qerimi, Ä 0.17 
ALBANI,14.02.26,,10636,#N/A,35111,M-ONE Sanitar Silikon,12,Qerimi, Ä 0.17 
MERIS,14.02.26, Ä 20.00 ,10614,MERIS,49644,beMAKER Rostlîser,10,Qerimi, Ä 0.20 
TE ZENA,14.02.26, Ä 46.20 ,10616,TE ZENA,35128,M-ONE Sanitar Silikon,12,Qerimi, Ä 0.17 
YLLI CONSTRUCION,16.02.26, Ä 96.00 ,40017,YLLI CONSTRUCION,35109,M-ONE Sanitar Silikon,12,0, Ä 0.17 
YLLI CONSTRUCION,16.02.26,,40017,YLLI CONSTRUCION,35128,M-ONE Sanitar Silikon,3,0, Ä 0.17 
YLLI CONSTRUCION,16.02.26,,40017,YLLI CONSTRUCION,35113,M-ONE Sanitar Silikon,3,0, Ä 0.17 
YLLI CONSTRUCION,16.02.26,,40017,YLLI CONSTRUCION,35121,M-ONE Sanitar Silikon,6,0, Ä 0.17 
ECM ENGINEERING SH.P.K,16.02.26, Ä 46.00 ,40032,ECM ENGINEERING SH.P.K,35121,M-ONE Sanitar Silikon,10,0, Ä 0.17 
CHE BAR LOUNGE BAR,16.02.26, Ä 40.00 ,10141,CHE BAR LOUNGE BAR,20001,BioBlic Universalreiniger,20,Qerimi, Ä 0.30 
HIDROELDI,16.02.26, Ä 92.40 ,10133,HIDROELDI,35109,M-ONE Sanitar Silikon,12,Qerimi, Ä 0.17 
HIDROELDI,16.02.26,,10133,HIDROELDI,35125,M-ONE Sanitar Silikon,12,Qerimi, Ä 0.17 
ARSIM,16.02.26, Ä 46.20 ,10105,ARSIM,35125,M-ONE Sanitar Silikon,12,Qerimi, Ä 0.17 
KADIJOLLET,16.02.26, Ä 85.20 ,10111,KADIJOLLET,35110,M-ONE Sanitar Silikon,12,Qerimi, Ä 0.17 
KADIJOLLET,16.02.26,,10111,KADIJOLLET,51611,universal akryl,12,Qerimi, Ä 0.06 
KADIJOLLET,16.02.26,,10111,KADIJOLLET,54412,beMAKER Bremsen&Teile Reininger,12,Qerimi, Ä 0.20 
BESI COM,16.02.26, Ä 67.20 ,10103,BESI COM,35121,M-ONE Sanitar Silikon,12,Qerimi, Ä 0.17 
BESI COM,16.02.26,,10103,BESI COM,44001,Fettspray,6,Qerimi, Ä 0.20 
QELA,16.02.26, Ä 92.40 ,10114,QELA,35108,M-ONE Sanitar Silikon,12,Qerimi, Ä 0.17 
QELA,16.02.26,,10114,QELA,35113,M-ONE Sanitar Silikon,12,Qerimi, Ä 0.17 
ARBENI BIOBLIC,16.02.26, Ä 239.00 ,40003,ARBENI BIOBLIC,20001,BioBlic Universalreiniger,140,0, Ä 0.30 
ARBENI BIOBLIC,16.02.26,,40003,ARBENI BIOBLIC,30275,Blic Blic SanitÑrreiniger,40,0, Ä 0.30 
INTERCOM NTP,18.02.26, Ä 183.60 ,10343,INTERCOM NTP,35121,M-ONE Sanitar Silikon,36,Qerimi, Ä 0.17 
INTERCOM NTP,18.02.26,,10343,INTERCOM NTP,51611,universal akryl,36,Qerimi, Ä 0.06 
GLOBAL NT,18.02.26, Ä 153.60 ,10360,#N/A,35108,M-ONE Sanitar Silikon,12,Qerimi, Ä 0.17 
GLOBAL NT,18.02.26,,10360,#N/A,35109,M-ONE Sanitar Silikon,12,Qerimi, Ä 0.17 
GLOBAL NT,18.02.26,,10360,#N/A,35111,M-ONE Sanitar Silikon,12,Qerimi, Ä 0.17 
GLOBAL NT,18.02.26,,10360,#N/A,51611,universal akryl,12,Qerimi, Ä 0.06 
BURIMI,18.02.26, Ä 138.60 ,10330,BURIMI,35111,M-ONE Sanitar Silikon,12,Qerimi, Ä 0.17 
BURIMI,18.02.26,,10330,BURIMI,35113,M-ONE Sanitar Silikon,12,Qerimi, Ä 0.17 
BURIMI,18.02.26,,10330,BURIMI,35121,M-ONE Sanitar Silikon,12,Qerimi, Ä 0.17 
SMIRA,18.02.26, Ä 46.20 ,10352,SMIRA,35109,M-ONE Sanitar Silikon,12,Qerimi, Ä 0.17 
DARDANIA,18.02.26, Ä 92.40 ,10332,DARDANIA,35110,M-ONE Sanitar Silikon,12,Qerimi, Ä 0.17 
DARDANIA,18.02.26,,10332,DARDANIA,35125,M-ONE Sanitar Silikon,12,Qerimi, Ä 0.17 
BEKA-3,18.02.26, Ä 86.40 ,10323,BEKA-3,50912,DICHTUNG,12,Qerimi, Ä 0.20 
EUROSAN,18.02.26, Ä 15.00 ,10304,EUROSAN,51611,universal akryl,12,Qerimi, Ä 0.06 
ERALP,18.02.26, Ä 46.20 ,10308,ERALP,35125,M-ONE Sanitar Silikon,12,Qerimi, Ä 0.17 
ARSIMI,18.02.26, Ä 138.60 ,10258,ARSIMI,35128,M-ONE Sanitar Silikon,36,Qerimi, Ä 0.17 
FORD BASHKIMI,18.02.26, Ä 24.00 ,40002,FORD BASHKIMI,54412,beMAKER Bremsen&Teile Reininger,12,0, Ä 0.20 
YLLI CONSTRUCION,18.02.26, Ä 32.00 ,40017,YLLI CONSTRUCION,35128,M-ONE Sanitar Silikon,5,0, Ä 0.17 
YLLI CONSTRUCION,18.02.26,,40017,YLLI CONSTRUCION,35115,M-ONE Sanitar Silikon,3,0, Ä 0.17 
ARBENI BIOBLIC,18.02.26, Ä 158.00 ,40003,ARBENI BIOBLIC,20001,BioBlic Universalreiniger,80,0, Ä 0.30 
ARBENI BIOBLIC,18.02.26,,40003,ARBENI BIOBLIC,30275,Blic Blic SanitÑrreiniger,50,0, Ä 0.30 
BUJARI Q - BESII,19.02.26, Ä 92.40 ,20609,BUJARI Q - BESII,35109,M-ONE Sanitar Silikon,24,Mensuri, Ä 0.17 
AGROLONDI,19.02.26, Ä 304.80 ,20602,AGROLONDI,35121,M-ONE Sanitar Silikon,60,Mensuri, Ä 0.17 
AGROLONDI,19.02.26,,20602,AGROLONDI,35110,M-ONE Sanitar Silikon,12,Mensuri, Ä 0.17 
AGROLONDI,19.02.26,,20602,AGROLONDI,51612,struktural akryl,12,Mensuri, Ä 0.06 
ILIRI QERAMIKA,19.02.26, Ä 61.20 ,20622,ILIRI QERAMIKA,35109,M-ONE Sanitar Silikon,12,Mensuri, Ä 0.17 
ILIRI QERAMIKA,19.02.26,,20622,ILIRI QERAMIKA,51611,universal akryl,12,Mensuri, Ä 0.06 
DIVA QERAMIKA,19.02.26, Ä 107.40 ,20628,DIVA QERAMIKA,35110,M-ONE Sanitar Silikon,12,Mensuri, Ä 0.17 
DIVA QERAMIKA,19.02.26,,20628,DIVA QERAMIKA,35111,M-ONE Sanitar Silikon,12,Mensuri, Ä 0.17 
DIVA QERAMIKA,19.02.26,,20628,DIVA QERAMIKA,51611,universal akryl,12,Mensuri, Ä 0.06 
UNIKA,19.02.26, Ä 162.00 ,20627,UNIKA,35108,M-ONE Sanitar Silikon,12,Mensuri, Ä 0.17 
UNIKA,19.02.26,,20627,UNIKA,35115,M-ONE Sanitar Silikon,12,Mensuri, Ä 0.17 
UNIKA,19.02.26,,20627,UNIKA,66701,PROFIMONT EXTREME,12,Mensuri, Ä 0.20 
TE-SYLA,19.02.26, Ä 16.00 ,20606,TE-SYLA,50912,DICHTUNG,2,Mensuri, Ä 0.20 
SAN KOS,19.02.26, Ä 92.40 ,10429,SAN KOS,35109,M-ONE Sanitar Silikon,12,Qerimi, Ä 0.17 
SAN KOS,19.02.26,,10429,SAN KOS,35128,M-ONE Sanitar Silikon,12,Qerimi, Ä 0.17 
GRANITI,19.02.26, Ä 184.80 ,10410,GRANITI,35109,M-ONE Sanitar Silikon,12,Qerimi, Ä 0.17 
GRANITI,19.02.26,,10410,GRANITI,35110,M-ONE Sanitar Silikon,12,Qerimi, Ä 0.17 
GRANITI,19.02.26,,10410,GRANITI,35125,M-ONE Sanitar Silikon,12,Qerimi, Ä 0.17 
GRANITI,19.02.26,,10410,GRANITI,35128,M-ONE Sanitar Silikon,12,Qerimi, Ä 0.17 
UNIVERZAL,19.02.26, Ä 92.40 ,10413,UNIVERZAL,35110,M-ONE Sanitar Silikon,12,Qerimi, Ä 0.17 
UNIVERZAL,19.02.26,,10413,UNIVERZAL,35113,M-ONE Sanitar Silikon,12,Qerimi, Ä 0.17 
GRANITI,19.02.26, Ä 92.40 ,10410,GRANITI,35125,M-ONE Sanitar Silikon,24,Qerimi, Ä 0.17 
BEKA,20.02.26, Ä 46.20 ,10539,BEKA,35111,M-ONE Sanitar Silikon,12,Qerimi, Ä 0.17 
REAL COLOR 2,20.02.26, Ä 113.40 ,10507,REAL COLOR 2,44001,Fettspray,6,Qerimi, Ä 0.20 
REAL COLOR 2,20.02.26,,10507,REAL COLOR 2,35115,M-ONE Sanitar Silikon,12,Qerimi, Ä 0.17 
REAL COLOR 2,20.02.26,,10507,REAL COLOR 2,35125,M-ONE Sanitar Silikon,12,Qerimi, Ä 0.17 
ZAIMI,20.02.26, Ä 46.20 ,10547,#N/A,35128,M-ONE Sanitar Silikon,12,Qerimi, Ä 0.17 
CARRALEVA 1,20.02.26, Ä 138.60 ,10504,CARRALEVA 1,35109,M-ONE Sanitar Silikon,12,Qerimi, Ä 0.17 
CARRALEVA 1,20.02.26,,10504,CARRALEVA 1,35110,M-ONE Sanitar Silikon,12,Qerimi, Ä 0.17 
CARRALEVA 1,20.02.26,,10504,CARRALEVA 1,35113,M-ONE Sanitar Silikon,12,Qerimi, Ä 0.17 
REAL COLOR 2,20.02.26, Ä 46.20 ,10507,REAL COLOR 2,35110,M-ONE Sanitar Silikon,12,Qerimi, Ä 0.17 
PROCOM,20.02.26, Ä 92.40 ,10502,PROCOM,35121,M-ONE Sanitar Silikon,12,Qerimi, Ä 0.17 
PROCOM,20.02.26,,10502,PROCOM,35113,M-ONE Sanitar Silikon,12,Qerimi, Ä 0.17 
RACI,20.02.26, Ä 138.60 ,20501,RACI,35111,M-ONE Sanitar Silikon,12,Mensuri, Ä 0.17 
RACI,20.02.26,,20501,RACI,35121,M-ONE Sanitar Silikon,12,Mensuri, Ä 0.17 
RACI,20.02.26,,20501,RACI,35128,M-ONE Sanitar Silikon,12,Mensuri, Ä 0.17 
LIRIDONA KLINE,20.02.26, Ä 184.80 ,20511,LIRIDONA KLINE,35109,M-ONE Sanitar Silikon,12,Mensuri, Ä 0.17 
LIRIDONA KLINE,20.02.26,,20511,LIRIDONA KLINE,35110,M-ONE Sanitar Silikon,24,Mensuri, Ä 0.17 
LIRIDONA KLINE,20.02.26,,20511,LIRIDONA KLINE,35128,M-ONE Sanitar Silikon,12,Mensuri, Ä 0.17 
LIRIDONA HOME,20.02.26, Ä 92.40 ,20508,LIRIDONA HOME,35110,M-ONE Sanitar Silikon,12,Mensuri, Ä 0.17 
LIRIDONA HOME,20.02.26,,20508,LIRIDONA HOME,35113,M-ONE Sanitar Silikon,12,Mensuri, Ä 0.17 
BERATI A.P. (1),20.02.26, Ä 40.00 ,20513,BERATI A.P. (1),50912,DICHTUNG,5,Mensuri, Ä 0.20 
BYTYQI-V,20.02.26, Ä 129.60 ,20510,BYTYQI-V,66701,PROFIMONT EXTREME,12,Mensuri, Ä 0.20 
BYTYQI-V,20.02.26,,20510,BYTYQI-V,51611,universal akryl,48,Mensuri, Ä 0.06 
TE BENI,20.02.26, Ä 231.00 ,20407,TE BENI,35110,M-ONE Sanitar Silikon,12,Mensuri, Ä 0.17 
TE BENI,20.02.26,,20407,TE BENI,35111,M-ONE Sanitar Silikon,12,Mensuri, Ä 0.17 
TE BENI,20.02.26,,20407,TE BENI,35114,M-ONE Sanitar Silikon,12,Mensuri, Ä 0.17 
TE BENI,20.02.26,,20407,TE BENI,35121,M-ONE Sanitar Silikon,12,Mensuri, Ä 0.17 
TE BENI,20.02.26,,20407,TE BENI,35125,M-ONE Sanitar Silikon,12,Mensuri, Ä 0.17 
MEGI,20.02.26, Ä 28.80 ,20406,MEGI,29802,beMaker Handwaschpaste,4,Mensuri, Ä 0.10 
MEGI,20.02.26,,20406,MEGI,49644,beMAKER Rostlîser,11,Mensuri, Ä 0.20 
AGROLONDI,21.02.26, Ä 92.40 ,20602,AGROLONDI,35110,M-ONE Sanitar Silikon,24,Mensuri, Ä 0.17 
HIDRO DANI,21.02.26, Ä 115.00 ,20630,HIDRO DANI,35110,M-ONE Sanitar Silikon,12,Mensuri, Ä 0.17 
HIDRO DANI,21.02.26,,20630,HIDRO DANI,66701,PROFIMONT EXTREME,12,Mensuri, Ä 0.20 
ALFA-QERAMIKA,21.02.26, Ä 92.40 ,20604,ALFA-QERAMIKA,35113,M-ONE Sanitar Silikon,12,Mensuri, Ä 0.17 
ALFA-QERAMIKA,21.02.26,,20604,ALFA-QERAMIKA,35121,M-ONE Sanitar Silikon,12,Mensuri, Ä 0.17 
LONI,21.02.26, Ä 138.60 ,20608,LONI,35111,M-ONE Sanitar Silikon,12,Mensuri, Ä 0.17 
LONI,21.02.26,,20608,LONI,35115,M-ONE Sanitar Silikon,12,Mensuri, Ä 0.17 
LONI,21.02.26,,20608,LONI,35121,M-ONE Sanitar Silikon,12,Mensuri, Ä 0.17 
TE-LUTA,21.02.26, Ä 92.40 ,20611,TE-LUTA,35109,M-ONE Sanitar Silikon,12,Mensuri, Ä 0.17 
TE-LUTA,21.02.26,,20611,TE-LUTA,35128,M-ONE Sanitar Silikon,12,Mensuri, Ä 0.17 
F.V. SH.P.K. ,21.02.26, Ä 162.30 ,20607,F.V. SH.P.K. ,35109,M-ONE Sanitar Silikon,12,Mensuri, Ä 0.17 
F.V. SH.P.K. ,21.02.26,,20607,F.V. SH.P.K. ,35121,M-ONE Sanitar Silikon,12,Mensuri, Ä 0.17 
F.V. SH.P.K. ,21.02.26,,20607,F.V. SH.P.K. ,26736,M ONE HAFTGRUND,6,Mensuri, Ä 0.15 
F.V. SH.P.K. ,21.02.26,,20607,F.V. SH.P.K. ,50912,DICHTUNG,7,Mensuri, Ä 0.20 
F.V. SH.P.K. ,21.02.26,,20607,F.V. SH.P.K. ,55718,M ONE MOTORSTART,3,Mensuri, Ä 0.20 
AS QERAMIKA,21.02.26, Ä 554.40 ,20614,AS QERAMIKA,35113,M-ONE Sanitar Silikon,96,Mensuri, Ä 0.17 
AS QERAMIKA,21.02.26,,20614,AS QERAMIKA,35128,M-ONE Sanitar Silikon,48,Mensuri, Ä 0.17 
BULONI - SH,21.02.26, Ä 110.40 ,20624,BULONI - SH,35110,M-ONE Sanitar Silikon,12,Mensuri, Ä 0.17 
BULONI - SH,21.02.26,,20624,BULONI - SH,35128,M-ONE Sanitar Silikon,12,Mensuri, Ä 0.17 
BULONI - SH,21.02.26,,20624,BULONI - SH,31822,M ONE GOLD SPRAY,12,Mensuri, Ä 0.15 
TE ZENA,21.02.26, Ä 46.20 ,10616,TE ZENA,35121,M-ONE Sanitar Silikon,12,Qerimi, Ä 0.17 
ALBANI,21.02.26, Ä 21.00 ,10637,#N/A,44001,Fettspray,6,Qerimi, Ä 0.20 
ALBANI,21.02.26,,10635,#N/A,35128,M-ONE Sanitar Silikon,12,Qerimi, Ä 0.17 
ALBANI,21.02.26,,10635,#N/A,35109,M-ONE Sanitar Silikon,12,Qerimi, Ä 0.17 
TE KELA,21.02.26, Ä 46.00 ,10613,TE KELA,50912,DICHTUNG,5,Qerimi, Ä 0.20 
TE KELA,21.02.26,,10613,TE KELA,49644,beMAKER Rostlîser,5,Qerimi, Ä 0.20 
ALBANI,21.02.26, Ä 92.40 ,10636,#N/A,35110,M-ONE Sanitar Silikon,12,Qerimi, Ä 0.17 
ALBANI,21.02.26,,10636,#N/A,35125,M-ONE Sanitar Silikon,12,Qerimi, Ä 0.17 
KUJTA,21.02.26, Ä 46.20 ,10625,KUJTA,35108,M-ONE Sanitar Silikon,12,Qerimi, Ä 0.17 
HIDROELDI,23.02.26, Ä 92.40 ,10133,HIDROELDI,35109,M-ONE Sanitar Silikon,12,Qerimi, Ä 0.17 
HIDROELDI,23.02.26,,10133,HIDROELDI,35113,M-ONE Sanitar Silikon,12,Qerimi, Ä 0.17 
JETARI,23.02.26, Ä 46.20 ,10104,JETARI,35110,M-ONE Sanitar Silikon,12,Qerimi, Ä 0.17 
KADIJOLLET,23.02.26, Ä 138.60 ,10111,KADIJOLLET,35128,M-ONE Sanitar Silikon,12,Qerimi, Ä 0.17 
KADIJOLLET,23.02.26,,10111,KADIJOLLET,35121,M-ONE Sanitar Silikon,12,Qerimi, Ä 0.17 
KADIJOLLET,23.02.26,,10111,KADIJOLLET,35125,M-ONE Sanitar Silikon,12,Qerimi, Ä 0.17 
QELA,23.02.26, Ä 39.50 ,10114,QELA,49644,beMAKER Rostlîser,4,Qerimi, Ä 0.20 
QELA,23.02.26,,10114,QELA,44001,Fettspray,2,Qerimi, Ä 0.20 
QELA,23.02.26,,10114,QELA,55718,M ONE MOTORSTART,7,Qerimi, Ä 0.20 
BESI COM,23.02.26, Ä 46.20 ,10103,BESI COM,35119,M-ONE Sanitar Silikon,12,Qerimi, Ä 0.17 
KENA COMERC,23.02.26, Ä 184.80 ,20109,KENA COMERC,35111,M-ONE Sanitar Silikon,24,Mensuri, Ä 0.17 
KENA COMERC,23.02.26,,20109,KENA COMERC,35115,M-ONE Sanitar Silikon,12,Mensuri, Ä 0.17 
KENA COMERC,23.02.26,,20109,KENA COMERC,35110,M-ONE Sanitar Silikon,12,Mensuri, Ä 0.17 
KUQI-LKW,23.02.26, Ä 89.40 ,20102,KUQI-LKW,50912,DICHTUNG,7,Mensuri, Ä 0.20 
KUQI-LKW,23.02.26,,20102,KUQI-LKW,55718,M ONE MOTORSTART,6,Mensuri, Ä 0.20 
KUQI-LKW,23.02.26,,20102,KUQI-LKW,49644,beMAKER Rostlîser,9,Mensuri, Ä 0.20 
TERMO PROJEKT,23.02.26, Ä 69.60 ,20127,TERMO PROJEKT,66701,PROFIMONT EXTREME,12,Mensuri, Ä 0.20 
LULI-C,23.02.26, Ä 254.40 ,20126,LULI-C,35109,M-ONE Sanitar Silikon,12,Mensuri, Ä 0.17 
LULI-C,23.02.26,,20126,LULI-C,35113,M-ONE Sanitar Silikon,12,Mensuri, Ä 0.17 
LULI-C,23.02.26,,20126,LULI-C,35114,M-ONE Sanitar Silikon,12,Mensuri, Ä 0.17 
LULI-C,23.02.26,,20126,LULI-C,35121,M-ONE Sanitar Silikon,12,Mensuri, Ä 0.17 
LULI-C,23.02.26,,20126,LULI-C,66701,PROFIMONT EXTREME,12,Mensuri, Ä 0.20 
CAMA BAU,23.02.26, Ä 138.60 ,20121,CAMA BAU,35109,M-ONE Sanitar Silikon,12,Mensuri, Ä 0.17 
CAMA BAU,23.02.26,,20121,CAMA BAU,35119,M-ONE Sanitar Silikon,12,Mensuri, Ä 0.17 
CAMA BAU,23.02.26,,20121,CAMA BAU,35121,M-ONE Sanitar Silikon,12,Mensuri, Ä 0.17 
KTHIMI,23.02.26, Ä 138.60 ,20104,KTHIMI,35113,M-ONE Sanitar Silikon,24,Mensuri, Ä 0.17 
KTHIMI,23.02.26,,20104,KTHIMI,35108,M-ONE Sanitar Silikon,12,Mensuri, Ä 0.17 
ENESI,23.02.26, Ä 92.40 ,20130,ENESI,35110,M-ONE Sanitar Silikon,12,Mensuri, Ä 0.17 
ENESI,23.02.26,,20130,ENESI,35128,M-ONE Sanitar Silikon,12,Mensuri, Ä 0.17 
YLLI CONSTRUCION,23.02.26, Ä 52.00 ,40017,YLLI CONSTRUCION,35109,M-ONE Sanitar Silikon,12,0, Ä 0.17 
YLLI CONSTRUCION,23.02.26,,40017,YLLI CONSTRUCION,35115,M-ONE Sanitar Silikon,1,0, Ä 0.17 
ARBENI BIOBLIC,23.02.26, Ä 252.50 ,40003,ARBENI BIOBLIC,20001,BioBlic Universalreiniger,150,0, Ä 0.30 
ARBENI BIOBLIC,23.02.26,,40003,ARBENI BIOBLIC,30275,Blic Blic SanitÑrreiniger,40,0, Ä 0.30 
ARBENI BIOBLIC,23.02.26,,40003,ARBENI BIOBLIC,39505,M ONE SILIKON SPRAY,5,0, Ä 0.20 
FORD BASHKIMI,23.02.26, Ä 8.50 ,40002,FORD BASHKIMI,50912,DICHTUNG,1,0, Ä 0.20 
TAULANTI,24.02.26, Ä 92.40 ,10250,#N/A,35108,M-ONE Sanitar Silikon,24,Qerimi, Ä 0.17 
JETA DUHEL,24.02.26, Ä 46.20 ,10230,JETA DUHEL,35121,M-ONE Sanitar Silikon,12,Qerimi, Ä 0.17 
XHAFA,24.02.26, Ä 206.40 ,10205,XHAFA,35109,M-ONE Sanitar Silikon,12,Qerimi, Ä 0.17 
XHAFA,24.02.26,,10205,XHAFA,35121,M-ONE Sanitar Silikon,12,Qerimi, Ä 0.17 
XHAFA,24.02.26,,10205,XHAFA,35113,M-ONE Sanitar Silikon,12,Qerimi, Ä 0.17 
XHAFA,24.02.26,,10205,XHAFA,35128,M-ONE Sanitar Silikon,12,Qerimi, Ä 0.17 
XHAFA,24.02.26,,10205,XHAFA,50912,DICHTUNG,3,Qerimi, Ä 0.20 
TE BESNIKU,24.02.26, Ä 106.00 ,10201,TE BESNIKU,29802,beMaker Handwaschpaste,8,Qerimi, Ä 0.10 
TE BESNIKU,24.02.26,,10201,TE BESNIKU,35121,M-ONE Sanitar Silikon,24,Qerimi, Ä 0.17 
ARPO,24.02.26, Ä 277.20 ,10240,ARPO,35110,M-ONE Sanitar Silikon,12,Qerimi, Ä 0.17 
ARPO,24.02.26,,10240,ARPO,35111,M-ONE Sanitar Silikon,12,Qerimi, Ä 0.17 
ARPO,24.02.26,,10240,ARPO,35113,M-ONE Sanitar Silikon,12,Qerimi, Ä 0.17 
ARPO,24.02.26,,10240,ARPO,35115,M-ONE Sanitar Silikon,12,Qerimi, Ä 0.17 
ARPO,24.02.26,,10240,ARPO,35121,M-ONE Sanitar Silikon,12,Qerimi, Ä 0.17 
ARPO,24.02.26,,10240,ARPO,35125,M-ONE Sanitar Silikon,12,Qerimi, Ä 0.17 
ARPO,24.02.26,,10240,ARPO,51611,universal akryl,24,Qerimi, Ä 0.06 
TEMAJ,24.02.26, Ä 92.40 ,40019,TEMAJ,35113,M-ONE Sanitar Silikon,24,0, Ä 0.17 
QEMA,24.02.26, Ä 348.00 ,10255,QEMA,66701,PROFIMONT EXTREME,60,Qerimi, Ä 0.20 
PROSAN,24.02.26, Ä 92.40 ,20210,PROSAN,35110,M-ONE Sanitar Silikon,24,Mensuri, Ä 0.17 
GER COLORS,24.02.26, Ä 80.00 ,20223,GER COLORS,12000,BAU CLEAN,10,Mensuri, Ä 0.50 
LETAJ,24.02.26, Ä 190.20 ,20209,LETAJ,35110,M-ONE Sanitar Silikon,12,Mensuri, Ä 0.17 
LETAJ,24.02.26,,20209,LETAJ,35111,M-ONE Sanitar Silikon,12,Mensuri, Ä 0.17 
LETAJ,24.02.26,,20209,LETAJ,35114,M-ONE Sanitar Silikon,12,Mensuri, Ä 0.17 
LETAJ,24.02.26,,20209,LETAJ,49644,beMAKER Rostlîser,12,Mensuri, Ä 0.20 
LETAJ,24.02.26,,20209,LETAJ,51612,struktural akryl,12,Mensuri, Ä 0.06 
GER COLORS,24.02.26, Ä 208.20 ,20223,GER COLORS,66701,PROFIMONT EXTREME,12,Mensuri, Ä 0.20 
GER COLORS,24.02.26,,20223,GER COLORS,35108,M-ONE Sanitar Silikon,12,Mensuri, Ä 0.17 
GER COLORS,24.02.26,,20223,GER COLORS,35121,M-ONE Sanitar Silikon,12,Mensuri, Ä 0.17 
GER COLORS,24.02.26,,20223,GER COLORS,35125,M-ONE Sanitar Silikon,12,Mensuri, Ä 0.17 
INOX 2,24.02.26, Ä 138.60 ,20212,INOX 2,35108,M-ONE Sanitar Silikon,12,Mensuri, Ä 0.17 
INOX 2,24.02.26,,20212,INOX 2,35109,M-ONE Sanitar Silikon,12,Mensuri, Ä 0.17 
INOX 2,24.02.26,,20212,INOX 2,35121,M-ONE Sanitar Silikon,12,Mensuri, Ä 0.17 
V. GJONAJ,24.02.26, Ä 115.80 ,20208,V. GJONAJ,35113,M-ONE Sanitar Silikon,12,Mensuri, Ä 0.17 
V. GJONAJ,24.02.26,,20208,V. GJONAJ,66701,PROFIMONT EXTREME,12,Mensuri, Ä 0.20 
AFRIMI-AG,24.02.26, Ä 232.80 ,20203,AFRIMI-AG,35110,M-ONE Sanitar Silikon,12,Mensuri, Ä 0.17 
AFRIMI-AG,24.02.26,,20203,AFRIMI-AG,35111,M-ONE Sanitar Silikon,12,Mensuri, Ä 0.17 
AFRIMI-AG,24.02.26,,20203,AFRIMI-AG,35113,M-ONE Sanitar Silikon,12,Mensuri, Ä 0.17 
AFRIMI-AG,24.02.26,,20203,AFRIMI-AG,35128,M-ONE Sanitar Silikon,12,Mensuri, Ä 0.17 
AFRIMI-AG,24.02.26,,20203,AFRIMI-AG,56117,M ONE UBS,12,Mensuri, Ä 0.20 
TE BESIMI,24.02.26, Ä 154.60 ,20201,TE BESIMI,35110,M-ONE Sanitar Silikon,12,Mensuri, Ä 0.17 
TE BESIMI,24.02.26,,20201,TE BESIMI,35111,M-ONE Sanitar Silikon,12,Mensuri, Ä 0.17 
TE BESIMI,24.02.26,,20201,TE BESIMI,35115,M-ONE Sanitar Silikon,12,Mensuri, Ä 0.17 
TE BESIMI,24.02.26,,20201,TE BESIMI,50912,DICHTUNG,2,Mensuri, Ä 0.20 
ERENIKU,24.02.26, Ä 92.40 ,20206,ERENIKU,35109,M-ONE Sanitar Silikon,12,Mensuri, Ä 0.17 
ERENIKU,24.02.26,,20206,ERENIKU,35125,M-ONE Sanitar Silikon,12,Mensuri, Ä 0.17 
EUROSAN,25.02.26, Ä 36.00 ,10304,EUROSAN,20001,BioBlic Universalreiniger,10,Qerimi, Ä 0.30 
EUROSAN,25.02.26,,10304,EUROSAN,30276,Bio Blic Antikalk,10,Qerimi, Ä 0.30 
BURIMI,25.02.26, Ä 46.20 ,10330,BURIMI,35110,M-ONE Sanitar Silikon,12,Qerimi, Ä 0.17 
DARDANIA,25.02.26, Ä 92.40 ,10332,DARDANIA,35113,M-ONE Sanitar Silikon,12,Qerimi, Ä 0.17 
DARDANIA,25.02.26,,10332,DARDANIA,35121,M-ONE Sanitar Silikon,12,Qerimi, Ä 0.17 
FUNDAMETI,25.02.26, Ä 46.20 ,10301,FUNDAMETI,35113,M-ONE Sanitar Silikon,12,Qerimi, Ä 0.17 
BALLKANI,25.02.26, Ä 138.60 ,10350,BALLKANI,35121,M-ONE Sanitar Silikon,24,Qerimi, Ä 0.17 
BALLKANI,25.02.26,,10350,BALLKANI,35128,M-ONE Sanitar Silikon,12,Qerimi, Ä 0.17 
SMIRA,25.02.26, Ä 92.40 ,10352,SMIRA,35109,M-ONE Sanitar Silikon,12,Qerimi, Ä 0.17 
SMIRA,25.02.26,,10352,SMIRA,35110,M-ONE Sanitar Silikon,12,Qerimi, Ä 0.17 
BEKA-2,25.02.26, Ä 46.00 ,10317,BEKA-2,50912,DICHTUNG,5,Qerimi, Ä 0.20 
BEKA-2,25.02.26,,10317,BEKA-2,49644,beMAKER Rostlîser,5,Qerimi, Ä 0.20 
TINA,25.02.26, Ä 92.40 ,10344,TINA,35108,M-ONE Sanitar Silikon,12,Qerimi, Ä 0.17 
TINA,25.02.26,,10344,TINA,35113,M-ONE Sanitar Silikon,12,Qerimi, Ä 0.17 
ERALP,25.02.26, Ä 46.20 ,10308,ERALP,35121,M-ONE Sanitar Silikon,12,Qerimi, Ä 0.17 
KETI VEE SHPK,25.02.26, Ä 92.40 ,10365,KETI VEE SHPK,35125,M-ONE Sanitar Silikon,24,Qerimi, Ä 0.17 
HAZROLLI,25.02.26, Ä 162.00 ,20301,HAZROLLI,35110,M-ONE Sanitar Silikon,24,Mensuri, Ä 0.17 
HAZROLLI,25.02.26,,20301,HAZROLLI,66701,PROFIMONT EXTREME,12,Mensuri, Ä 0.20 
CONDOR,25.02.26, Ä 402.00 ,20307,CONDOR,35109,M-ONE Sanitar Silikon,24,Mensuri, Ä 0.17 
CONDOR,25.02.26,,20307,CONDOR,35110,M-ONE Sanitar Silikon,24,Mensuri, Ä 0.17 
CONDOR,25.02.26,,20307,CONDOR,35113,M-ONE Sanitar Silikon,12,Mensuri, Ä 0.17 
CONDOR,25.02.26,,20307,CONDOR,35128,M-ONE Sanitar Silikon,12,Mensuri, Ä 0.17 
CONDOR,25.02.26,,20307,CONDOR,51612,struktural akryl,24,Mensuri, Ä 0.06 
CONDOR,25.02.26,,20307,CONDOR,66701,PROFIMONT EXTREME,12,Mensuri, Ä 0.20 
BARDHI-M,25.02.26, Ä 92.40 ,20331,BARDHI-M,35111,M-ONE Sanitar Silikon,12,Mensuri, Ä 0.17 
BARDHI-M,25.02.26,,20331,BARDHI-M,35121,M-ONE Sanitar Silikon,12,Mensuri, Ä 0.17 
FITIMI,25.02.26, Ä 138.60 ,20306,FITIMI,35110,M-ONE Sanitar Silikon,12,Mensuri, Ä 0.17 
FITIMI,25.02.26,,20306,FITIMI,35115,M-ONE Sanitar Silikon,12,Mensuri, Ä 0.17 
FITIMI,25.02.26,,20306,FITIMI,35121,M-ONE Sanitar Silikon,12,Mensuri, Ä 0.17 
DURGUTI 3,25.02.26, Ä 92.40 ,20313,DURGUTI 3,35109,M-ONE Sanitar Silikon,12,Mensuri, Ä 0.17 
DURGUTI 3,25.02.26,,20313,DURGUTI 3,35121,M-ONE Sanitar Silikon,12,Mensuri, Ä 0.17 
SHEHU-A,25.02.26, Ä 86.40 ,20317,SHEHU-A,50912,DICHTUNG,12,Mensuri, Ä 0.20 
ARTURI,25.02.26, Ä 110.40 ,20328,ARTURI,35109,M-ONE Sanitar Silikon,12,Mensuri, Ä 0.17 
ARTURI,25.02.26,,20328,ARTURI,35110,M-ONE Sanitar Silikon,12,Mensuri, Ä 0.17 
ARTURI,25.02.26,,20328,ARTURI,31818,M ONE ANTHRAZIT,12,Mensuri, Ä 0.15 
NDRIQIMI,26.02.26, Ä 92.40 ,10418,NDRIQIMI,35109,M-ONE Sanitar Silikon,12,Qerimi, Ä 0.17 
NDRIQIMI,26.02.26,,10418,NDRIQIMI,35113,M-ONE Sanitar Silikon,12,Qerimi, Ä 0.17 
AGRONI,26.02.26, Ä 18.00 ,10406,AGRONI,39505,M ONE SILIKON SPRAY,2,Qerimi, Ä 0.20 
AGRONI,26.02.26,,10406,AGRONI,49644,beMAKER Rostlîser,6,Qerimi, Ä 0.20 
GRANITI,26.02.26, Ä 277.20 ,10410,GRANITI,35125,M-ONE Sanitar Silikon,24,Qerimi, Ä 0.17 
GRANITI,26.02.26,,10410,GRANITI,35109,M-ONE Sanitar Silikon,12,Qerimi, Ä 0.17 
GRANITI,26.02.26,,10410,GRANITI,35111,M-ONE Sanitar Silikon,12,Qerimi, Ä 0.17 
GRANITI,26.02.26,,10410,GRANITI,35115,M-ONE Sanitar Silikon,12,Qerimi, Ä 0.17 
GRANITI,26.02.26,,10410,GRANITI,35119,M-ONE Sanitar Silikon,12,Qerimi, Ä 0.17 
DRCOR,26.02.26, Ä 46.20 ,10401,DRCOR,35115,M-ONE Sanitar Silikon,12,Qerimi, Ä 0.17 
YLLI CONSTRUCION,27.02.26, Ä 20.00 ,40017,YLLI CONSTRUCION,35121,M-ONE Sanitar Silikon,5,0, Ä 0.17 
PROCOM,27.02.26, Ä 46.20 ,10502,PROCOM,35110,M-ONE Sanitar Silikon,12,Qerimi, Ä 0.17 
CARRALEVA 1,27.02.26, Ä 184.80 ,10504,CARRALEVA 1,35121,M-ONE Sanitar Silikon,12,Qerimi, Ä 0.17 
CARRALEVA 1,27.02.26,,10504,CARRALEVA 1,35110,M-ONE Sanitar Silikon,12,Qerimi, Ä 0.17 
CARRALEVA 1,27.02.26,,10504,CARRALEVA 1,35115,M-ONE Sanitar Silikon,24,Qerimi, Ä 0.17 
MULI,27.02.26, Ä 92.40 ,10511,MULI,35108,M-ONE Sanitar Silikon,12,Qerimi, Ä 0.17 
MULI,27.02.26,,10511,MULI,35121,M-ONE Sanitar Silikon,12,Qerimi, Ä 0.17 
BALLKANI,27.02.26, Ä 46.20 ,10350,BALLKANI,35128,M-ONE Sanitar Silikon,24,Qerimi, Ä 0.17 
ARDI LIPJAN,27.02.26, Ä 106.40 ,10529,ARDI LIPJAN,50912,DICHTUNG,12,Qerimi, Ä 0.20 
ARDI LIPJAN,27.02.26,,10529,ARDI LIPJAN,55718,M ONE MOTORSTART,4,Qerimi, Ä 0.20 
ARDI LIPJAN,27.02.26,,10529,ARDI LIPJAN,16936,M ONE FELGENSILBER,3,Qerimi, Ä 0.15 
REAL COLOR 2,27.02.26, Ä 92.40 ,10507,REAL COLOR 2,35110,M-ONE Sanitar Silikon,12,Qerimi, Ä 0.17 
REAL COLOR 2,27.02.26,,10507,REAL COLOR 2,35128,M-ONE Sanitar Silikon,12,Qerimi, Ä 0.17 
PROCOM,27.02.26, Ä 46.20 ,10502,PROCOM,35113,M-ONE Sanitar Silikon,12,Qerimi, Ä 0.17 
LONI,27.02.26, Ä 36.00 ,10509,LONI,50912,DICHTUNG,5,Qerimi, Ä 0.20 
RACI,27.02.26, Ä 69.60 ,20501,RACI,66701,PROFIMONT EXTREME,12,Mensuri, Ä 0.20 
LIRIDONA KLINE,27.02.26, Ä 92.40 ,20511,LIRIDONA KLINE,35121,M-ONE Sanitar Silikon,24,Mensuri, Ä 0.17 
LIRIDONA HOME,27.02.26, Ä 115.80 ,20508,LIRIDONA HOME,35115,M-ONE Sanitar Silikon,12,Mensuri, Ä 0.17 
LIRIDONA HOME,27.02.26,,20508,LIRIDONA HOME,66701,PROFIMONT EXTREME,12,Mensuri, Ä 0.20 
BYTYQI-V,27.02.26, Ä 101.40 ,20510,BYTYQI-V,35128,M-ONE Sanitar Silikon,12,Mensuri, Ä 0.17 
BYTYQI-V,27.02.26,,20510,BYTYQI-V,51612,struktural akryl,24,Mensuri, Ä 0.06 
LIRIDONA-A,27.02.26, Ä 138.60 ,20515,LIRIDONA-A,35108,M-ONE Sanitar Silikon,12,Mensuri, Ä 0.17 
LIRIDONA-A,27.02.26,,20515,LIRIDONA-A,35111,M-ONE Sanitar Silikon,12,Mensuri, Ä 0.17 
LIRIDONA-A,27.02.26,,20515,LIRIDONA-A,35125,M-ONE Sanitar Silikon,12,Mensuri, Ä 0.17 
TE BENI,27.02.26, Ä 138.60 ,20407,TE BENI,35108,M-ONE Sanitar Silikon,12,Mensuri, Ä 0.17 
TE BENI,27.02.26,,20407,TE BENI,35121,M-ONE Sanitar Silikon,12,Mensuri, Ä 0.17 
TE BENI,27.02.26,,20407,TE BENI,35115,M-ONE Sanitar Silikon,12,Mensuri, Ä 0.17 
MEGI,27.02.26, Ä 107.40 ,20406,MEGI,50912,DICHTUNG,12,Mensuri, Ä 0.20 
MEGI,27.02.26,,20406,MEGI,55718,M ONE MOTORSTART,6,Mensuri, Ä 0.20 
A.P. HOTI,27.02.26, Ä 81.40 ,20408,A.P. HOTI,50912,DICHTUNG,7,Mensuri, Ä 0.20 
A.P. HOTI,27.02.26,,20408,A.P. HOTI,44001,Fettspray,6,Mensuri, Ä 0.20 
A.P. HOTI,27.02.26,,20408,A.P. HOTI,49644,beMAKER Rostlîser,5,Mensuri, Ä 0.20 
TERMIKA,27.02.26, Ä 99.40 ,20403,TERMIKA,35109,M-ONE Sanitar Silikon,12,Mensuri, Ä 0.17 
TERMIKA,27.02.26,,20403,TERMIKA,35113,M-ONE Sanitar Silikon,12,Mensuri, Ä 0.17 
TERMIKA,27.02.26,,20403,TERMIKA,44001,Fettspray,2,Mensuri, Ä 0.20 
ALBANI,28.02.26, Ä 46.20 ,10636,#N/A,35121,M-ONE Sanitar Silikon,12,Qerimi, Ä 0.17 
HOXHA,28.02.26, Ä 40.00 ,10622,HOXHA,54412,beMAKER Bremsen&Teile Reininger,16,Qerimi, Ä 0.20 
HOXHA,28.02.26,,10622,HOXHA,49644,beMAKER Rostlîser,4,Qerimi, Ä 0.20 
ALBANI,28.02.26, Ä 46.20 ,10635,#N/A,35109,M-ONE Sanitar Silikon,12,Qerimi, Ä 0.17 
ALBANI,28.02.26,,10637,#N/A,50912,DICHTUNG,12,Qerimi, Ä 0.20 
KUJTA,28.02.26, Ä 184.80 ,10625,KUJTA,35113,M-ONE Sanitar Silikon,12,Qerimi, Ä 0.17 
KUJTA,28.02.26,,10625,KUJTA,35114,M-ONE Sanitar Silikon,12,Qerimi, Ä 0.17 
KUJTA,28.02.26,,10625,KUJTA,35115,M-ONE Sanitar Silikon,12,Qerimi, Ä 0.17 
KUJTA,28.02.26,,10625,KUJTA,35125,M-ONE Sanitar Silikon,12,Qerimi, Ä 0.17 
PROMOIN,28.02.26, Ä 126.00 ,20603,PROMOIN,35114,M-ONE Sanitar Silikon,24,Mensuri, Ä 0.17 
PROMOIN,28.02.26,,20603,PROMOIN,51612,struktural akryl,12,Mensuri, Ä 0.06 
PROMOIN,28.02.26,,20603,PROMOIN,49644,beMAKER Rostlîser,3,Mensuri, Ä 0.20 
ILIRI QERAMIKA,28.02.26, Ä 184.80 ,20622,ILIRI QERAMIKA,35109,M-ONE Sanitar Silikon,12,Mensuri, Ä 0.17 
ILIRI QERAMIKA,28.02.26,,20622,ILIRI QERAMIKA,35113,M-ONE Sanitar Silikon,12,Mensuri, Ä 0.17 
ILIRI QERAMIKA,28.02.26,,20622,ILIRI QERAMIKA,35121,M-ONE Sanitar Silikon,24,Mensuri, Ä 0.17 
UNIKA,28.02.26, Ä 138.60 ,20627,UNIKA,35111,M-ONE Sanitar Silikon,12,Mensuri, Ä 0.17 
UNIKA,28.02.26,,20627,UNIKA,35113,M-ONE Sanitar Silikon,12,Mensuri, Ä 0.17 
UNIKA,28.02.26,,20627,UNIKA,35121,M-ONE Sanitar Silikon,12,Mensuri, Ä 0.17 
ALFA-QERAMIKA,28.02.26, Ä 184.80 ,20604,ALFA-QERAMIKA,35110,M-ONE Sanitar Silikon,12,Mensuri, Ä 0.17 
ALFA-QERAMIKA,28.02.26,,20604,ALFA-QERAMIKA,35111,M-ONE Sanitar Silikon,24,Mensuri, Ä 0.17 
ALFA-QERAMIKA,28.02.26,,20604,ALFA-QERAMIKA,35121,M-ONE Sanitar Silikon,12,Mensuri, Ä 0.17 
AGRO-XHETI,28.02.26, Ä 401.60 ,20610,AGRO-XHETI,35125,M-ONE Sanitar Silikon,12,Mensuri, Ä 0.17 
AGRO-XHETI,28.02.26,,20610,AGRO-XHETI,35128,M-ONE Sanitar Silikon,12,Mensuri, Ä 0.17 
AGRO-XHETI,28.02.26,,20610,AGRO-XHETI,35119,M-ONE Sanitar Silikon,12,Mensuri, Ä 0.17 
AGRO-XHETI,28.02.26,,20610,AGRO-XHETI,35114,M-ONE Sanitar Silikon,24,Mensuri, Ä 0.17 
AGRO-XHETI,28.02.26,,20610,AGRO-XHETI,35121,M-ONE Sanitar Silikon,12,Mensuri, Ä 0.17 
AGRO-XHETI,28.02.26,,20610,AGRO-XHETI,35113,M-ONE Sanitar Silikon,12,Mensuri, Ä 0.17 
AGRO-XHETI,28.02.26,,20610,AGRO-XHETI,35109,M-ONE Sanitar Silikon,12,Mensuri, Ä 0.17 
AGRO-XHETI,28.02.26,,20610,AGRO-XHETI,35111,M-ONE Sanitar Silikon,12,Mensuri, Ä 0.17 
AGRO-XHETI,28.02.26,,20610,AGRO-XHETI,50912,DICHTUNG,4,Mensuri, Ä 0.20 
GLOBAL TOOLS,28.02.26, Ä 600.60 ,20632,GLOBAL TOOLS,35125,M-ONE Sanitar Silikon,36,Mensuri, Ä 0.17 
GLOBAL TOOLS,28.02.26,,20632,GLOBAL TOOLS,35113,M-ONE Sanitar Silikon,24,Mensuri, Ä 0.17 
GLOBAL TOOLS,28.02.26,,20632,GLOBAL TOOLS,35109,M-ONE Sanitar Silikon,24,Mensuri, Ä 0.17 
GLOBAL TOOLS,28.02.26,,20632,GLOBAL TOOLS,35111,M-ONE Sanitar Silikon,24,Mensuri, Ä 0.17 
GLOBAL TOOLS,28.02.26,,20632,GLOBAL TOOLS,35128,M-ONE Sanitar Silikon,24,Mensuri, Ä 0.17 
GLOBAL TOOLS,28.02.26,,20632,GLOBAL TOOLS,35115,M-ONE Sanitar Silikon,12,Mensuri, Ä 0.17 
GLOBAL TOOLS,28.02.26,,20632,GLOBAL TOOLS,35121,M-ONE Sanitar Silikon,12,Mensuri, Ä 0.17 
TE-SYLA,28.02.26, Ä 100.40 ,20606,TE-SYLA,35110,M-ONE Sanitar Silikon,12,Mensuri, Ä 0.17 
TE-SYLA,28.02.26,,20606,TE-SYLA,35111,M-ONE Sanitar Silikon,12,Mensuri, Ä 0.17 
TE-SYLA,28.02.26,,20606,TE-SYLA,56117,M ONE UBS,2,Mensuri, Ä 0.20 
BULONI - SH,28.02.26, Ä 138.60 ,20624,BULONI - SH,35115,M-ONE Sanitar Silikon,24,Mensuri, Ä 0.17 
BULONI - SH,28.02.26,,20624,BULONI - SH,35119,M-ONE Sanitar Silikon,12,Mensuri, Ä 0.17 
MIX-B,28.02.26, Ä 166.20 ,20615,MIX-B,35110,M-ONE Sanitar Silikon,12,Mensuri, Ä 0.17 
MIX-B,28.02.26,,20615,MIX-B,35115,M-ONE Sanitar Silikon,12,Mensuri, Ä 0.17 
MIX-B,28.02.26,,20615,MIX-B,35121,M-ONE Sanitar Silikon,12,Mensuri, Ä 0.17 
MIX-B,28.02.26,,20615,MIX-B,51612,struktural akryl,12,Mensuri, Ä 0.06 
M ONE,02.03.26, Ä 35.00 ,blq,M ONE,35108,M-ONE Sanitar Silikon,7,KIM TEC, Ä 0.17 
HIDROELDI,02.03.26, Ä 46.20 ,10133,HIDROELDI,35109,M-ONE Sanitar Silikon,12,Qerimi, Ä 0.17 
QELA,02.03.26, Ä 47.20 ,10114,QELA,50912,DICHTUNG,6,Qerimi, Ä 0.20 
QELA,02.03.26,,10114,QELA,49644,beMAKER Rostlîser,2,Qerimi, Ä 0.20 
KADIJOLLET,02.03.26, Ä 138.60 ,10111,KADIJOLLET,35110,M-ONE Sanitar Silikon,12,Qerimi, Ä 0.17 
KADIJOLLET,02.03.26,,10111,KADIJOLLET,35111,M-ONE Sanitar Silikon,12,Qerimi, Ä 0.17 
KADIJOLLET,02.03.26,,10111,KADIJOLLET,35121,M-ONE Sanitar Silikon,12,Qerimi, Ä 0.17 
BESI COM,02.03.26, Ä 92.40 ,10103,BESI COM,35113,M-ONE Sanitar Silikon,12,Qerimi, Ä 0.17 
BESI COM,02.03.26,,10103,BESI COM,35115,M-ONE Sanitar Silikon,12,Qerimi, Ä 0.17 
JETARI,02.03.26, Ä 60.20 ,10104,JETARI,35109,M-ONE Sanitar Silikon,12,Qerimi, Ä 0.17 
JETARI,02.03.26,,10104,JETARI,44001,Fettspray,4,Qerimi, Ä 0.20 
KADIJOLLET,02.03.26, Ä 21.60 ,10111,KADIJOLLET,50912,DICHTUNG,3,Qerimi, Ä 0.20 
TAULANTI,03.03.26, Ä 277.20 ,10250,#N/A,35108,M-ONE Sanitar Silikon,72,Qerimi, Ä 0.17 
AB SHPK,03.03.26, Ä 55.20 ,10241,AB SHPK,51612,struktural akryl,24,Qerimi, Ä 0.06 
BEK TRADE,03.03.26, Ä 138.60 ,10245,BEK TRADE,35109,M-ONE Sanitar Silikon,24,Qerimi, Ä 0.17 
BEK TRADE,03.03.26,,10245,BEK TRADE,35121,M-ONE Sanitar Silikon,12,Qerimi, Ä 0.17 
ARPO,03.03.26, Ä 277.20 ,10240,ARPO,35109,M-ONE Sanitar Silikon,36,Qerimi, Ä 0.17 
ARPO,03.03.26,,10240,ARPO,35110,M-ONE Sanitar Silikon,12,Qerimi, Ä 0.17 
ARPO,03.03.26,,10240,ARPO,35128,M-ONE Sanitar Silikon,12,Qerimi, Ä 0.17 
ARPO,03.03.26,,10240,ARPO,35108,M-ONE Sanitar Silikon,12,Qerimi, Ä 0.17 
XHAFA,03.03.26, Ä 92.40 ,10205,XHAFA,35109,M-ONE Sanitar Silikon,12,Qerimi, Ä 0.17 
XHAFA,03.03.26,,10205,XHAFA,35113,M-ONE Sanitar Silikon,12,Qerimi, Ä 0.17 
JETA DUHEL,03.03.26, Ä 92.40 ,10230,JETA DUHEL,35121,M-ONE Sanitar Silikon,12,Qerimi, Ä 0.17 
JETA DUHEL,03.03.26,,10230,JETA DUHEL,35109,M-ONE Sanitar Silikon,12,Qerimi, Ä 0.17 
TEMAJ,03.03.26, Ä 138.00 ,40019,TEMAJ,35108,M-ONE Sanitar Silikon,12,0, Ä 0.17 
TEMAJ,03.03.26,,40019,TEMAJ,35109,M-ONE Sanitar Silikon,12,0, Ä 0.17 
TEMAJ,03.03.26,,40019,TEMAJ,35119,M-ONE Sanitar Silikon,12,0, Ä 0.17 
GACAFERI-RG,03.03.26, Ä 344.80 ,20205,GACAFERI-RG,35109,M-ONE Sanitar Silikon,12,Mensuri, Ä 0.17 
GACAFERI-RG,03.03.26,,20205,GACAFERI-RG,35110,M-ONE Sanitar Silikon,12,Mensuri, Ä 0.17 
GACAFERI-RG,03.03.26,,20205,GACAFERI-RG,35111,M-ONE Sanitar Silikon,12,Mensuri, Ä 0.17 
GACAFERI-RG,03.03.26,,20205,GACAFERI-RG,35113,M-ONE Sanitar Silikon,12,Mensuri, Ä 0.17 
GACAFERI-RG,03.03.26,,20205,GACAFERI-RG,35115,M-ONE Sanitar Silikon,12,Mensuri, Ä 0.17 
GACAFERI-RG,03.03.26,,20205,GACAFERI-RG,35125,M-ONE Sanitar Silikon,12,Mensuri, Ä 0.17 
GACAFERI-RG,03.03.26,,20205,GACAFERI-RG,51612,struktural akryl,12,Mensuri, Ä 0.06 
GACAFERI-RG,03.03.26,,20205,GACAFERI-RG,56117,M ONE UBS,6,Mensuri, Ä 0.20 
GACAFERI-RG,03.03.26,,20205,GACAFERI-RG,50912,DICHTUNG,2,Mensuri, Ä 0.20 
LETAJ,03.03.26, Ä 184.80 ,20209,LETAJ,35108,M-ONE Sanitar Silikon,24,Mensuri, Ä 0.17 
LETAJ,03.03.26,,20209,LETAJ,35109,M-ONE Sanitar Silikon,12,Mensuri, Ä 0.17 
LETAJ,03.03.26,,20209,LETAJ,35128,M-ONE Sanitar Silikon,12,Mensuri, Ä 0.17 
INOX 2,03.03.26, Ä 139.20 ,20212,INOX 2,66701,PROFIMONT EXTREME,24,Mensuri, Ä 0.20 
GER COLORS,03.03.26, Ä 138.60 ,20223,GER COLORS,35110,M-ONE Sanitar Silikon,12,Mensuri, Ä 0.17 
GER COLORS,03.03.26,,20223,GER COLORS,35111,M-ONE Sanitar Silikon,12,Mensuri, Ä 0.17 
GER COLORS,03.03.26,,20223,GER COLORS,35121,M-ONE Sanitar Silikon,12,Mensuri, Ä 0.17 
HB-DECOR,03.03.26, Ä 139.20 ,20228,HB-DECOR,66701,PROFIMONT EXTREME,24,Mensuri, Ä 0.20 
INOX 1,03.03.26, Ä 92.40 ,20211,INOX 1,35108,M-ONE Sanitar Silikon,12,Mensuri, Ä 0.17 
INOX 1,03.03.26,,20211,INOX 1,35109,M-ONE Sanitar Silikon,12,Mensuri, Ä 0.17 
V. GJONAJ,03.03.26, Ä 92.40 ,20208,V. GJONAJ,35110,M-ONE Sanitar Silikon,12,Mensuri, Ä 0.17 
V. GJONAJ,03.03.26,,20208,V. GJONAJ,35111,M-ONE Sanitar Silikon,12,Mensuri, Ä 0.17 
ERENIKU,03.03.26, Ä 120.00 ,20206,ERENIKU,35109,M-ONE Sanitar Silikon,12,Mensuri, Ä 0.17 
ERENIKU,03.03.26,,20206,ERENIKU,35113,M-ONE Sanitar Silikon,12,Mensuri, Ä 0.17 
ERENIKU,03.03.26,,20206,ERENIKU,51612,struktural akryl,12,Mensuri, Ä 0.06 
KENA COMERC,03.03.26, Ä 139.20 ,20109,KENA COMERC,66701,PROFIMONT EXTREME,24,Mensuri, Ä 0.20 
KENA COMERC,03.03.26,,20109,KENA COMERC,35114,M-ONE Sanitar Silikon,12,Mensuri, Ä 0.17 
KENA COMERC,03.03.26,,20109,KENA COMERC,35125,M-ONE Sanitar Silikon,12,Mensuri, Ä 0.17 
TE GZIMI,03.03.26, Ä 37.00 ,20101,TE GZIMI,49644,beMAKER Rostlîser,7,Mensuri, Ä 0.20 
TE GZIMI,03.03.26,,20101,TE GZIMI,50912,DICHTUNG,2,Mensuri, Ä 0.20 
TE GZIMI,03.03.26,,20101,TE GZIMI,44001,Fettspray,2,Mensuri, Ä 0.20 
LULI-C,03.03.26, Ä 184.80 ,20126,LULI-C,35108,M-ONE Sanitar Silikon,12,Mensuri, Ä 0.17 
LULI-C,03.03.26,,20126,LULI-C,35110,M-ONE Sanitar Silikon,12,Mensuri, Ä 0.17 
LULI-C,03.03.26,,20126,LULI-C,35111,M-ONE Sanitar Silikon,12,Mensuri, Ä 0.17 
LULI-C,03.03.26,,20126,LULI-C,35125,M-ONE Sanitar Silikon,12,Mensuri, Ä 0.17 
ARBENI BIOBLIC,03.03.26, Ä 249.00 ,40003,ARBENI BIOBLIC,20001,BioBlic Universalreiniger,140,0, Ä 0.30 
ARBENI BIOBLIC,03.03.26,,40003,ARBENI BIOBLIC,30275,Blic Blic SanitÑrreiniger,60,0, Ä 0.30 
M ONE,04.03.26, Ä 9.00 ,blq,M ONE,66701,PROFIMONT EXTREME,1,KIM TEC, Ä 0.20 
FORD BASHKIMI,04.03.26, Ä 24.00 ,40002,FORD BASHKIMI,54412,beMAKER Bremsen&Teile Reininger,12,0, Ä 0.20 
INTERCOM NTP,04.03.26, Ä 138.60 ,10343,INTERCOM NTP,35109,M-ONE Sanitar Silikon,24,Qerimi, Ä 0.17 
INTERCOM NTP,04.03.26,,10343,INTERCOM NTP,35113,M-ONE Sanitar Silikon,12,Qerimi, Ä 0.17 
BALLKANI,04.03.26, Ä 184.80 ,10350,BALLKANI,35121,M-ONE Sanitar Silikon,24,Qerimi, Ä 0.17 
BALLKANI,04.03.26,,10350,BALLKANI,35113,M-ONE Sanitar Silikon,12,Qerimi, Ä 0.17 
BALLKANI,04.03.26,,10350,BALLKANI,35115,M-ONE Sanitar Silikon,12,Qerimi, Ä 0.17 
TREND CERAMIKA,04.03.26, Ä 46.20 ,10353,TREND CERAMIKA,35109,M-ONE Sanitar Silikon,12,Qerimi, Ä 0.17 
BEKA-3,04.03.26, Ä 46.00 ,10323,BEKA-3,50912,DICHTUNG,5,Qerimi, Ä 0.20 
BEKA-3,04.03.26,,10323,BEKA-3,49644,beMAKER Rostlîser,5,Qerimi, Ä 0.20 
DARDANIA,04.03.26, Ä 92.40 ,10332,DARDANIA,35125,M-ONE Sanitar Silikon,12,Qerimi, Ä 0.17 
DARDANIA,04.03.26,,10332,DARDANIA,35121,M-ONE Sanitar Silikon,12,Qerimi, Ä 0.17 
ELIONI-1,04.03.26, Ä 138.60 ,10306,ELIONI-1,35125,M-ONE Sanitar Silikon,12,Qerimi, Ä 0.17 
ELIONI-1,04.03.26,,10306,ELIONI-1,35111,M-ONE Sanitar Silikon,12,Qerimi, Ä 0.17 
ELIONI-1,04.03.26,,10306,ELIONI-1,35113,M-ONE Sanitar Silikon,12,Qerimi, Ä 0.17 
EUROSAN,04.03.26, Ä 92.40 ,10304,EUROSAN,35109,M-ONE Sanitar Silikon,12,Qerimi, Ä 0.17 
EUROSAN,04.03.26,,10304,EUROSAN,35111,M-ONE Sanitar Silikon,12,Qerimi, Ä 0.17 
HAZROLLI,04.03.26, Ä 56.40 ,20301,HAZROLLI,30276,Bio Blic Antikalk,20,Mensuri, Ä 0.30 
HAZROLLI,04.03.26,,20301,HAZROLLI,29802,beMaker Handwaschpaste,12,Mensuri, Ä 0.10 
CONDOR,04.03.26, Ä 245.60 ,20307,CONDOR,66701,PROFIMONT EXTREME,12,Mensuri, Ä 0.20 
CONDOR,04.03.26,,20307,CONDOR,35119,M-ONE Sanitar Silikon,12,Mensuri, Ä 0.17 
CONDOR,04.03.26,,20307,CONDOR,35115,M-ONE Sanitar Silikon,12,Mensuri, Ä 0.17 
CONDOR,04.03.26,,20307,CONDOR,51612,struktural akryl,12,Mensuri, Ä 0.06 
CONDOR,04.03.26,,20307,CONDOR,54412,beMAKER Bremsen&Teile Reininger,12,Mensuri, Ä 0.20 
CONDOR,04.03.26,,20307,CONDOR,50912,DICHTUNG,4,Mensuri, Ä 0.20 
BARDHI-M,04.03.26, Ä 231.00 ,20331,BARDHI-M,35121,M-ONE Sanitar Silikon,24,Mensuri, Ä 0.17 
BARDHI-M,04.03.26,,20331,BARDHI-M,35108,M-ONE Sanitar Silikon,12,Mensuri, Ä 0.17 
BARDHI-M,04.03.26,,20331,BARDHI-M,35109,M-ONE Sanitar Silikon,12,Mensuri, Ä 0.17 
BARDHI-M,04.03.26,,20331,BARDHI-M,35115,M-ONE Sanitar Silikon,12,Mensuri, Ä 0.17 
BEREQETI,04.03.26, Ä 147.60 ,20321,BEREQETI,35121,M-ONE Sanitar Silikon,24,Mensuri, Ä 0.17 
BEREQETI,04.03.26,,20321,BEREQETI,51612,struktural akryl,24,Mensuri, Ä 0.06 
HYSENAJ,04.03.26, Ä 193.80 ,20322,HYSENAJ,35109,M-ONE Sanitar Silikon,24,Mensuri, Ä 0.17 
HYSENAJ,04.03.26,,20322,HYSENAJ,35111,M-ONE Sanitar Silikon,12,Mensuri, Ä 0.17 
HYSENAJ,04.03.26,,20322,HYSENAJ,51612,struktural akryl,24,Mensuri, Ä 0.06 
NDRIQIMI,05.03.26, Ä 184.80 ,10418,NDRIQIMI,35110,M-ONE Sanitar Silikon,24,Qerimi, Ä 0.17 
NDRIQIMI,05.03.26,,10418,NDRIQIMI,35128,M-ONE Sanitar Silikon,24,Qerimi, Ä 0.17 
UNIVERZAL,05.03.26, Ä 67.20 ,10413,UNIVERZAL,35115,M-ONE Sanitar Silikon,12,Qerimi, Ä 0.17 
UNIVERZAL,05.03.26,,10413,UNIVERZAL,44001,Fettspray,6,Qerimi, Ä 0.20 
GRANITI,05.03.26, Ä 184.80 ,10410,GRANITI,35114,M-ONE Sanitar Silikon,12,Qerimi, Ä 0.17 
GRANITI,05.03.26,,10410,GRANITI,35115,M-ONE Sanitar Silikon,12,Qerimi, Ä 0.17 
GRANITI,05.03.26,,10410,GRANITI,35121,M-ONE Sanitar Silikon,12,Qerimi, Ä 0.17 
GRANITI,05.03.26,,10410,GRANITI,35128,M-ONE Sanitar Silikon,12,Qerimi, Ä 0.17 
ENISI - H,05.03.26, Ä 92.40 ,10428,ENISI - H,35111,M-ONE Sanitar Silikon,12,Qerimi, Ä 0.17 
ENISI - H,05.03.26,,10428,ENISI - H,35128,M-ONE Sanitar Silikon,12,Qerimi, Ä 0.17 
SAN KOS,05.03.26, Ä 46.20 ,10429,SAN KOS,35109,M-ONE Sanitar Silikon,12,Qerimi, Ä 0.17 
ARBERI,06.03.26, Ä 46.20 ,10506,ARBERI,35109,M-ONE Sanitar Silikon,12,Qerimi, Ä 0.17 
CARRALEVA 1,06.03.26, Ä 92.40 ,10504,CARRALEVA 1,35113,M-ONE Sanitar Silikon,12,Qerimi, Ä 0.17 
CARRALEVA 1,06.03.26,,10504,CARRALEVA 1,35128,M-ONE Sanitar Silikon,12,Qerimi, Ä 0.17 
LITA,06.03.26, Ä 46.20 ,10542,LITA,35108,M-ONE Sanitar Silikon,12,Qerimi, Ä 0.17 
BALLKANI,06.03.26, Ä 184.80 ,10350,BALLKANI,35113,M-ONE Sanitar Silikon,24,Qerimi, Ä 0.17 
BALLKANI,06.03.26,,10350,BALLKANI,35121,M-ONE Sanitar Silikon,24,Qerimi, Ä 0.17 
LONI,06.03.26, Ä 50.00 ,10509,LONI,50912,DICHTUNG,5,Qerimi, Ä 0.20 
LONI,06.03.26,,10509,LONI,55718,M ONE MOTORSTART,2,Qerimi, Ä 0.20 
LONI,06.03.26,,10509,LONI,44001,Fettspray,2,Qerimi, Ä 0.20 
REAL COLOR 2,06.03.26, Ä 138.60 ,10507,REAL COLOR 2,35113,M-ONE Sanitar Silikon,12,Qerimi, Ä 0.17 
REAL COLOR 2,06.03.26,,10507,REAL COLOR 2,35115,M-ONE Sanitar Silikon,12,Qerimi, Ä 0.17 
REAL COLOR 2,06.03.26,,10507,REAL COLOR 2,35121,M-ONE Sanitar Silikon,12,Qerimi, Ä 0.17 
RACI,06.03.26, Ä 92.40 ,20501,RACI,35110,M-ONE Sanitar Silikon,12,Mensuri, Ä 0.17 
RACI,06.03.26,,20501,RACI,35113,M-ONE Sanitar Silikon,12,Mensuri, Ä 0.17 
LIRIDONA KLINE,06.03.26, Ä 120.00 ,20511,LIRIDONA KLINE,35111,M-ONE Sanitar Silikon,12,Mensuri, Ä 0.17 
LIRIDONA KLINE,06.03.26,,20511,LIRIDONA KLINE,35119,M-ONE Sanitar Silikon,12,Mensuri, Ä 0.17 
LIRIDONA KLINE,06.03.26,,20511,LIRIDONA KLINE,51612,struktural akryl,12,Mensuri, Ä 0.06 
LIRIDONA HOME,06.03.26, Ä 138.60 ,20508,LIRIDONA HOME,35110,M-ONE Sanitar Silikon,12,Mensuri, Ä 0.17 
LIRIDONA HOME,06.03.26,,20508,LIRIDONA HOME,35113,M-ONE Sanitar Silikon,12,Mensuri, Ä 0.17 
LIRIDONA HOME,06.03.26,,20508,LIRIDONA HOME,35115,M-ONE Sanitar Silikon,12,Mensuri, Ä 0.17 
BERATI A.P. (1),06.03.26, Ä 102.50 ,20513,BERATI A.P. (1),44001,Fettspray,8,Mensuri, Ä 0.20 
BERATI A.P. (1),06.03.26,,20513,BERATI A.P. (1),50912,DICHTUNG,9,Mensuri, Ä 0.20 
BERATI A.P. (1),06.03.26,,20513,BERATI A.P. (1),49644,beMAKER Rostlîser,5,Mensuri, Ä 0.20 
LIRIDONA-A,06.03.26, Ä 120.00 ,20515,LIRIDONA-A,35111,M-ONE Sanitar Silikon,12,Mensuri, Ä 0.17 
LIRIDONA-A,06.03.26,,20515,LIRIDONA-A,35115,M-ONE Sanitar Silikon,12,Mensuri, Ä 0.17 
LIRIDONA-A,06.03.26,,20515,LIRIDONA-A,51612,struktural akryl,12,Mensuri, Ä 0.06 
TE BENI,06.03.26, Ä 184.80 ,20407,TE BENI,35109,M-ONE Sanitar Silikon,12,Mensuri, Ä 0.17 
TE BENI,06.03.26,,20407,TE BENI,35110,M-ONE Sanitar Silikon,12,Mensuri, Ä 0.17 
TE BENI,06.03.26,,20407,TE BENI,35111,M-ONE Sanitar Silikon,12,Mensuri, Ä 0.17 
TE BENI,06.03.26,,20407,TE BENI,35115,M-ONE Sanitar Silikon,12,Mensuri, Ä 0.17 
ARBENI BIOBLIC,06.03.26, Ä 185.00 ,40003,ARBENI BIOBLIC,20001,BioBlic Universalreiniger,100,0, Ä 0.30 
ARBENI BIOBLIC,06.03.26,,40003,ARBENI BIOBLIC,30275,Blic Blic SanitÑrreiniger,50,0, Ä 0.30 
ALBANI,07.03.26, Ä 92.40 ,10635,#N/A,35113,M-ONE Sanitar Silikon,12,Qerimi, Ä 0.17 
ALBANI,07.03.26,,10635,#N/A,35121,M-ONE Sanitar Silikon,12,Qerimi, Ä 0.17 
TE KELA,07.03.26, Ä 54.70 ,10613,TE KELA,50912,DICHTUNG,6,Qerimi, Ä 0.20 
TE KELA,07.03.26,,10613,TE KELA,49644,beMAKER Rostlîser,4,Qerimi, Ä 0.20 
TE KELA,07.03.26,,10613,TE KELA,44001,Fettspray,1,Qerimi, Ä 0.20 
KUJTA,07.03.26, Ä 138.60 ,10625,KUJTA,35121,M-ONE Sanitar Silikon,12,Qerimi, Ä 0.17 
KUJTA,07.03.26,,10625,KUJTA,35128,M-ONE Sanitar Silikon,12,Qerimi, Ä 0.17 
KUJTA,07.03.26,,10625,KUJTA,35113,M-ONE Sanitar Silikon,12,Qerimi, Ä 0.17 
KUSHA,07.03.26, Ä 10.00 ,10604,KUSHA,54412,beMAKER Bremsen&Teile Reininger,5,Qerimi, Ä 0.20 
DRITONI,07.03.26, Ä 46.00 ,10626,DRITONI,50912,DICHTUNG,5,Qerimi, Ä 0.20 
DRITONI,07.03.26,,10626,DRITONI,49644,beMAKER Rostlîser,5,Qerimi, Ä 0.20 
BUJARI Q - BESII,07.03.26, Ä 92.40 ,20609,BUJARI Q - BESII,35121,M-ONE Sanitar Silikon,24,Mensuri, Ä 0.17 
AGROLONDI,07.03.26, Ä 138.60 ,20602,AGROLONDI,35109,M-ONE Sanitar Silikon,12,Mensuri, Ä 0.17 
AGROLONDI,07.03.26,,20602,AGROLONDI,35110,M-ONE Sanitar Silikon,12,Mensuri, Ä 0.17 
AGROLONDI,07.03.26,,20602,AGROLONDI,35115,M-ONE Sanitar Silikon,12,Mensuri, Ä 0.17 
SALIHU CORPORATION,07.03.26, Ä 138.60 ,20635,#N/A,35109,M-ONE Sanitar Silikon,12,Mensuri, Ä 0.17 
SALIHU CORPORATION,07.03.26,,20635,#N/A,35110,M-ONE Sanitar Silikon,12,Mensuri, Ä 0.17 
SALIHU CORPORATION,07.03.26,,20635,#N/A,35111,M-ONE Sanitar Silikon,12,Mensuri, Ä 0.17 
ILIRI QERAMIKA,07.03.26, Ä 92.40 ,20622,ILIRI QERAMIKA,35109,M-ONE Sanitar Silikon,12,Mensuri, Ä 0.17 
ILIRI QERAMIKA,07.03.26,,20622,ILIRI QERAMIKA,35110,M-ONE Sanitar Silikon,12,Mensuri, Ä 0.17 
ALFA-QERAMIKA,07.03.26, Ä 184.80 ,20604,ALFA-QERAMIKA,35113,M-ONE Sanitar Silikon,24,Mensuri, Ä 0.17 
ALFA-QERAMIKA,07.03.26,,20604,ALFA-QERAMIKA,35119,M-ONE Sanitar Silikon,12,Mensuri, Ä 0.17 
ALFA-QERAMIKA,07.03.26,,20604,ALFA-QERAMIKA,35121,M-ONE Sanitar Silikon,12,Mensuri, Ä 0.17 
UNIKA,07.03.26, Ä 92.40 ,20627,UNIKA,35109,M-ONE Sanitar Silikon,12,Mensuri, Ä 0.17 
UNIKA,07.03.26,,20627,UNIKA,35110,M-ONE Sanitar Silikon,12,Mensuri, Ä 0.17 
TE-SYLA,07.03.26, Ä 92.40 ,20606,TE-SYLA,35113,M-ONE Sanitar Silikon,12,Mensuri, Ä 0.17 
TE-SYLA,07.03.26,,20606,TE-SYLA,35128,M-ONE Sanitar Silikon,12,Mensuri, Ä 0.17 
F.V. SH.P.K. ,07.03.26, Ä 173.60 ,20607,F.V. SH.P.K. ,35113,M-ONE Sanitar Silikon,12,Mensuri, Ä 0.17 
F.V. SH.P.K. ,07.03.26,,20607,F.V. SH.P.K. ,35115,M-ONE Sanitar Silikon,12,Mensuri, Ä 0.17 
F.V. SH.P.K. ,07.03.26,,20607,F.V. SH.P.K. ,35128,M-ONE Sanitar Silikon,12,Mensuri, Ä 0.17 
F.V. SH.P.K. ,07.03.26,,20607,F.V. SH.P.K. ,44001,Fettspray,6,Mensuri, Ä 0.20 
F.V. SH.P.K. ,07.03.26,,20607,F.V. SH.P.K. ,55718,M ONE MOTORSTART,4,Mensuri, Ä 0.20 
ORCA,07.03.26, Ä 184.80 ,20633,ORCA,35109,M-ONE Sanitar Silikon,12,Mensuri, Ä 0.17 
ORCA,07.03.26,,20633,ORCA,35110,M-ONE Sanitar Silikon,12,Mensuri, Ä 0.17 
ORCA,07.03.26,,20633,ORCA,35111,M-ONE Sanitar Silikon,12,Mensuri, Ä 0.17 
ORCA,07.03.26,,20633,ORCA,35113,M-ONE Sanitar Silikon,12,Mensuri, Ä 0.17 
HIDROELDI,09.03.26, Ä 46.20 ,10133,HIDROELDI,35109,M-ONE Sanitar Silikon,12,Qerimi, Ä 0.17 
KADIJOLLET,09.03.26, Ä 150.60 ,10111,KADIJOLLET,35115,M-ONE Sanitar Silikon,12,Qerimi, Ä 0.17 
KADIJOLLET,09.03.26,,10111,KADIJOLLET,35113,M-ONE Sanitar Silikon,12,Qerimi, Ä 0.17 
KADIJOLLET,09.03.26,,10111,KADIJOLLET,35119,M-ONE Sanitar Silikon,12,Qerimi, Ä 0.17 
KADIJOLLET,09.03.26,,10111,KADIJOLLET,49644,beMAKER Rostlîser,6,Qerimi, Ä 0.20 
BOSCH,09.03.26, Ä 21.50 ,10126,BOSCH,16936,M ONE FELGENSILBER,2,Qerimi, Ä 0.15 
BOSCH,09.03.26,,10126,BOSCH,55718,M ONE MOTORSTART,5,Qerimi, Ä 0.20 
QELA,09.03.26, Ä 92.40 ,10114,QELA,35111,M-ONE Sanitar Silikon,12,Qerimi, Ä 0.17 
QELA,09.03.26,,10114,QELA,35119,M-ONE Sanitar Silikon,12,Qerimi, Ä 0.17 
JETARI,09.03.26, Ä 46.20 ,10104,JETARI,35115,M-ONE Sanitar Silikon,12,Qerimi, Ä 0.17 
BESI COM,09.03.26, Ä 46.20 ,10103,BESI COM,35113,M-ONE Sanitar Silikon,12,Qerimi, Ä 0.17 
KENA COMERC,09.03.26, Ä 92.40 ,20109,KENA COMERC,35113,M-ONE Sanitar Silikon,12,Mensuri, Ä 0.17 
KENA COMERC,09.03.26,,20109,KENA COMERC,35121,M-ONE Sanitar Silikon,12,Mensuri, Ä 0.17 
ING PROJEKT,09.03.26, Ä 200.80 ,20108,ING PROJEKT,35108,M-ONE Sanitar Silikon,12,Mensuri, Ä 0.17 
ING PROJEKT,09.03.26,,20108,ING PROJEKT,35110,M-ONE Sanitar Silikon,12,Mensuri, Ä 0.17 
ING PROJEKT,09.03.26,,20108,ING PROJEKT,35113,M-ONE Sanitar Silikon,12,Mensuri, Ä 0.17 
ING PROJEKT,09.03.26,,20108,ING PROJEKT,35125,M-ONE Sanitar Silikon,12,Mensuri, Ä 0.17 
ING PROJEKT,09.03.26,,20108,ING PROJEKT,49644,beMAKER Rostlîser,8,Mensuri, Ä 0.20 
LNI SHPK,09.03.26, Ä 138.60 ,20129,LNI SHPK,35111,M-ONE Sanitar Silikon,12,Mensuri, Ä 0.17 
LNI SHPK,09.03.26,,20129,LNI SHPK,35115,M-ONE Sanitar Silikon,12,Mensuri, Ä 0.17 
LNI SHPK,09.03.26,,20129,LNI SHPK,35113,M-ONE Sanitar Silikon,12,Mensuri, Ä 0.17 
KUQI-LKW,09.03.26, Ä 54.50 ,20102,KUQI-LKW,50912,DICHTUNG,5,Mensuri, Ä 0.20 
KUQI-LKW,09.03.26,,20102,KUQI-LKW,55718,M ONE MOTORSTART,2,Mensuri, Ä 0.20 
KUQI-LKW,09.03.26,,20102,KUQI-LKW,44001,Fettspray,2,Mensuri, Ä 0.20 
KUQI-LKW,09.03.26,,20102,KUQI-LKW,31815,M ONE LACK HELLGRAU,1,Mensuri, Ä 0.15 
KUQI-LKW,09.03.26,,20102,KUQI-LKW,31827,M ONE LACK GRUN,1,Mensuri, Ä 0.15 
KUQI-LKW,09.03.26,,20102,KUQI-LKW,31812,M ONE LACK GELB,1,Mensuri, Ä 0.15 
TE GZIMI,09.03.26, Ä 30.00 ,20101,TE GZIMI,49644,beMAKER Rostlîser,11,Mensuri, Ä 0.20 
TE GZIMI,09.03.26,,20101,TE GZIMI,54412,beMAKER Bremsen&Teile Reininger,4,Mensuri, Ä 0.20 
TERMO PROJEKT,09.03.26, Ä 138.60 ,20127,TERMO PROJEKT,35108,M-ONE Sanitar Silikon,12,Mensuri, Ä 0.17 
TERMO PROJEKT,09.03.26,,20127,TERMO PROJEKT,35110,M-ONE Sanitar Silikon,12,Mensuri, Ä 0.17 
TERMO PROJEKT,09.03.26,,20127,TERMO PROJEKT,35114,M-ONE Sanitar Silikon,12,Mensuri, Ä 0.17 
KTHIMI,09.03.26, Ä 120.00 ,20104,KTHIMI,35108,M-ONE Sanitar Silikon,12,Mensuri, Ä 0.17 
KTHIMI,09.03.26,,20104,KTHIMI,35109,M-ONE Sanitar Silikon,12,Mensuri, Ä 0.17 
KTHIMI,09.03.26,,20104,KTHIMI,51612,struktural akryl,12,Mensuri, Ä 0.06 
LULI-C,09.03.26, Ä 73.80 ,20126,LULI-C,35128,M-ONE Sanitar Silikon,12,Mensuri, Ä 0.17 
LULI-C,09.03.26,,20126,LULI-C,51612,struktural akryl,12,Mensuri, Ä 0.06 
CAMA BAU,09.03.26, Ä 138.60 ,20121,CAMA BAU,35119,M-ONE Sanitar Silikon,12,Mensuri, Ä 0.17 
CAMA BAU,09.03.26,,20121,CAMA BAU,35125,M-ONE Sanitar Silikon,12,Mensuri, Ä 0.17 
CAMA BAU,09.03.26,,20121,CAMA BAU,35128,M-ONE Sanitar Silikon,12,Mensuri, Ä 0.17 
YLLI CONSTRUCION,10.03.26, Ä 20.00 ,40017,YLLI CONSTRUCION,35113,M-ONE Sanitar Silikon,5,0, Ä 0.17 
QEMA,10.03.26, Ä 208.80 ,10255,QEMA,66701,PROFIMONT EXTREME,36,Qerimi, Ä 0.20 
JETA DUHEL,10.03.26, Ä 92.40 ,10230,JETA DUHEL,35121,M-ONE Sanitar Silikon,12,Qerimi, Ä 0.17 
JETA DUHEL,10.03.26,,10230,JETA DUHEL,35128,M-ONE Sanitar Silikon,12,Qerimi, Ä 0.17 
XHAFA,10.03.26, Ä 199.20 ,10205,XHAFA,35109,M-ONE Sanitar Silikon,12,Qerimi, Ä 0.17 
XHAFA,10.03.26,,10205,XHAFA,35115,M-ONE Sanitar Silikon,12,Qerimi, Ä 0.17 
XHAFA,10.03.26,,10205,XHAFA,35121,M-ONE Sanitar Silikon,12,Qerimi, Ä 0.17 
XHAFA,10.03.26,,10205,XHAFA,35108,M-ONE Sanitar Silikon,12,Qerimi, Ä 0.17 
XHAFA,10.03.26,,10205,XHAFA,50912,DICHTUNG,2,Qerimi, Ä 0.20 
ARPO,10.03.26, Ä 92.40 ,10240,ARPO,35109,M-ONE Sanitar Silikon,12,Qerimi, Ä 0.17 
ARPO,10.03.26,,10240,ARPO,35115,M-ONE Sanitar Silikon,12,Qerimi, Ä 0.17 
BEK TRADE,10.03.26, Ä 138.60 ,10245,BEK TRADE,35108,M-ONE Sanitar Silikon,12,Qerimi, Ä 0.17 
BEK TRADE,10.03.26,,10245,BEK TRADE,35113,M-ONE Sanitar Silikon,12,Qerimi, Ä 0.17 
BEK TRADE,10.03.26,,10245,BEK TRADE,35128,M-ONE Sanitar Silikon,12,Qerimi, Ä 0.17 
QEMA,10.03.26, Ä 46.20 ,10256,#N/A,35121,M-ONE Sanitar Silikon,12,Qerimi, Ä 0.17 
TEMAJ,10.03.26, Ä 138.60 ,40019,TEMAJ,35108,M-ONE Sanitar Silikon,12,0, Ä 0.17 
TEMAJ,10.03.26,,40019,TEMAJ,35113,M-ONE Sanitar Silikon,12,0, Ä 0.17 
TEMAJ,10.03.26,,40019,TEMAJ,35110,M-ONE Sanitar Silikon,12,0, Ä 0.17 
LETAJ,10.03.26, Ä 277.20 ,20209,LETAJ,35110,M-ONE Sanitar Silikon,24,Mensuri, Ä 0.17 
LETAJ,10.03.26,,20209,LETAJ,35114,M-ONE Sanitar Silikon,12,Mensuri, Ä 0.17 
LETAJ,10.03.26,,20209,LETAJ,35119,M-ONE Sanitar Silikon,12,Mensuri, Ä 0.17 
LETAJ,10.03.26,,20209,LETAJ,35115,M-ONE Sanitar Silikon,12,Mensuri, Ä 0.17 
LETAJ,10.03.26,,20209,LETAJ,35121,M-ONE Sanitar Silikon,12,Mensuri, Ä 0.17 
GERMAN FABRE,10.03.26, Ä 92.40 ,20220,GERMAN FABRE,35110,M-ONE Sanitar Silikon,12,Mensuri, Ä 0.17 
GERMAN FABRE,10.03.26,,20220,GERMAN FABRE,35128,M-ONE Sanitar Silikon,12,Mensuri, Ä 0.17 
INOX 2,10.03.26, Ä 92.40 ,20212,INOX 2,35108,M-ONE Sanitar Silikon,12,Mensuri, Ä 0.17 
INOX 2,10.03.26,,20212,INOX 2,35115,M-ONE Sanitar Silikon,12,Mensuri, Ä 0.17 
GER COLORS,10.03.26, Ä 139.20 ,20223,GER COLORS,66701,PROFIMONT EXTREME,24,Mensuri, Ä 0.20 
HB-DECOR,10.03.26, Ä 69.60 ,20228,HB-DECOR,66701,PROFIMONT EXTREME,12,Mensuri, Ä 0.20 
ERENIKU,10.03.26, Ä 120.00 ,20206,ERENIKU,35110,M-ONE Sanitar Silikon,12,Mensuri, Ä 0.17 
ERENIKU,10.03.26,,20206,ERENIKU,35115,M-ONE Sanitar Silikon,12,Mensuri, Ä 0.17 
ERENIKU,10.03.26,,20206,ERENIKU,51612,struktural akryl,12,Mensuri, Ä 0.06 
AFRIMI-AG,10.03.26, Ä 208.20 ,20203,AFRIMI-AG,35114,M-ONE Sanitar Silikon,12,Mensuri, Ä 0.17 
AFRIMI-AG,10.03.26,,20203,AFRIMI-AG,66701,PROFIMONT EXTREME,12,Mensuri, Ä 0.20 
AFRIMI-AG,10.03.26,,20203,AFRIMI-AG,35108,M-ONE Sanitar Silikon,12,Mensuri, Ä 0.17 
AFRIMI-AG,10.03.26,,20203,AFRIMI-AG,35111,M-ONE Sanitar Silikon,12,Mensuri, Ä 0.17 
TE BESIMI,10.03.26, Ä 73.80 ,20201,TE BESIMI,35108,M-ONE Sanitar Silikon,12,Mensuri, Ä 0.17 
TE BESIMI,10.03.26,,20201,TE BESIMI,51612,struktural akryl,12,Mensuri, Ä 0.06 
AP WOLF,10.03.26, Ä 125.10 ,20118,AP WOLF,56117,M ONE UBS,5,Mensuri, Ä 0.20 
AP WOLF,10.03.26,,20118,AP WOLF,26736,M ONE HAFTGRUND,5,Mensuri, Ä 0.15 
AP WOLF,10.03.26,,20118,AP WOLF,49644,beMAKER Rostlîser,5,Mensuri, Ä 0.20 
AP WOLF,10.03.26,,20118,AP WOLF,44001,Fettspray,4,Mensuri, Ä 0.20 
AP WOLF,10.03.26,,20118,AP WOLF,39505,M ONE SILIKON SPRAY,3,Mensuri, Ä 0.20 
AP WOLF,10.03.26,,20118,AP WOLF,50912,DICHTUNG,8,Mensuri, Ä 0.20 
AP WOLF,10.03.26,,20118,AP WOLF,55718,M ONE MOTORSTART,2,Mensuri, Ä 0.20 
ARBENI BIOBLIC,11.03.26, Ä 255.00 ,40003,ARBENI BIOBLIC,20001,BioBlic Universalreiniger,130,0, Ä 0.30 
ARBENI BIOBLIC,11.03.26,,40003,ARBENI BIOBLIC,30275,Blic Blic SanitÑrreiniger,80,0, Ä 0.30 
DARDANIA,11.03.26, Ä 60.60 ,10332,DARDANIA,35110,M-ONE Sanitar Silikon,12,Qerimi, Ä 0.17 
DARDANIA,11.03.26,,10332,DARDANIA,50912,DICHTUNG,2,Qerimi, Ä 0.20 
BALLKANI,11.03.26, Ä 231.00 ,10350,BALLKANI,35113,M-ONE Sanitar Silikon,24,Qerimi, Ä 0.17 
BALLKANI,11.03.26,,10350,BALLKANI,35121,M-ONE Sanitar Silikon,36,Qerimi, Ä 0.17 
BEKA-3,11.03.26, Ä 72.00 ,10323,BEKA-3,50912,DICHTUNG,10,Qerimi, Ä 0.20 
FATMIRI,11.03.26, Ä 323.40 ,10313,FATMIRI,35109,M-ONE Sanitar Silikon,12,Qerimi, Ä 0.17 
FATMIRI,11.03.26,,10313,FATMIRI,35111,M-ONE Sanitar Silikon,12,Qerimi, Ä 0.17 
FATMIRI,11.03.26,,10313,FATMIRI,35113,M-ONE Sanitar Silikon,12,Qerimi, Ä 0.17 
FATMIRI,11.03.26,,10313,FATMIRI,35114,M-ONE Sanitar Silikon,12,Qerimi, Ä 0.17 
FATMIRI,11.03.26,,10313,FATMIRI,35121,M-ONE Sanitar Silikon,12,Qerimi, Ä 0.17 
FATMIRI,11.03.26,,10313,FATMIRI,35128,M-ONE Sanitar Silikon,12,Qerimi, Ä 0.17 
FATMIRI,11.03.26,,10313,FATMIRI,35115,M-ONE Sanitar Silikon,12,Qerimi, Ä 0.17 
KOS CERAMIK,11.03.26, Ä 184.80 ,10364,KOS CERAMIK,35109,M-ONE Sanitar Silikon,12,Qerimi, Ä 0.17 
KOS CERAMIK,11.03.26,,10364,KOS CERAMIK,35113,M-ONE Sanitar Silikon,36,Qerimi, Ä 0.17 
TINA,11.03.26, Ä 46.20 ,10344,TINA,35121,M-ONE Sanitar Silikon,12,Qerimi, Ä 0.17 
GLOBAL NT,11.03.26, Ä 92.40 ,10360,#N/A,35110,M-ONE Sanitar Silikon,12,Qerimi, Ä 0.17 
GLOBAL NT,11.03.26,,10360,#N/A,35108,M-ONE Sanitar Silikon,12,Qerimi, Ä 0.17 
ELIONI-1,11.03.26, Ä 25.00 ,10306,ELIONI-1,30277,KAMIN CLEANER,10,Qerimi, Ä 0.50 
ERALP,11.03.26, Ä 184.80 ,10308,ERALP,35113,M-ONE Sanitar Silikon,12,Qerimi, Ä 0.17 
ERALP,11.03.26,,10308,ERALP,35115,M-ONE Sanitar Silikon,12,Qerimi, Ä 0.17 
ERALP,11.03.26,,10308,ERALP,35125,M-ONE Sanitar Silikon,24,Qerimi, Ä 0.17 
HAZROLLI,11.03.26, Ä 254.40 ,20301,HAZROLLI,35109,M-ONE Sanitar Silikon,24,Mensuri, Ä 0.17 
HAZROLLI,11.03.26,,20301,HAZROLLI,35115,M-ONE Sanitar Silikon,24,Mensuri, Ä 0.17 
HAZROLLI,11.03.26,,20301,HAZROLLI,66701,PROFIMONT EXTREME,12,Mensuri, Ä 0.20 
CONDOR,11.03.26, Ä 263.40 ,20307,CONDOR,35109,M-ONE Sanitar Silikon,12,Mensuri, Ä 0.17 
CONDOR,11.03.26,,20307,CONDOR,35110,M-ONE Sanitar Silikon,12,Mensuri, Ä 0.17 
CONDOR,11.03.26,,20307,CONDOR,35111,M-ONE Sanitar Silikon,12,Mensuri, Ä 0.17 
CONDOR,11.03.26,,20307,CONDOR,51612,struktural akryl,24,Mensuri, Ä 0.06 
CONDOR,11.03.26,,20307,CONDOR,66701,PROFIMONT EXTREME,12,Mensuri, Ä 0.20 
BARDHI-M,11.03.26, Ä 92.40 ,20331,BARDHI-M,35110,M-ONE Sanitar Silikon,12,Mensuri, Ä 0.17 
BARDHI-M,11.03.26,,20331,BARDHI-M,35115,M-ONE Sanitar Silikon,12,Mensuri, Ä 0.17 
BEREQETI,11.03.26, Ä 138.60 ,20321,BEREQETI,35121,M-ONE Sanitar Silikon,24,Mensuri, Ä 0.17 
BEREQETI,11.03.26,,20321,BEREQETI,35113,M-ONE Sanitar Silikon,12,Mensuri, Ä 0.17 
NITA 3,11.03.26, Ä 120.00 ,20303,NITA 3,35115,M-ONE Sanitar Silikon,12,Mensuri, Ä 0.17 
NITA 3,11.03.26,,20303,NITA 3,35111,M-ONE Sanitar Silikon,12,Mensuri, Ä 0.17 
NITA 3,11.03.26,,20303,NITA 3,51612,struktural akryl,12,Mensuri, Ä 0.06 
DURGUTI 3,11.03.26, Ä 147.60 ,20313,DURGUTI 3,35110,M-ONE Sanitar Silikon,12,Mensuri, Ä 0.17 
DURGUTI 3,11.03.26,,20313,DURGUTI 3,35119,M-ONE Sanitar Silikon,12,Mensuri, Ä 0.17 
DURGUTI 3,11.03.26,,20313,DURGUTI 3,51612,struktural akryl,24,Mensuri, Ä 0.06 
SHEHU-A,11.03.26, Ä 31.50 ,20317,SHEHU-A,44001,Fettspray,5,Mensuri, Ä 0.20 
SHEHU-A,11.03.26,,20317,SHEHU-A,49644,beMAKER Rostlîser,7,Mensuri, Ä 0.20 
SOPAJ,11.03.26, Ä 46.20 ,20311,SOPAJ,35128,M-ONE Sanitar Silikon,12,Mensuri, Ä 0.17 
SAN KOS,12.03.26, Ä 27.60 ,10429,SAN KOS,51612,struktural akryl,12,Qerimi, Ä 0.06 
VISARI HH,12.03.26, Ä 46.20 ,10412,VISARI HH,35110,M-ONE Sanitar Silikon,12,Qerimi, Ä 0.17 
GRANITI,12.03.26, Ä 138.60 ,10410,GRANITI,35115,M-ONE Sanitar Silikon,12,Qerimi, Ä 0.17 
GRANITI,12.03.26,,10410,GRANITI,35125,M-ONE Sanitar Silikon,12,Qerimi, Ä 0.17 
GRANITI,12.03.26,,10410,GRANITI,35128,M-ONE Sanitar Silikon,12,Qerimi, Ä 0.17 
UNIVERZAL,12.03.26, Ä 46.20 ,10413,UNIVERZAL,35111,M-ONE Sanitar Silikon,12,Qerimi, Ä 0.17 
AGRONI,12.03.26, Ä 90.40 ,10406,AGRONI,50912,DICHTUNG,12,Qerimi, Ä 0.20 
AGRONI,12.03.26,,10406,AGRONI,49644,beMAKER Rostlîser,2,Qerimi, Ä 0.20 
NDRIQIMI,12.03.26, Ä 92.40 ,10418,NDRIQIMI,35125,M-ONE Sanitar Silikon,12,Qerimi, Ä 0.17 
NDRIQIMI,12.03.26,,10418,NDRIQIMI,35121,M-ONE Sanitar Silikon,12,Qerimi, Ä 0.17 
ARBENI BIOBLIC,13.03.26, Ä 188.50 ,40003,ARBENI BIOBLIC,20001,BioBlic Universalreiniger,110,0, Ä 0.30 
ARBENI BIOBLIC,13.03.26,,40003,ARBENI BIOBLIC,30275,Blic Blic SanitÑrreiniger,40,0, Ä 0.30 
CARRALEVA 1,13.03.26, Ä 120.00 ,10504,CARRALEVA 1,35111,M-ONE Sanitar Silikon,12,Qerimi, Ä 0.17 
CARRALEVA 1,13.03.26,,10504,CARRALEVA 1,35108,M-ONE Sanitar Silikon,12,Qerimi, Ä 0.17 
CARRALEVA 1,13.03.26,,10504,CARRALEVA 1,51612,struktural akryl,12,Qerimi, Ä 0.06 
REAL COLOR 2,13.03.26, Ä 138.60 ,10507,REAL COLOR 2,35109,M-ONE Sanitar Silikon,12,Qerimi, Ä 0.17 
REAL COLOR 2,13.03.26,,10507,REAL COLOR 2,35110,M-ONE Sanitar Silikon,12,Qerimi, Ä 0.17 
REAL COLOR 2,13.03.26,,10507,REAL COLOR 2,35114,M-ONE Sanitar Silikon,12,Qerimi, Ä 0.17 
SMIRA,13.03.26, Ä 138.60 ,10352,SMIRA,35109,M-ONE Sanitar Silikon,24,Qerimi, Ä 0.17 
SMIRA,13.03.26,,10352,SMIRA,35111,M-ONE Sanitar Silikon,12,Qerimi, Ä 0.17 
BEKA,13.03.26, Ä 92.40 ,10539,BEKA,35119,M-ONE Sanitar Silikon,12,Qerimi, Ä 0.17 
BEKA,13.03.26,,10539,BEKA,35115,M-ONE Sanitar Silikon,12,Qerimi, Ä 0.17 
PROCOM,13.03.26, Ä 138.60 ,10502,PROCOM,35114,M-ONE Sanitar Silikon,12,Qerimi, Ä 0.17 
PROCOM,13.03.26,,10502,PROCOM,35111,M-ONE Sanitar Silikon,12,Qerimi, Ä 0.17 
PROCOM,13.03.26,,10502,PROCOM,35128,M-ONE Sanitar Silikon,12,Qerimi, Ä 0.17 
RACI,13.03.26, Ä 115.80 ,20501,RACI,35125,M-ONE Sanitar Silikon,12,Mensuri, Ä 0.17 
RACI,13.03.26,,20501,RACI,66701,PROFIMONT EXTREME,12,Mensuri, Ä 0.20 
LIRIDONA KLINE,13.03.26, Ä 184.80 ,20511,LIRIDONA KLINE,35110,M-ONE Sanitar Silikon,12,Mensuri, Ä 0.17 
LIRIDONA KLINE,13.03.26,,20511,LIRIDONA KLINE,35115,M-ONE Sanitar Silikon,36,Mensuri, Ä 0.17 
LIRIDONA HOME,13.03.26, Ä 277.20 ,20508,LIRIDONA HOME,35113,M-ONE Sanitar Silikon,36,Mensuri, Ä 0.17 
LIRIDONA HOME,13.03.26,,20508,LIRIDONA HOME,35121,M-ONE Sanitar Silikon,36,Mensuri, Ä 0.17 
LIRIDONA-A,13.03.26, Ä 346.80 ,20515,LIRIDONA-A,35110,M-ONE Sanitar Silikon,24,Mensuri, Ä 0.17 
LIRIDONA-A,13.03.26,,20515,LIRIDONA-A,35121,M-ONE Sanitar Silikon,36,Mensuri, Ä 0.17 
LIRIDONA-A,13.03.26,,20515,LIRIDONA-A,35125,M-ONE Sanitar Silikon,12,Mensuri, Ä 0.17 
LIRIDONA-A,13.03.26,,20515,LIRIDONA-A,66701,PROFIMONT EXTREME,12,Mensuri, Ä 0.20 
TE BRAHA,13.03.26, Ä 92.40 ,20520,TE BRAHA,35113,M-ONE Sanitar Silikon,12,Mensuri, Ä 0.17 
TE BRAHA,13.03.26,,20520,TE BRAHA,35121,M-ONE Sanitar Silikon,12,Mensuri, Ä 0.17 
MEGI,13.03.26, Ä 83.20 ,20406,MEGI,54412,beMAKER Bremsen&Teile Reininger,8,Mensuri, Ä 0.20 
MEGI,13.03.26,,20406,MEGI,49644,beMAKER Rostlîser,12,Mensuri, Ä 0.20 
MEGI,13.03.26,,20406,MEGI,50912,DICHTUNG,6,Mensuri, Ä 0.20 
TE BENI,13.03.26, Ä 138.60 ,20407,TE BENI,35110,M-ONE Sanitar Silikon,12,Mensuri, Ä 0.17 
TE BENI,13.03.26,,20407,TE BENI,35111,M-ONE Sanitar Silikon,12,Mensuri, Ä 0.17 
TE BENI,13.03.26,,20407,TE BENI,35121,M-ONE Sanitar Silikon,12,Mensuri, Ä 0.17 
MUQIQI,14.03.26, Ä 31.60 ,10113,MUQIQI,50912,DICHTUNG,3,Qerimi, Ä 0.20 
MUQIQI,14.03.26,,10113,MUQIQI,54412,beMAKER Bremsen&Teile Reininger,5,Qerimi, Ä 0.20 
TE ZENA,14.03.26, Ä 138.60 ,10616,TE ZENA,35113,M-ONE Sanitar Silikon,12,Qerimi, Ä 0.17 
TE ZENA,14.03.26,,10616,TE ZENA,35119,M-ONE Sanitar Silikon,12,Qerimi, Ä 0.17 
TE ZENA,14.03.26,,10616,TE ZENA,35121,M-ONE Sanitar Silikon,12,Qerimi, Ä 0.17 
KUJTA,14.03.26, Ä 121.20 ,10625,KUJTA,35115,M-ONE Sanitar Silikon,12,Qerimi, Ä 0.17 
KUJTA,14.03.26,,10625,KUJTA,50912,DICHTUNG,4,Qerimi, Ä 0.20 
KUJTA,14.03.26,,10625,KUJTA,35121,M-ONE Sanitar Silikon,12,Qerimi, Ä 0.17 
DRITONI,14.03.26, Ä 14.40 ,10626,DRITONI,50912,DICHTUNG,2,Qerimi, Ä 0.20 
SABITI,14.03.26, Ä 46.00 ,10605,SABITI,49644,beMAKER Rostlîser,5,Qerimi, Ä 0.20 
SABITI,14.03.26,,10605,SABITI,50912,DICHTUNG,5,Qerimi, Ä 0.20 
BECOLOR,14.03.26, Ä 45.40 ,10619,BECOLOR,56117,M ONE UBS,5,Qerimi, Ä 0.20 
BECOLOR,14.03.26,,10619,BECOLOR,26736,M ONE HAFTGRUND,1,Qerimi, Ä 0.15 
BECOLOR,14.03.26,,10619,BECOLOR,31812,M ONE LACK GELB,1,Qerimi, Ä 0.15 
BECOLOR,14.03.26,,10619,BECOLOR,31818,M ONE ANTHRAZIT,1,Qerimi, Ä 0.15 
BECOLOR,14.03.26,,10619,BECOLOR,31827,M ONE LACK GRUN,1,Qerimi, Ä 0.15 
BECOLOR,14.03.26,,10619,BECOLOR,66701,PROFIMONT EXTREME,3,Qerimi, Ä 0.20 
SALIHU CORPORATION,14.03.26, Ä 231.00 ,20636,#N/A,35110,M-ONE Sanitar Silikon,12,Mensuri, Ä 0.17 
SALIHU CORPORATION,14.03.26,,20636,#N/A,35111,M-ONE Sanitar Silikon,12,Mensuri, Ä 0.17 
SALIHU CORPORATION,14.03.26,,20636,#N/A,35113,M-ONE Sanitar Silikon,12,Mensuri, Ä 0.17 
SALIHU CORPORATION,14.03.26,,20636,#N/A,35115,M-ONE Sanitar Silikon,12,Mensuri, Ä 0.17 
SALIHU CORPORATION,14.03.26,,20636,#N/A,35121,M-ONE Sanitar Silikon,12,Mensuri, Ä 0.17 
BUJARI Q - BESII,14.03.26, Ä 120.00 ,20609,BUJARI Q - BESII,35121,M-ONE Sanitar Silikon,24,Mensuri, Ä 0.17 
BUJARI Q - BESII,14.03.26,,20609,BUJARI Q - BESII,51612,struktural akryl,12,Mensuri, Ä 0.06 
BULONI - SH,14.03.26, Ä 104.40 ,20624,BULONI - SH,35121,M-ONE Sanitar Silikon,12,Mensuri, Ä 0.17 
BULONI - SH,14.03.26,,20624,BULONI - SH,35110,M-ONE Sanitar Silikon,12,Mensuri, Ä 0.17 
BULONI - SH,14.03.26,,20624,BULONI - SH,31822,M ONE GOLD SPRAY,12,Mensuri, Ä 0.15 
TE-SYLA,14.03.26, Ä 92.40 ,20606,TE-SYLA,35110,M-ONE Sanitar Silikon,12,Mensuri, Ä 0.17 
TE-SYLA,14.03.26,,20606,TE-SYLA,35125,M-ONE Sanitar Silikon,12,Mensuri, Ä 0.17 
LUTA QERAMIKA,14.03.26, Ä 184.80 ,20629,LUTA QERAMIKA,35115,M-ONE Sanitar Silikon,24,Mensuri, Ä 0.17 
LUTA QERAMIKA,14.03.26,,20629,LUTA QERAMIKA,35121,M-ONE Sanitar Silikon,24,Mensuri, Ä 0.17 
AGRO-XHETI,14.03.26, Ä 138.60 ,20610,AGRO-XHETI,35110,M-ONE Sanitar Silikon,12,Mensuri, Ä 0.17 
AGRO-XHETI,14.03.26,,20610,AGRO-XHETI,35111,M-ONE Sanitar Silikon,12,Mensuri, Ä 0.17 
AGRO-XHETI,14.03.26,,20610,AGRO-XHETI,35115,M-ONE Sanitar Silikon,12,Mensuri, Ä 0.17 
F.V. SH.P.K. ,14.03.26, Ä 103.80 ,20607,F.V. SH.P.K. ,35115,M-ONE Sanitar Silikon,12,Mensuri, Ä 0.17 
F.V. SH.P.K. ,14.03.26,,20607,F.V. SH.P.K. ,50912,DICHTUNG,8,Mensuri, Ä 0.20 
BUJARI Q - BESII,14.03.26, Ä 138.60 ,20609,BUJARI Q - BESII,35121,M-ONE Sanitar Silikon,24,Mensuri, Ä 0.17 
BUJARI Q - BESII,14.03.26,,20609,BUJARI Q - BESII,35113,M-ONE Sanitar Silikon,12,Mensuri, Ä 0.17 
TE-LUTA,14.03.26, Ä 178.80 ,20611,TE-LUTA,35113,M-ONE Sanitar Silikon,12,Mensuri, Ä 0.17 
TE-LUTA,14.03.26,,20611,TE-LUTA,35115,M-ONE Sanitar Silikon,12,Mensuri, Ä 0.17 
TE-LUTA,14.03.26,,20611,TE-LUTA,50912,DICHTUNG,12,Mensuri, Ä 0.20 
YLLI CONSTRUCION,16.03.26, Ä 96.00 ,40017,YLLI CONSTRUCION,35108,M-ONE Sanitar Silikon,22,0, Ä 0.17 
YLLI CONSTRUCION,16.03.26,,40017,YLLI CONSTRUCION,35115,M-ONE Sanitar Silikon,2,0, Ä 0.17 
HIDROELDI,16.03.26, Ä 46.20 ,10133,HIDROELDI,35115,M-ONE Sanitar Silikon,12,Qerimi, Ä 0.17 
KADIJOLLET,16.03.26, Ä 119.90 ,10111,KADIJOLLET,35110,M-ONE Sanitar Silikon,12,Qerimi, Ä 0.17 
KADIJOLLET,16.03.26,,10111,KADIJOLLET,35113,M-ONE Sanitar Silikon,12,Qerimi, Ä 0.17 
KADIJOLLET,16.03.26,,10111,KADIJOLLET,26736,M ONE HAFTGRUND,5,Qerimi, Ä 0.15 
KADIJOLLET,16.03.26,,10111,KADIJOLLET,49644,beMAKER Rostlîser,5,Qerimi, Ä 0.20 
KADIJOLLET,16.03.26,,10111,KADIJOLLET,54412,beMAKER Bremsen&Teile Reininger,5,Qerimi, Ä 0.20 
JETARI,16.03.26, Ä 92.40 ,10104,JETARI,35110,M-ONE Sanitar Silikon,12,Qerimi, Ä 0.17 
JETARI,16.03.26,,10104,JETARI,35108,M-ONE Sanitar Silikon,12,Qerimi, Ä 0.17 
ARSIM,16.03.26, Ä 46.20 ,10105,ARSIM,35125,M-ONE Sanitar Silikon,12,Qerimi, Ä 0.17 
QELA,16.03.26, Ä 92.40 ,10114,QELA,35114,M-ONE Sanitar Silikon,12,Qerimi, Ä 0.17 
QELA,16.03.26,,10114,QELA,35128,M-ONE Sanitar Silikon,12,Qerimi, Ä 0.17 
KENA COMERC,16.03.26, Ä 92.40 ,20109,KENA COMERC,35111,M-ONE Sanitar Silikon,12,Mensuri, Ä 0.17 
KENA COMERC,16.03.26,,20109,KENA COMERC,35128,M-ONE Sanitar Silikon,12,Mensuri, Ä 0.17 
LULI-C,16.03.26, Ä 138.60 ,20126,LULI-C,35113,M-ONE Sanitar Silikon,12,Mensuri, Ä 0.17 
LULI-C,16.03.26,,20126,LULI-C,35114,M-ONE Sanitar Silikon,12,Mensuri, Ä 0.17 
LULI-C,16.03.26,,20126,LULI-C,35125,M-ONE Sanitar Silikon,12,Mensuri, Ä 0.17 
TE GZIMI,16.03.26, Ä 49.60 ,20101,TE GZIMI,29802,beMaker Handwaschpaste,8,Mensuri, Ä 0.10 
TE GZIMI,16.03.26,,20101,TE GZIMI,50912,DICHTUNG,3,Mensuri, Ä 0.20 
TE GZIMI,16.03.26,,20101,TE GZIMI,16936,M ONE FELGENSILBER,8,Mensuri, Ä 0.15 
CAMA BAU,16.03.26, Ä 277.20 ,20121,CAMA BAU,35113,M-ONE Sanitar Silikon,24,Mensuri, Ä 0.17 
CAMA BAU,16.03.26,,20121,CAMA BAU,35115,M-ONE Sanitar Silikon,24,Mensuri, Ä 0.17 
CAMA BAU,16.03.26,,20121,CAMA BAU,35119,M-ONE Sanitar Silikon,12,Mensuri, Ä 0.17 
CAMA BAU,16.03.26,,20121,CAMA BAU,35125,M-ONE Sanitar Silikon,12,Mensuri, Ä 0.17 
TERMO PROJEKT,16.03.26, Ä 138.60 ,20127,TERMO PROJEKT,35128,M-ONE Sanitar Silikon,24,Mensuri, Ä 0.17 
TERMO PROJEKT,16.03.26,,20127,TERMO PROJEKT,35114,M-ONE Sanitar Silikon,12,Mensuri, Ä 0.17 
LNI SHPK,16.03.26, Ä 92.40 ,20129,LNI SHPK,35121,M-ONE Sanitar Silikon,24,Mensuri, Ä 0.17 
ENESI,16.03.26, Ä 138.60 ,20130,ENESI,35113,M-ONE Sanitar Silikon,12,Mensuri, Ä 0.17 
ENESI,16.03.26,,20130,ENESI,35115,M-ONE Sanitar Silikon,12,Mensuri, Ä 0.17 
ENESI,16.03.26,,20130,ENESI,35125,M-ONE Sanitar Silikon,12,Mensuri, Ä 0.17 
ARSIMI,17.03.26, Ä 92.40 ,10258,ARSIMI,35110,M-ONE Sanitar Silikon,12,Qerimi, Ä 0.17 
ARSIMI,17.03.26,,10258,ARSIMI,35111,M-ONE Sanitar Silikon,12,Qerimi, Ä 0.17 
MONI 2,17.03.26, Ä 231.00 ,10210,MONI 2,35108,M-ONE Sanitar Silikon,12,Qerimi, Ä 0.17 
MONI 2,17.03.26,,10210,MONI 2,35110,M-ONE Sanitar Silikon,12,Qerimi, Ä 0.17 
MONI 2,17.03.26,,10210,MONI 2,35119,M-ONE Sanitar Silikon,12,Qerimi, Ä 0.17 
MONI 2,17.03.26,,10210,MONI 2,35115,M-ONE Sanitar Silikon,12,Qerimi, Ä 0.17 
MONI 2,17.03.26,,10210,MONI 2,35128,M-ONE Sanitar Silikon,12,Qerimi, Ä 0.17 
QEMA,17.03.26, Ä 92.40 ,10256,#N/A,35121,M-ONE Sanitar Silikon,24,Qerimi, Ä 0.17 
ARPO,17.03.26, Ä 184.80 ,10240,ARPO,35110,M-ONE Sanitar Silikon,12,Qerimi, Ä 0.17 
ARPO,17.03.26,,10240,ARPO,35108,M-ONE Sanitar Silikon,12,Qerimi, Ä 0.17 
ARPO,17.03.26,,10240,ARPO,35115,M-ONE Sanitar Silikon,12,Qerimi, Ä 0.17 
ARPO,17.03.26,,10240,ARPO,35121,M-ONE Sanitar Silikon,12,Qerimi, Ä 0.17 
AB SHPK,17.03.26, Ä 27.60 ,10241,AB SHPK,51612,struktural akryl,12,Qerimi, Ä 0.06 
XHAFA,17.03.26, Ä 106.80 ,10205,XHAFA,35110,M-ONE Sanitar Silikon,12,Qerimi, Ä 0.17 
XHAFA,17.03.26,,10205,XHAFA,35121,M-ONE Sanitar Silikon,12,Qerimi, Ä 0.17 
XHAFA,17.03.26,,10205,XHAFA,50912,DICHTUNG,2,Qerimi, Ä 0.20 
TEMAJ,17.03.26, Ä 92.40 ,40019,TEMAJ,35108,M-ONE Sanitar Silikon,12,0, Ä 0.17 
TEMAJ,17.03.26,,40019,TEMAJ,35121,M-ONE Sanitar Silikon,12,0, Ä 0.17 
LETAJ,17.03.26, Ä 138.60 ,20209,LETAJ,35110,M-ONE Sanitar Silikon,24,Mensuri, Ä 0.17 
LETAJ,17.03.26,,20209,LETAJ,35111,M-ONE Sanitar Silikon,12,Mensuri, Ä 0.17 
GERMAN FABRE,17.03.26, Ä 36.50 ,20220,GERMAN FABRE,12000,BAU CLEAN,3,Mensuri, Ä 0.50 
GERMAN FABRE,17.03.26,,20220,GERMAN FABRE,12001,BAU CLEAN,5,Mensuri, Ä 0.30 
INOX 2,17.03.26, Ä 184.80 ,20212,INOX 2,35111,M-ONE Sanitar Silikon,12,Mensuri, Ä 0.17 
INOX 2,17.03.26,,20212,INOX 2,35113,M-ONE Sanitar Silikon,12,Mensuri, Ä 0.17 
INOX 2,17.03.26,,20212,INOX 2,35114,M-ONE Sanitar Silikon,12,Mensuri, Ä 0.17 
INOX 2,17.03.26,,20212,INOX 2,35125,M-ONE Sanitar Silikon,12,Mensuri, Ä 0.17 
HB-DECOR,17.03.26, Ä 69.60 ,20228,HB-DECOR,66701,PROFIMONT EXTREME,12,Mensuri, Ä 0.20 
GER COLORS,17.03.26, Ä 92.40 ,20223,GER COLORS,35108,M-ONE Sanitar Silikon,12,Mensuri, Ä 0.17 
GER COLORS,17.03.26,,20223,GER COLORS,35111,M-ONE Sanitar Silikon,12,Mensuri, Ä 0.17 
ERENIKU,17.03.26, Ä 120.00 ,20206,ERENIKU,35111,M-ONE Sanitar Silikon,12,Mensuri, Ä 0.17 
ERENIKU,17.03.26,,20206,ERENIKU,35128,M-ONE Sanitar Silikon,12,Mensuri, Ä 0.17 
ERENIKU,17.03.26,,20206,ERENIKU,51612,struktural akryl,12,Mensuri, Ä 0.06 
AFRIMI-AG,17.03.26, Ä 92.40 ,20203,AFRIMI-AG,35110,M-ONE Sanitar Silikon,12,Mensuri, Ä 0.17 
AFRIMI-AG,17.03.26,,20203,AFRIMI-AG,35113,M-ONE Sanitar Silikon,12,Mensuri, Ä 0.17 
TE BESIMI,17.03.26, Ä 85.20 ,20201,TE BESIMI,35128,M-ONE Sanitar Silikon,12,Mensuri, Ä 0.17 
TE BESIMI,17.03.26,,20201,TE BESIMI,39505,M ONE SILIKON SPRAY,5,Mensuri, Ä 0.20 
TE BESIMI,17.03.26,,20201,TE BESIMI,54412,beMAKER Bremsen&Teile Reininger,4,Mensuri, Ä 0.20 
TE BESIMI,17.03.26,,20201,TE BESIMI,50912,DICHTUNG,2,Mensuri, Ä 0.20 
ARBENI BIOBLIC,17.03.26, Ä 351.75 ,40003,ARBENI BIOBLIC,20001,BioBlic Universalreiniger,165,0, Ä 0.30 
ARBENI BIOBLIC,17.03.26,,40003,ARBENI BIOBLIC,30275,Blic Blic SanitÑrreiniger,105,0, Ä 0.30 
ARBENI BIOBLIC,17.03.26,,40003,ARBENI BIOBLIC,39505,M ONE SILIKON SPRAY,8,0, Ä 0.20 
DARDANIA,18.03.26, Ä 46.20 ,10332,DARDANIA,35128,M-ONE Sanitar Silikon,12,Qerimi, Ä 0.17 
BURIMI,18.03.26, Ä 138.60 ,10330,BURIMI,35111,M-ONE Sanitar Silikon,12,Qerimi, Ä 0.17 
BURIMI,18.03.26,,10330,BURIMI,35109,M-ONE Sanitar Silikon,12,Qerimi, Ä 0.17 
BURIMI,18.03.26,,10330,BURIMI,35128,M-ONE Sanitar Silikon,12,Qerimi, Ä 0.17 
BALLKANI,18.03.26, Ä 184.80 ,10350,BALLKANI,35110,M-ONE Sanitar Silikon,12,Qerimi, Ä 0.17 
BALLKANI,18.03.26,,10350,BALLKANI,35111,M-ONE Sanitar Silikon,12,Qerimi, Ä 0.17 
BALLKANI,18.03.26,,10350,BALLKANI,35121,M-ONE Sanitar Silikon,12,Qerimi, Ä 0.17 
BALLKANI,18.03.26,,10350,BALLKANI,35128,M-ONE Sanitar Silikon,12,Qerimi, Ä 0.17 
BEKA-2,18.03.26, Ä 46.00 ,10317,BEKA-2,50912,DICHTUNG,5,Qerimi, Ä 0.20 
BEKA-2,18.03.26,,10317,BEKA-2,54412,beMAKER Bremsen&Teile Reininger,5,Qerimi, Ä 0.20 
TINA,18.03.26, Ä 92.40 ,10344,TINA,35108,M-ONE Sanitar Silikon,24,Qerimi, Ä 0.17 
ELIONI-1,18.03.26, Ä 138.60 ,10306,ELIONI-1,35111,M-ONE Sanitar Silikon,12,Qerimi, Ä 0.17 
ELIONI-1,18.03.26,,10306,ELIONI-1,35115,M-ONE Sanitar Silikon,12,Qerimi, Ä 0.17 
ELIONI-1,18.03.26,,10306,ELIONI-1,35125,M-ONE Sanitar Silikon,12,Qerimi, Ä 0.17 
BEKA-3,18.03.26, Ä 112.90 ,10323,BEKA-3,50912,DICHTUNG,12,Qerimi, Ä 0.20 
BEKA-3,18.03.26,,10323,BEKA-3,56117,M ONE UBS,3,Qerimi, Ä 0.20 
BEKA-3,18.03.26,,10323,BEKA-3,44001,Fettspray,3,Qerimi, Ä 0.20 
BEKA-3,18.03.26,,10323,BEKA-3,49644,beMAKER Rostlîser,2,Qerimi, Ä 0.20 
BARDHI,18.03.26, Ä 21.60 ,10347,BARDHI,50912,DICHTUNG,3,Qerimi, Ä 0.20 
FUNDAMETI,18.03.26, Ä 98.40 ,10301,FUNDAMETI,35121,M-ONE Sanitar Silikon,24,Qerimi, Ä 0.17 
FUNDAMETI,18.03.26,,10301,FUNDAMETI,39505,M ONE SILIKON SPRAY,2,Qerimi, Ä 0.20 
EUROSAN,18.03.26, Ä 27.60 ,10304,EUROSAN,51612,struktural akryl,12,Qerimi, Ä 0.06 
BEREQETI,18.03.26, Ä 231.00 ,20321,BEREQETI,35121,M-ONE Sanitar Silikon,48,Mensuri, Ä 0.17 
BEREQETI,18.03.26,,20321,BEREQETI,35128,M-ONE Sanitar Silikon,12,Mensuri, Ä 0.17 
BARDHI-M,18.03.26, Ä 138.60 ,20331,BARDHI-M,35121,M-ONE Sanitar Silikon,24,Mensuri, Ä 0.17 
BARDHI-M,18.03.26,,20331,BARDHI-M,35111,M-ONE Sanitar Silikon,12,Mensuri, Ä 0.17 
ABA QERAMIK,18.03.26, Ä 92.40 ,20305,ABA QERAMIK,35121,M-ONE Sanitar Silikon,24,Mensuri, Ä 0.17 
URA,18.03.26, Ä 92.40 ,20314,URA,35110,M-ONE Sanitar Silikon,12,Mensuri, Ä 0.17 
URA,18.03.26,,20314,URA,35111,M-ONE Sanitar Silikon,12,Mensuri, Ä 0.17 
SOPAJ,18.03.26, Ä 92.40 ,20311,SOPAJ,35113,M-ONE Sanitar Silikon,24,Mensuri, Ä 0.17 
ARTURI,18.03.26, Ä 138.60 ,20328,ARTURI,35110,M-ONE Sanitar Silikon,12,Mensuri, Ä 0.17 
ARTURI,18.03.26,,20328,ARTURI,35111,M-ONE Sanitar Silikon,12,Mensuri, Ä 0.17 
ARTURI,18.03.26,,20328,ARTURI,35121,M-ONE Sanitar Silikon,12,Mensuri, Ä 0.17 
ARSIMI,23.03.26, Ä 693.00 ,10258,ARSIMI,35121,M-ONE Sanitar Silikon,180,Qerimi, Ä 0.17 
YLLI CONSTRUCION,23.03.26, Ä 32.00 ,40017,YLLI CONSTRUCION,35121,M-ONE Sanitar Silikon,8,0, Ä 0.17 
HIDROELDI,23.03.26, Ä 184.80 ,10133,HIDROELDI,35128,M-ONE Sanitar Silikon,48,Qerimi, Ä 0.17 
KADIJOLLET,23.03.26, Ä 92.40 ,10111,KADIJOLLET,35111,M-ONE Sanitar Silikon,12,Qerimi, Ä 0.17 
KADIJOLLET,23.03.26,,10111,KADIJOLLET,35115,M-ONE Sanitar Silikon,12,Qerimi, Ä 0.17 
KUJTA,23.03.26, Ä 184.80 ,10625,KUJTA,35121,M-ONE Sanitar Silikon,36,Qerimi, Ä 0.17 
KUJTA,23.03.26,,10625,KUJTA,35128,M-ONE Sanitar Silikon,12,Qerimi, Ä 0.17 
TERMO PROJEKT,23.03.26, Ä 46.20 ,20127,TERMO PROJEKT,35110,M-ONE Sanitar Silikon,12,Mensuri, Ä 0.17 
ENESI,23.03.26, Ä 92.40 ,20130,ENESI,35108,M-ONE Sanitar Silikon,12,Mensuri, Ä 0.17 
ENESI,23.03.26,,20130,ENESI,35110,M-ONE Sanitar Silikon,12,Mensuri, Ä 0.17 
TE GZIMI,23.03.26, Ä 36.00 ,20101,TE GZIMI,49644,beMAKER Rostlîser,6,Mensuri, Ä 0.20 
TE GZIMI,23.03.26,,20101,TE GZIMI,54412,beMAKER Bremsen&Teile Reininger,8,Mensuri, Ä 0.20 
TE GZIMI,23.03.26,,20101,TE GZIMI,50912,DICHTUNG,1,Mensuri, Ä 0.20 
LULI-C,23.03.26, Ä 64.80 ,20126,LULI-C,66701,PROFIMONT EXTREME,9,Mensuri, Ä 0.20 
LULI-C,23.03.26,,20126,LULI-C,49644,beMAKER Rostlîser,6,Mensuri, Ä 0.20 
CAMA BAU,23.03.26, Ä 92.40 ,20121,CAMA BAU,35115,M-ONE Sanitar Silikon,12,Mensuri, Ä 0.17 
CAMA BAU,23.03.26,,20121,CAMA BAU,35121,M-ONE Sanitar Silikon,12,Mensuri, Ä 0.17 
TE BESNIKU,24.03.26, Ä 92.40 ,10201,TE BESNIKU,35108,M-ONE Sanitar Silikon,24,Qerimi, Ä 0.17 
GIMI,24.03.26, Ä 138.60 ,10204,GIMI,35121,M-ONE Sanitar Silikon,36,Qerimi, Ä 0.17 
TE BESNIKU,24.03.26, Ä 46.20 ,10201,TE BESNIKU,35111,M-ONE Sanitar Silikon,12,Qerimi, Ä 0.17 
XHAFA,24.03.26, Ä 92.40 ,10205,XHAFA,35121,M-ONE Sanitar Silikon,12,Qerimi, Ä 0.17 
XHAFA,24.03.26,,10205,XHAFA,35109,M-ONE Sanitar Silikon,12,Qerimi, Ä 0.17 
METAL FATI,24.03.26, Ä 92.40 ,10202,METAL FATI,35108,M-ONE Sanitar Silikon,12,Qerimi, Ä 0.17 
METAL FATI,24.03.26,,10202,METAL FATI,35128,M-ONE Sanitar Silikon,12,Qerimi, Ä 0.17 
ARPO,24.03.26, Ä 293.20 ,10240,ARPO,35121,M-ONE Sanitar Silikon,48,Qerimi, Ä 0.17 
ARPO,24.03.26,,10240,ARPO,35128,M-ONE Sanitar Silikon,12,Qerimi, Ä 0.17 
ARPO,24.03.26,,10240,ARPO,35113,M-ONE Sanitar Silikon,12,Qerimi, Ä 0.17 
ARPO,24.03.26,,10240,ARPO,12000,BAU CLEAN,2,Qerimi, Ä 0.50 
TEMAJ,24.03.26, Ä 138.60 ,40019,TEMAJ,35108,M-ONE Sanitar Silikon,12,0, Ä 0.17 
TEMAJ,24.03.26,,40019,TEMAJ,35121,M-ONE Sanitar Silikon,24,0, Ä 0.17 
INOX 2,24.03.26, Ä 92.40 ,20212,INOX 2,35108,M-ONE Sanitar Silikon,12,Mensuri, Ä 0.17 
INOX 2,24.03.26,,20212,INOX 2,35110,M-ONE Sanitar Silikon,12,Mensuri, Ä 0.17 
GER COLORS,24.03.26, Ä 92.40 ,20223,GER COLORS,35113,M-ONE Sanitar Silikon,12,Mensuri, Ä 0.17 
GER COLORS,24.03.26,,20223,GER COLORS,35119,M-ONE Sanitar Silikon,12,Mensuri, Ä 0.17 
V. GJONAJ,24.03.26, Ä 92.40 ,20208,V. GJONAJ,35113,M-ONE Sanitar Silikon,12,Mensuri, Ä 0.17 
V. GJONAJ,24.03.26,,20208,V. GJONAJ,35114,M-ONE Sanitar Silikon,12,Mensuri, Ä 0.17 
AFRIMI-AG,24.03.26, Ä 92.40 ,20203,AFRIMI-AG,35111,M-ONE Sanitar Silikon,12,Mensuri, Ä 0.17 
AFRIMI-AG,24.03.26,,20203,AFRIMI-AG,35128,M-ONE Sanitar Silikon,12,Mensuri, Ä 0.17 
TE BESIMI,24.03.26, Ä 67.60 ,20201,TE BESIMI,51612,struktural akryl,12,Mensuri, Ä 0.06 
TE BESIMI,24.03.26,,20201,TE BESIMI,56117,M ONE UBS,7,Mensuri, Ä 0.20 
TE BESIMI,24.03.26,,20201,TE BESIMI,39505,M ONE SILIKON SPRAY,4,Mensuri, Ä 0.20 
ARBENI BIOBLIC,24.03.26, Ä 245.80 ,40003,ARBENI BIOBLIC,20001,BioBlic Universalreiniger,150,0, Ä 0.30 
ARBENI BIOBLIC,24.03.26,,40003,ARBENI BIOBLIC,30275,Blic Blic SanitÑrreiniger,20,0, Ä 0.30 
ARBENI BIOBLIC,24.03.26,,40003,ARBENI BIOBLIC,39505,M ONE SILIKON SPRAY,5,0, Ä 0.20 
ARBENI BIOBLIC,24.03.26,,40003,ARBENI BIOBLIC,11000,Bodenreiniger,2,0, Ä 0.50 
DARDANIA,25.03.26, Ä 46.20 ,10332,DARDANIA,35121,M-ONE Sanitar Silikon,12,Qerimi, Ä 0.17 
BALLKANI,25.03.26, Ä 323.40 ,10350,BALLKANI,35113,M-ONE Sanitar Silikon,12,Qerimi, Ä 0.17 
BALLKANI,25.03.26,,10350,BALLKANI,35128,M-ONE Sanitar Silikon,12,Qerimi, Ä 0.17 
BALLKANI,25.03.26,,10350,BALLKANI,35115,M-ONE Sanitar Silikon,12,Qerimi, Ä 0.17 
BALLKANI,25.03.26,,10350,BALLKANI,35121,M-ONE Sanitar Silikon,48,Qerimi, Ä 0.17 
GLOBAL NT,25.03.26, Ä 73.80 ,10360,#N/A,35111,M-ONE Sanitar Silikon,12,Qerimi, Ä 0.17 
GLOBAL NT,25.03.26,,10360,#N/A,51612,struktural akryl,12,Qerimi, Ä 0.06 
TINA,25.03.26, Ä 92.40 ,10344,TINA,35128,M-ONE Sanitar Silikon,12,Qerimi, Ä 0.17 
TINA,25.03.26,,10344,TINA,35108,M-ONE Sanitar Silikon,12,Qerimi, Ä 0.17 
BEKA-2,25.03.26, Ä 41.60 ,10317,BEKA-2,54412,beMAKER Bremsen&Teile Reininger,10,Qerimi, Ä 0.20 
BEKA-2,25.03.26,,10317,BEKA-2,50912,DICHTUNG,3,Qerimi, Ä 0.20 
FATMIRI,25.03.26, Ä 99.40 ,10313,FATMIRI,35121,M-ONE Sanitar Silikon,24,Qerimi, Ä 0.17 
FATMIRI,25.03.26,,10313,FATMIRI,44001,Fettspray,2,Qerimi, Ä 0.20 
BEKA-1,25.03.26, Ä 40.00 ,10303,BEKA-1,50912,DICHTUNG,5,Qerimi, Ä 0.20 
BEKA-1,25.03.26,,10303,BEKA-1,49644,beMAKER Rostlîser,2,Qerimi, Ä 0.20 
TREND CERAMIKA,25.03.26, Ä 92.40 ,10353,TREND CERAMIKA,35121,M-ONE Sanitar Silikon,24,Qerimi, Ä 0.17 
CONDOR,25.03.26, Ä 193.80 ,20307,CONDOR,35110,M-ONE Sanitar Silikon,24,Mensuri, Ä 0.17 
CONDOR,25.03.26,,20307,CONDOR,35108,M-ONE Sanitar Silikon,12,Mensuri, Ä 0.17 
CONDOR,25.03.26,,20307,CONDOR,51612,struktural akryl,24,Mensuri, Ä 0.06 
CONDOR,25.03.26,,20307,CONDOR,51936,M ONE SCHWARZ GLéNZED,12,Mensuri, Ä 0.15 
CONDOR,25.03.26,,20307,CONDOR,51736,M ONE SCHWARZ MATT,12,Mensuri, Ä 0.15 
CONDOR,25.03.26,,20307,CONDOR,31819,M ONE FUERROT,6,Mensuri, Ä 0.15 
CONDOR,25.03.26,,20307,CONDOR,69236,M ONE WEISS GLéNZEND,6,Mensuri, Ä 0.15 
CONDOR,25.03.26,,20307,CONDOR,49644,beMAKER Rostlîser,12,Mensuri, Ä 0.20 
BARDHI-M,25.03.26, Ä 92.40 ,20331,BARDHI-M,35110,M-ONE Sanitar Silikon,12,Mensuri, Ä 0.17 
BARDHI-M,25.03.26,,20331,BARDHI-M,35121,M-ONE Sanitar Silikon,12,Mensuri, Ä 0.17 
BEREQETI,25.03.26, Ä 147.60 ,20321,BEREQETI,35121,M-ONE Sanitar Silikon,24,Mensuri, Ä 0.17 
BEREQETI,25.03.26,,20321,BEREQETI,51612,struktural akryl,24,Mensuri, Ä 0.06 
AGRO-FARM,25.03.26, Ä 70.20 ,20304,AGRO-FARM,35111,M-ONE Sanitar Silikon,12,Mensuri, Ä 0.17 
AGRO-FARM,25.03.26,,20304,AGRO-FARM,54412,beMAKER Bremsen&Teile Reininger,12,Mensuri, Ä 0.20 
ABA QERAMIK,25.03.26, Ä 92.40 ,20305,ABA QERAMIK,35121,M-ONE Sanitar Silikon,24,Mensuri, Ä 0.17 
DURGUTI 3,25.03.26, Ä 92.40 ,20313,DURGUTI 3,35108,M-ONE Sanitar Silikon,12,Mensuri, Ä 0.17 
DURGUTI 3,25.03.26,,20313,DURGUTI 3,35128,M-ONE Sanitar Silikon,12,Mensuri, Ä 0.17 
SHEHU-A,25.03.26, Ä 98.40 ,20317,SHEHU-A,50912,DICHTUNG,12,Mensuri, Ä 0.20 
SHEHU-A,25.03.26,,20317,SHEHU-A,49644,beMAKER Rostlîser,6,Mensuri, Ä 0.20 
ARBENI BIOBLIC,25.03.26, Ä 40.00 ,40003,ARBENI BIOBLIC,30275,Blic Blic SanitÑrreiniger,40,0, Ä 0.30 
YLLI CONSTRUCION,26.03.26, Ä 24.00 ,40017,YLLI CONSTRUCION,35121,M-ONE Sanitar Silikon,3,0, Ä 0.17 
YLLI CONSTRUCION,26.03.26,,40017,YLLI CONSTRUCION,35113,M-ONE Sanitar Silikon,3,0, Ä 0.17 
ARBENI BIOBLIC,26.03.26, Ä 204.00 ,40003,ARBENI BIOBLIC,20001,BioBlic Universalreiniger,100,0, Ä 0.30 
ARBENI BIOBLIC,26.03.26,,40003,ARBENI BIOBLIC,30275,Blic Blic SanitÑrreiniger,40,0, Ä 0.30 
ARBENI BIOBLIC,26.03.26,,40003,ARBENI BIOBLIC,39505,M ONE SILIKON SPRAY,7,0, Ä 0.20 
ARBENI BIOBLIC,26.03.26,,40003,ARBENI BIOBLIC,11000,Bodenreiniger,2,0, Ä 0.50 
ARBENI BIOBLIC,26.03.26,,40003,ARBENI BIOBLIC,31880,HAT LACK 800,1,0, Ä 0.35 
GRANITI,26.03.26, Ä 27.60 ,10410,GRANITI,51612,struktural akryl,12,Qerimi, Ä 0.06 
DRCOR,26.03.26, Ä 92.40 ,10401,DRCOR,35121,M-ONE Sanitar Silikon,24,Qerimi, Ä 0.17 
UNIVERZAL,26.03.26, Ä 91.30 ,10413,UNIVERZAL,51612,struktural akryl,12,Qerimi, Ä 0.06 
UNIVERZAL,26.03.26,,10413,UNIVERZAL,35121,M-ONE Sanitar Silikon,12,Qerimi, Ä 0.17 
UNIVERZAL,26.03.26,,10413,UNIVERZAL,44001,Fettspray,5,Qerimi, Ä 0.20 
SAN KOS,26.03.26, Ä 46.20 ,10429,SAN KOS,35128,M-ONE Sanitar Silikon,12,Qerimi, Ä 0.17 
EURO COM,26.03.26, Ä 63.70 ,10430,EURO COM,44001,Fettspray,5,Qerimi, Ä 0.20 
EURO COM,26.03.26,,10430,EURO COM,35128,M-ONE Sanitar Silikon,12,Qerimi, Ä 0.17 
AGRONI,26.03.26, Ä 76.20 ,10406,AGRONI,39505,M ONE SILIKON SPRAY,4,Qerimi, Ä 0.20 
AGRONI,26.03.26,,10406,AGRONI,31819,M ONE FUERROT,4,Qerimi, Ä 0.15 
AGRONI,26.03.26,,10406,AGRONI,51936,M ONE SCHWARZ GLéNZED,4,Qerimi, Ä 0.15 
AGRONI,26.03.26,,10406,AGRONI,49644,beMAKER Rostlîser,4,Qerimi, Ä 0.20 
AGRONI,26.03.26,,10406,AGRONI,54412,beMAKER Bremsen&Teile Reininger,4,Qerimi, Ä 0.20 
AGRONI,26.03.26,,10406,AGRONI,55718,M ONE MOTORSTART,4,Qerimi, Ä 0.20 
AGRONI,26.03.26,,10406,AGRONI,50912,DICHTUNG,2,Qerimi, Ä 0.20 
ENISI - H,26.03.26, Ä 46.20 ,10428,ENISI - H,35125,M-ONE Sanitar Silikon,12,Qerimi, Ä 0.17 
M ONE,27.03.26, Ä 24.00 ,blq,M ONE,35119,M-ONE Sanitar Silikon,4,KIM TEC, Ä 0.17 
M ONE,27.03.26,,blq,M ONE,20001,BioBlic Universalreiniger,1,KIM TEC, Ä 0.30 
M ONE,27.03.26,,blq,M ONE,20000,BioBlic AutoInnenreiniger,1,KIM TEC, Ä 0.30 
ARBENI BIOBLIC,27.03.26, Ä 172.00 ,40003,ARBENI BIOBLIC,20001,BioBlic Universalreiniger,120,0, Ä 0.30 
ARBENI BIOBLIC,27.03.26,,40003,ARBENI BIOBLIC,30275,Blic Blic SanitÑrreiniger,10,0, Ä 0.30 
PROCOM,27.03.26, Ä 46.20 ,10502,PROCOM,35128,M-ONE Sanitar Silikon,12,Qerimi, Ä 0.17 
REAL COLOR 2,27.03.26, Ä 184.80 ,10507,REAL COLOR 2,35111,M-ONE Sanitar Silikon,12,Qerimi, Ä 0.17 
REAL COLOR 2,27.03.26,,10507,REAL COLOR 2,35115,M-ONE Sanitar Silikon,12,Qerimi, Ä 0.17 
REAL COLOR 2,27.03.26,,10507,REAL COLOR 2,35121,M-ONE Sanitar Silikon,12,Qerimi, Ä 0.17 
REAL COLOR 2,27.03.26,,10507,REAL COLOR 2,35125,M-ONE Sanitar Silikon,12,Qerimi, Ä 0.17 
MULI,27.03.26, Ä 62.00 ,10511,MULI,16936,M ONE FELGENSILBER,10,Qerimi, Ä 0.15 
MULI,27.03.26,,10511,MULI,31818,M ONE ANTHRAZIT,4,Qerimi, Ä 0.15 
MULI,27.03.26,,10511,MULI,31812,M ONE LACK GELB,10,Qerimi, Ä 0.15 
MULI,27.03.26,,10511,MULI,31827,M ONE LACK GRUN,7,Qerimi, Ä 0.15 
ARBERI,27.03.26, Ä 46.20 ,10506,ARBERI,35125,M-ONE Sanitar Silikon,12,Qerimi, Ä 0.17 
ARDI LIPJAN,27.03.26, Ä 37.50 ,10529,ARDI LIPJAN,31819,M ONE FUERROT,5,Qerimi, Ä 0.15 
ARDI LIPJAN,27.03.26,,10529,ARDI LIPJAN,51936,M ONE SCHWARZ GLéNZED,5,Qerimi, Ä 0.15 
ARDI LIPJAN,27.03.26,,10529,ARDI LIPJAN,69236,M ONE WEISS GLéNZEND,5,Qerimi, Ä 0.15 
BEKA,27.03.26, Ä 46.20 ,10539,BEKA,35110,M-ONE Sanitar Silikon,12,Qerimi, Ä 0.17 
PROCOM,27.03.26, Ä 92.40 ,10502,PROCOM,35111,M-ONE Sanitar Silikon,12,Qerimi, Ä 0.17 
PROCOM,27.03.26,,10502,PROCOM,35113,M-ONE Sanitar Silikon,12,Qerimi, Ä 0.17 
LONI,27.03.26, Ä 86.40 ,10509,LONI,50912,DICHTUNG,12,Qerimi, Ä 0.20 
RACI,27.03.26, Ä 138.60 ,20501,RACI,35108,M-ONE Sanitar Silikon,12,Mensuri, Ä 0.17 
RACI,27.03.26,,20501,RACI,35111,M-ONE Sanitar Silikon,12,Mensuri, Ä 0.17 
RACI,27.03.26,,20501,RACI,35119,M-ONE Sanitar Silikon,12,Mensuri, Ä 0.17 
LIRIDONA KLINE,27.03.26, Ä 138.60 ,20511,LIRIDONA KLINE,35121,M-ONE Sanitar Silikon,24,Mensuri, Ä 0.17 
LIRIDONA KLINE,27.03.26,,20511,LIRIDONA KLINE,35111,M-ONE Sanitar Silikon,12,Mensuri, Ä 0.17 
LIRIDONA HOME,27.03.26, Ä 277.20 ,20508,LIRIDONA HOME,35121,M-ONE Sanitar Silikon,60,Mensuri, Ä 0.17 
LIRIDONA HOME,27.03.26,,20508,LIRIDONA HOME,35110,M-ONE Sanitar Silikon,12,Mensuri, Ä 0.17 
LIRIDONA-A,27.03.26, Ä 138.60 ,20515,LIRIDONA-A,35121,M-ONE Sanitar Silikon,36,Mensuri, Ä 0.17 
BYTYQI-V,27.03.26, Ä 73.80 ,20510,BYTYQI-V,35110,M-ONE Sanitar Silikon,12,Mensuri, Ä 0.17 
BYTYQI-V,27.03.26,,20510,BYTYQI-V,51612,struktural akryl,12,Mensuri, Ä 0.06 
TE BRAHA,27.03.26, Ä 46.20 ,20520,TE BRAHA,35121,M-ONE Sanitar Silikon,12,Mensuri, Ä 0.17 
A.P. HOTI,27.03.26, Ä 47.50 ,20408,A.P. HOTI,16936,M ONE FELGENSILBER,5,Mensuri, Ä 0.15 
A.P. HOTI,27.03.26,,20408,A.P. HOTI,31812,M ONE LACK GELB,3,Mensuri, Ä 0.15 
A.P. HOTI,27.03.26,,20408,A.P. HOTI,51936,M ONE SCHWARZ GLéNZED,3,Mensuri, Ä 0.15 
A.P. HOTI,27.03.26,,20408,A.P. HOTI,31819,M ONE FUERROT,2,Mensuri, Ä 0.15 
A.P. HOTI,27.03.26,,20408,A.P. HOTI,69236,M ONE WEISS GLéNZEND,5,Mensuri, Ä 0.15 
A.P. HOTI,27.03.26,,20408,A.P. HOTI,31827,M ONE LACK GRUN,3,Mensuri, Ä 0.15 
TE BENI,27.03.26, Ä 138.60 ,20407,TE BENI,35110,M-ONE Sanitar Silikon,12,Mensuri, Ä 0.17 
TE BENI,27.03.26,,20407,TE BENI,35115,M-ONE Sanitar Silikon,24,Mensuri, Ä 0.17 
BENI,27.03.26, Ä 86.00 ,20409,BENI,49644,beMAKER Rostlîser,12,Mensuri, Ä 0.20 
BENI,27.03.26,,20409,BENI,51936,M ONE SCHWARZ GLéNZED,5,Mensuri, Ä 0.15 
BENI,27.03.26,,20409,BENI,69236,M ONE WEISS GLéNZEND,5,Mensuri, Ä 0.15 
BENI,27.03.26,,20409,BENI,51736,M ONE SCHWARZ MATT,5,Mensuri, Ä 0.15 
BENI,27.03.26,,20409,BENI,31819,M ONE FUERROT,5,Mensuri, Ä 0.15 
BENI,27.03.26,,20409,BENI,56117,M ONE UBS,3,Mensuri, Ä 0.20 
MEGI,27.03.26, Ä 159.50 ,20406,MEGI,50912,DICHTUNG,20,Mensuri, Ä 0.20 
MEGI,27.03.26,,20406,MEGI,49644,beMAKER Rostlîser,6,Mensuri, Ä 0.20 
MEGI,27.03.26,,20406,MEGI,44001,Fettspray,1,Mensuri, Ä 0.20 
TE MENTORI,27.03.26, Ä 92.40 ,20404,TE MENTORI,35125,M-ONE Sanitar Silikon,12,Mensuri, Ä 0.17 
TE MENTORI,27.03.26,,20404,TE MENTORI,35128,M-ONE Sanitar Silikon,12,Mensuri, Ä 0.17 
TE ZENA,28.03.26, Ä 92.40 ,10616,TE ZENA,35121,M-ONE Sanitar Silikon,24,Qerimi, Ä 0.17 
BECOLOR,28.03.26, Ä 25.00 ,10619,BECOLOR,31818,M ONE ANTHRAZIT,5,Qerimi, Ä 0.15 
BECOLOR,28.03.26,,10619,BECOLOR,31819,M ONE FUERROT,5,Qerimi, Ä 0.15 
TE KELA,28.03.26, Ä 20.00 ,10613,TE KELA,49644,beMAKER Rostlîser,5,Qerimi, Ä 0.20 
TE KELA,28.03.26,,10613,TE KELA,54412,beMAKER Bremsen&Teile Reininger,5,Qerimi, Ä 0.20 
KUJTA,28.03.26, Ä 36.00 ,10625,KUJTA,50912,DICHTUNG,5,Qerimi, Ä 0.20 
KUJTA,28.03.26,,10625,KUJTA,35121,M-ONE Sanitar Silikon,60,Qerimi, Ä 0.17 
AGROLONDI,28.03.26, Ä 231.00 ,20602,AGROLONDI,35125,M-ONE Sanitar Silikon,24,Mensuri, Ä 0.17 
AGROLONDI,28.03.26,,20602,AGROLONDI,35115,M-ONE Sanitar Silikon,24,Mensuri, Ä 0.17 
AGROLONDI,28.03.26,,20602,AGROLONDI,35110,M-ONE Sanitar Silikon,12,Mensuri, Ä 0.17 
ILIRI QERAMIKA,28.03.26, Ä 92.40 ,20622,ILIRI QERAMIKA,35111,M-ONE Sanitar Silikon,12,Mensuri, Ä 0.17 
ILIRI QERAMIKA,28.03.26,,20622,ILIRI QERAMIKA,35121,M-ONE Sanitar Silikon,12,Mensuri, Ä 0.17 
TE-SYLA,28.03.26, Ä 135.40 ,20606,TE-SYLA,35115,M-ONE Sanitar Silikon,12,Mensuri, Ä 0.17 
TE-SYLA,28.03.26,,20606,TE-SYLA,35121,M-ONE Sanitar Silikon,12,Mensuri, Ä 0.17 
TE-SYLA,28.03.26,,20606,TE-SYLA,44001,Fettspray,3,Mensuri, Ä 0.20 
TE-SYLA,28.03.26,,20606,TE-SYLA,39505,M ONE SILIKON SPRAY,3,Mensuri, Ä 0.20 
TE-SYLA,28.03.26,,20606,TE-SYLA,55718,M ONE MOTORSTART,3,Mensuri, Ä 0.20 
TE-SYLA,28.03.26,,20606,TE-SYLA,50912,DICHTUNG,2,Mensuri, Ä 0.20 
TE-LUTA,28.03.26, Ä 323.40 ,20611,TE-LUTA,35121,M-ONE Sanitar Silikon,24,Mensuri, Ä 0.17 
TE-LUTA,28.03.26,,20611,TE-LUTA,35114,M-ONE Sanitar Silikon,12,Mensuri, Ä 0.17 
TE-LUTA,28.03.26,,20611,TE-LUTA,35113,M-ONE Sanitar Silikon,24,Mensuri, Ä 0.17 
TE-LUTA,28.03.26,,20611,TE-LUTA,35125,M-ONE Sanitar Silikon,12,Mensuri, Ä 0.17 
TE-LUTA,28.03.26,,20611,TE-LUTA,35128,M-ONE Sanitar Silikon,12,Mensuri, Ä 0.17 
MIX-B,28.03.26, Ä 166.20 ,20615,MIX-B,35110,M-ONE Sanitar Silikon,12,Mensuri, Ä 0.17 
MIX-B,28.03.26,,20615,MIX-B,35111,M-ONE Sanitar Silikon,12,Mensuri, Ä 0.17 
MIX-B,28.03.26,,20615,MIX-B,35121,M-ONE Sanitar Silikon,12,Mensuri, Ä 0.17 
MIX-B,28.03.26,,20615,MIX-B,51612,struktural akryl,12,Mensuri, Ä 0.06 
PROMOIN,28.03.26, Ä 92.40 ,20603,PROMOIN,35110,M-ONE Sanitar Silikon,24,Mensuri, Ä 0.17 
BUJARI Q - BESII,28.03.26, Ä 231.00 ,20609,BUJARI Q - BESII,35121,M-ONE Sanitar Silikon,48,Mensuri, Ä 0.17 
BUJARI Q - BESII,28.03.26,,20609,BUJARI Q - BESII,35113,M-ONE Sanitar Silikon,12,Mensuri, Ä 0.17 
F.V. SH.P.K. ,28.03.26, Ä 66.60 ,20607,F.V. SH.P.K. ,51612,struktural akryl,12,Mensuri, Ä 0.06 
F.V. SH.P.K. ,28.03.26,,20607,F.V. SH.P.K. ,26736,M ONE HAFTGRUND,7,Mensuri, Ä 0.15 
F.V. SH.P.K. ,28.03.26,,20607,F.V. SH.P.K. ,51736,M ONE SCHWARZ MATT,5,Mensuri, Ä 0.15 
F.V. SH.P.K. ,28.03.26,,20607,F.V. SH.P.K. ,39505,M ONE SILIKON SPRAY,3,Mensuri, Ä 0.20 
F.V. SH.P.K. ,28.03.26,,20607,F.V. SH.P.K. ,16936,M ONE FELGENSILBER,4,Mensuri, Ä 0.15 
UNIKA,28.03.26, Ä 184.80 ,20627,UNIKA,35108,M-ONE Sanitar Silikon,12,Mensuri, Ä 0.17 
UNIKA,28.03.26,,20627,UNIKA,35128,M-ONE Sanitar Silikon,12,Mensuri, Ä 0.17 
UNIKA,28.03.26,,20627,UNIKA,35125,M-ONE Sanitar Silikon,12,Mensuri, Ä 0.17 
UNIKA,28.03.26,,20627,UNIKA,35110,M-ONE Sanitar Silikon,12,Mensuri, Ä 0.17 
CHE BAR LOUNGE BAR,30.03.26, Ä 40.00 ,10141,CHE BAR LOUNGE BAR,20001,BioBlic Universalreiniger,20,Qerimi, Ä 0.30 
JETARI,30.03.26, Ä 46.20 ,10104,JETARI,35110,M-ONE Sanitar Silikon,12,Qerimi, Ä 0.17 
KADIJOLLET,30.03.26, Ä 108.70 ,10111,KADIJOLLET,29801,beMaker Handwaschpaste,1,Qerimi, Ä 0.50 
KADIJOLLET,30.03.26,,10111,KADIJOLLET,54412,beMAKER Bremsen&Teile Reininger,5,Qerimi, Ä 0.20 
KADIJOLLET,30.03.26,,10111,KADIJOLLET,49644,beMAKER Rostlîser,5,Qerimi, Ä 0.20 
KADIJOLLET,30.03.26,,10111,KADIJOLLET,55718,M ONE MOTORSTART,5,Qerimi, Ä 0.20 
KADIJOLLET,30.03.26,,10111,KADIJOLLET,35115,M-ONE Sanitar Silikon,12,Qerimi, Ä 0.17 
BESI COM,30.03.26, Ä 46.20 ,10103,BESI COM,35121,M-ONE Sanitar Silikon,12,Qerimi, Ä 0.17 
QELA,30.03.26, Ä 119.90 ,10114,QELA,35110,M-ONE Sanitar Silikon,12,Qerimi, Ä 0.17 
QELA,30.03.26,,10114,QELA,35111,M-ONE Sanitar Silikon,12,Qerimi, Ä 0.17 
QELA,30.03.26,,10114,QELA,49644,beMAKER Rostlîser,5,Qerimi, Ä 0.20 
QELA,30.03.26,,10114,QELA,44001,Fettspray,5,Qerimi, Ä 0.20 
HIDROELDI,30.03.26, Ä 46.20 ,10133,HIDROELDI,35128,M-ONE Sanitar Silikon,12,Qerimi, Ä 0.17 
ARSIM,30.03.26, Ä 46.20 ,10105,ARSIM,35115,M-ONE Sanitar Silikon,12,Qerimi, Ä 0.17 
TECOL 2,30.03.26, Ä 70.20 ,20111,TECOL 2,35108,M-ONE Sanitar Silikon,12,Mensuri, Ä 0.17 
TECOL 2,30.03.26,,20111,TECOL 2,31880,HAT LACK 800,6,Mensuri, Ä 0.35 
LNI SHPK,30.03.26, Ä 92.40 ,20129,LNI SHPK,35110,M-ONE Sanitar Silikon,12,Mensuri, Ä 0.17 
LNI SHPK,30.03.26,,20129,LNI SHPK,35113,M-ONE Sanitar Silikon,12,Mensuri, Ä 0.17 
TERMO PROJEKT,30.03.26, Ä 138.60 ,20127,TERMO PROJEKT,35114,M-ONE Sanitar Silikon,12,Mensuri, Ä 0.17 
TERMO PROJEKT,30.03.26,,20127,TERMO PROJEKT,35115,M-ONE Sanitar Silikon,12,Mensuri, Ä 0.17 
TERMO PROJEKT,30.03.26,,20127,TERMO PROJEKT,35128,M-ONE Sanitar Silikon,12,Mensuri, Ä 0.17 
ENESI,30.03.26, Ä 25.00 ,20130,ENESI,51936,M ONE SCHWARZ GLéNZED,6,Mensuri, Ä 0.15 
ENESI,30.03.26,,20130,ENESI,16936,M ONE FELGENSILBER,2,Mensuri, Ä 0.15 
ENESI,30.03.26,,20130,ENESI,69236,M ONE WEISS GLéNZEND,2,Mensuri, Ä 0.15 
KUQI-LKW,30.03.26, Ä 101.40 ,20102,KUQI-LKW,50912,DICHTUNG,12,Mensuri, Ä 0.20 
KUQI-LKW,30.03.26,,20102,KUQI-LKW,51936,M ONE SCHWARZ GLéNZED,2,Mensuri, Ä 0.15 
KUQI-LKW,30.03.26,,20102,KUQI-LKW,49644,beMAKER Rostlîser,5,Mensuri, Ä 0.20 
TE GZIMI,30.03.26, Ä 37.50 ,20101,TE GZIMI,49644,beMAKER Rostlîser,6,Mensuri, Ä 0.20 
TE GZIMI,30.03.26,,20101,TE GZIMI,55718,M ONE MOTORSTART,5,Mensuri, Ä 0.20 
TE GZIMI,30.03.26,,20101,TE GZIMI,54412,beMAKER Bremsen&Teile Reininger,4,Mensuri, Ä 0.20 
CAMA BAU,30.03.26, Ä 231.00 ,20121,CAMA BAU,35108,M-ONE Sanitar Silikon,24,Mensuri, Ä 0.17 
CAMA BAU,30.03.26,,20121,CAMA BAU,35114,M-ONE Sanitar Silikon,12,Mensuri, Ä 0.17 
CAMA BAU,30.03.26,,20121,CAMA BAU,35113,M-ONE Sanitar Silikon,12,Mensuri, Ä 0.17 
CAMA BAU,30.03.26,,20121,CAMA BAU,35121,M-ONE Sanitar Silikon,12,Mensuri, Ä 0.17 
YLLI CONSTRUCION,30.03.26, Ä 48.00 ,40017,YLLI CONSTRUCION,35128,M-ONE Sanitar Silikon,12,0, Ä 0.17 
XHAFA,31.03.26, Ä 50.40 ,10205,XHAFA,72101,Zink Spray Hell,12,Qerimi, Ä 0.20 
MONI 2,31.03.26, Ä 92.40 ,10210,MONI 2,35121,M-ONE Sanitar Silikon,24,Qerimi, Ä 0.17 
XHAFA,31.03.26, Ä 67.80 ,10205,XHAFA,50912,DICHTUNG,3,Qerimi, Ä 0.20 
XHAFA,31.03.26,,10205,XHAFA,35128,M-ONE Sanitar Silikon,12,Qerimi, Ä 0.17 
KRRABAJ,31.03.26, Ä 86.40 ,10146,#N/A,50912,DICHTUNG,12,Qerimi, Ä 0.20 
TE BESNIKU,31.03.26, Ä 92.40 ,10201,TE BESNIKU,35108,M-ONE Sanitar Silikon,12,Qerimi, Ä 0.17 
TE BESNIKU,31.03.26,,10201,TE BESNIKU,35125,M-ONE Sanitar Silikon,12,Qerimi, Ä 0.17 
ARPO,31.03.26, Ä 138.60 ,10240,ARPO,35111,M-ONE Sanitar Silikon,12,Qerimi, Ä 0.17 
ARPO,31.03.26,,10240,ARPO,35113,M-ONE Sanitar Silikon,12,Qerimi, Ä 0.17 
ARPO,31.03.26,,10240,ARPO,35119,M-ONE Sanitar Silikon,12,Qerimi, Ä 0.17 
AB SHPK,31.03.26, Ä 46.20 ,10241,AB SHPK,35128,M-ONE Sanitar Silikon,12,Qerimi, Ä 0.17 
JETA DUHEL,31.03.26, Ä 92.40 ,10230,JETA DUHEL,35110,M-ONE Sanitar Silikon,12,Qerimi, Ä 0.17 
JETA DUHEL,31.03.26,,10230,JETA DUHEL,35121,M-ONE Sanitar Silikon,12,Qerimi, Ä 0.17 
BEK TRADE,31.03.26, Ä 46.20 ,10245,BEK TRADE,35108,M-ONE Sanitar Silikon,12,Qerimi, Ä 0.17 
MURIQI 1,31.03.26, Ä 43.50 ,10223,MURIQI 1,31880,HAT LACK 800,6,Qerimi, Ä 0.35 
MURIQI 1,31.03.26,,10223,MURIQI 1,39505,M ONE SILIKON SPRAY,4,Qerimi, Ä 0.20 
MURIQI 1,31.03.26,,10223,MURIQI 1,51936,M ONE SCHWARZ GLéNZED,3,Qerimi, Ä 0.15 
TEMAJ,31.03.26, Ä 138.60 ,40019,TEMAJ,35108,M-ONE Sanitar Silikon,12,0, Ä 0.17 
TEMAJ,31.03.26,,40019,TEMAJ,35119,M-ONE Sanitar Silikon,12,0, Ä 0.17 
TEMAJ,31.03.26,,40019,TEMAJ,35128,M-ONE Sanitar Silikon,12,0, Ä 0.17 
LIRA ,31.03.26, Ä 277.20 ,20229,LIRA ,35108,M-ONE Sanitar Silikon,24,Mensuri, Ä 0.17 
LIRA ,31.03.26,,20229,LIRA ,35115,M-ONE Sanitar Silikon,24,Mensuri, Ä 0.17 
LIRA ,31.03.26,,20229,LIRA ,35128,M-ONE Sanitar Silikon,24,Mensuri, Ä 0.17 
LETAJ,31.03.26, Ä 103.20 ,20209,LETAJ,51612,struktural akryl,24,Mensuri, Ä 0.06 
LETAJ,31.03.26,,20209,LETAJ,56117,M ONE UBS,6,Mensuri, Ä 0.20 
LETAJ,31.03.26,,20209,LETAJ,49644,beMAKER Rostlîser,12,Mensuri, Ä 0.20 
GACAFERI-RG,31.03.26, Ä 19.00 ,20205,GACAFERI-RG,56117,M ONE UBS,3,Mensuri, Ä 0.20 
GACAFERI-RG,31.03.26,,20205,GACAFERI-RG,44001,Fettspray,2,Mensuri, Ä 0.20 
INOX 2,31.03.26, Ä 92.40 ,20212,INOX 2,35121,M-ONE Sanitar Silikon,12,Mensuri, Ä 0.17 
INOX 2,31.03.26,,20212,INOX 2,35128,M-ONE Sanitar Silikon,12,Mensuri, Ä 0.17 
AFRIMI-AG,31.03.26, Ä 184.80 ,20203,AFRIMI-AG,35108,M-ONE Sanitar Silikon,12,Mensuri, Ä 0.17 
AFRIMI-AG,31.03.26,,20203,AFRIMI-AG,35113,M-ONE Sanitar Silikon,24,Mensuri, Ä 0.17 
AFRIMI-AG,31.03.26,,20203,AFRIMI-AG,35125,M-ONE Sanitar Silikon,12,Mensuri, Ä 0.17 
TE BESIMI,31.03.26, Ä 102.40 ,20201,TE BESIMI,35110,M-ONE Sanitar Silikon,12,Mensuri, Ä 0.17 
TE BESIMI,31.03.26,,20201,TE BESIMI,35128,M-ONE Sanitar Silikon,12,Mensuri, Ä 0.17 
TE BESIMI,31.03.26,,20201,TE BESIMI,54412,beMAKER Bremsen&Teile Reininger,5,Mensuri, Ä 0.20 
ARBENI BIOBLIC,31.03.26, Ä 175.00 ,40003,ARBENI BIOBLIC,20001,BioBlic Universalreiniger,100,0, Ä 0.30 
ARBENI BIOBLIC,31.03.26,,40003,ARBENI BIOBLIC,30275,Blic Blic SanitÑrreiniger,40,0, Ä 0.30 
KRRABAJ,01.04.26, Ä 96.00 ,10147,#N/A,50912,DICHTUNG,12,Qerimi, Ä 0.20 
IBAK,01.04.26, Ä 92.40 ,10340,IBAK,35109,M-ONE Sanitar Silikon,24,Qerimi, Ä 0.17 
TINA,01.04.26, Ä 138.60 ,10344,TINA,35112,M-ONE Sanitar Silikon,12,Qerimi, Ä 0.17 
TINA,01.04.26,,10344,TINA,35113,M-ONE Sanitar Silikon,12,Qerimi, Ä 0.17 
TINA,01.04.26,,10344,TINA,35108,M-ONE Sanitar Silikon,12,Qerimi, Ä 0.17 
FUGA MONT,01.04.26, Ä 30.00 ,10333,FUGA MONT,51611,universal akryl,24,Qerimi, Ä 0.06 
SMIRA COLOR,01.04.26, Ä 92.40 ,10367,SMIRA COLOR,35113,M-ONE Sanitar Silikon,12,Qerimi, Ä 0.17 
SMIRA COLOR,01.04.26,,10367,SMIRA COLOR,35121,M-ONE Sanitar Silikon,12,Qerimi, Ä 0.17 
BALLKANI,01.04.26, Ä 184.80 ,10350,BALLKANI,35110,M-ONE Sanitar Silikon,12,Qerimi, Ä 0.17 
BALLKANI,01.04.26,,10350,BALLKANI,35121,M-ONE Sanitar Silikon,36,Qerimi, Ä 0.17 
DARDANIA,01.04.26, Ä 107.40 ,10332,DARDANIA,35121,M-ONE Sanitar Silikon,24,Qerimi, Ä 0.17 
DARDANIA,01.04.26,,10332,DARDANIA,51611,universal akryl,12,Qerimi, Ä 0.06 
EUROSAN,01.04.26, Ä 15.00 ,10304,EUROSAN,51611,universal akryl,12,Qerimi, Ä 0.06 
ERALP,01.04.26, Ä 277.20 ,10308,ERALP,35112,M-ONE Sanitar Silikon,24,Qerimi, Ä 0.17 
ERALP,01.04.26,,10308,ERALP,35128,M-ONE Sanitar Silikon,24,Qerimi, Ä 0.17 
ERALP,01.04.26,,10308,ERALP,35125,M-ONE Sanitar Silikon,12,Qerimi, Ä 0.17 
ERALP,01.04.26,,10308,ERALP,35121,M-ONE Sanitar Silikon,12,Qerimi, Ä 0.17 
TREND CERAMIKA,01.04.26, Ä 61.20 ,10353,TREND CERAMIKA,35121,M-ONE Sanitar Silikon,12,Qerimi, Ä 0.17 
TREND CERAMIKA,01.04.26,,10353,TREND CERAMIKA,51611,universal akryl,12,Qerimi, Ä 0.06 
NDRIQIMI,02.04.26, Ä 76.20 ,10418,NDRIQIMI,35115,M-ONE Sanitar Silikon,12,Qerimi, Ä 0.17 
NDRIQIMI,02.04.26,,10418,NDRIQIMI,51611,universal akryl,24,Qerimi, Ä 0.06 
ALBANI,02.04.26, Ä 270.00 ,10638,#N/A,35121,M-ONE Sanitar Silikon,60,Qerimi, Ä 0.17 
ALBANI,02.04.26,,10638,#N/A,35121,M-ONE Sanitar Silikon,60,Qerimi, Ä 0.17 
GRANITI,02.04.26, Ä 92.40 ,10410,GRANITI,35110,M-ONE Sanitar Silikon,12,Qerimi, Ä 0.17 
GRANITI,02.04.26,,10410,GRANITI,35112,M-ONE Sanitar Silikon,12,Qerimi, Ä 0.17 
UNIVERZAL,02.04.26, Ä 61.20 ,10413,UNIVERZAL,35112,M-ONE Sanitar Silikon,12,Qerimi, Ä 0.17 
UNIVERZAL,02.04.26,,10413,UNIVERZAL,51611,universal akryl,12,Qerimi, Ä 0.06 
AGRONI,02.04.26, Ä 86.40 ,10406,AGRONI,50912,DICHTUNG,12,Qerimi, Ä 0.20 
ENISI - H,02.04.26, Ä 61.20 ,10428,ENISI - H,35112,M-ONE Sanitar Silikon,12,Qerimi, Ä 0.17 
ENISI - H,02.04.26,,10428,ENISI - H,51612,struktural akryl,12,Qerimi, Ä 0.06 
DRCOR,02.04.26, Ä 92.40 ,10401,DRCOR,35108,M-ONE Sanitar Silikon,12,Qerimi, Ä 0.17 
DRCOR,02.04.26,,10401,DRCOR,35125,M-ONE Sanitar Silikon,12,Qerimi, Ä 0.17 
BAU HOME,02.04.26, Ä 46.20 ,20324,BAU HOME,35113,M-ONE Sanitar Silikon,12,Mensuri, Ä 0.17 
CONDOR,02.04.26, Ä 231.00 ,20307,CONDOR,35108,M-ONE Sanitar Silikon,12,Mensuri, Ä 0.17 
CONDOR,02.04.26,,20307,CONDOR,35112,M-ONE Sanitar Silikon,12,Mensuri, Ä 0.17 
CONDOR,02.04.26,,20307,CONDOR,35115,M-ONE Sanitar Silikon,12,Mensuri, Ä 0.17 
CONDOR,02.04.26,,20307,CONDOR,35121,M-ONE Sanitar Silikon,12,Mensuri, Ä 0.17 
CONDOR,02.04.26,,20307,CONDOR,35128,M-ONE Sanitar Silikon,12,Mensuri, Ä 0.17 
CONDOR,02.04.26,,20307,CONDOR,66701,PROFIMONT EXTREME,12,Mensuri, Ä 0.20 
CONDOR,02.04.26,,20307,CONDOR,51611,universal akryl,36,Mensuri, Ä 0.06 
DURGUTI 3,02.04.26, Ä 162.00 ,20313,DURGUTI 3,66701,PROFIMONT EXTREME,12,Mensuri, Ä 0.20 
DURGUTI 3,02.04.26,,20313,DURGUTI 3,35112,M-ONE Sanitar Silikon,12,Mensuri, Ä 0.17 
DURGUTI 3,02.04.26,,20313,DURGUTI 3,35109,M-ONE Sanitar Silikon,12,Mensuri, Ä 0.17 
BARDHI-M,02.04.26, Ä 138.60 ,20331,BARDHI-M,35112,M-ONE Sanitar Silikon,12,Mensuri, Ä 0.17 
BARDHI-M,02.04.26,,20331,BARDHI-M,35121,M-ONE Sanitar Silikon,12,Mensuri, Ä 0.17 
BARDHI-M,02.04.26,,20331,BARDHI-M,35128,M-ONE Sanitar Silikon,12,Mensuri, Ä 0.17 
FITIMI,02.04.26, Ä 138.60 ,20306,FITIMI,35109,M-ONE Sanitar Silikon,12,Mensuri, Ä 0.17 
FITIMI,02.04.26,,20306,FITIMI,35125,M-ONE Sanitar Silikon,12,Mensuri, Ä 0.17 
FITIMI,02.04.26,,20306,FITIMI,35128,M-ONE Sanitar Silikon,12,Mensuri, Ä 0.17 
TERMOT,02.04.26, Ä 92.40 ,20329,TERMOT,35109,M-ONE Sanitar Silikon,12,Mensuri, Ä 0.17 
TERMOT,02.04.26,,20329,TERMOT,35111,M-ONE Sanitar Silikon,12,Mensuri, Ä 0.17 
ARTURI,02.04.26, Ä 138.60 ,20328,ARTURI,35108,M-ONE Sanitar Silikon,12,Mensuri, Ä 0.17 
ARTURI,02.04.26,,20328,ARTURI,35112,M-ONE Sanitar Silikon,12,Mensuri, Ä 0.17 
ARTURI,02.04.26,,20328,ARTURI,35115,M-ONE Sanitar Silikon,12,Mensuri, Ä 0.17 
SOPAJ,02.04.26, Ä 92.40 ,20311,SOPAJ,35109,M-ONE Sanitar Silikon,12,Mensuri, Ä 0.17 
SOPAJ,02.04.26,,20311,SOPAJ,35110,M-ONE Sanitar Silikon,12,Mensuri, Ä 0.17 
URA,02.04.26, Ä 92.40 ,20314,URA,35110,M-ONE Sanitar Silikon,12,Mensuri, Ä 0.17 
URA,02.04.26,,20314,URA,35113,M-ONE Sanitar Silikon,12,Mensuri, Ä 0.17 
HB-DECOR,02.04.26, Ä 208.80 ,20228,HB-DECOR,66701,PROFIMONT EXTREME,36,Mensuri, Ä 0.20 
PROCOM,03.04.26, Ä 34.00 ,10502,PROCOM,44001,Fettspray,8,Qerimi, Ä 0.20 
PROCOM,03.04.26,,10502,PROCOM,39505,M ONE SILIKON SPRAY,2,Qerimi, Ä 0.20 
REAL COLOR 2,03.04.26, Ä 138.60 ,10507,REAL COLOR 2,35112,M-ONE Sanitar Silikon,12,Qerimi, Ä 0.17 
REAL COLOR 2,03.04.26,,10507,REAL COLOR 2,35113,M-ONE Sanitar Silikon,12,Qerimi, Ä 0.17 
REAL COLOR 2,03.04.26,,10507,REAL COLOR 2,35114,M-ONE Sanitar Silikon,12,Qerimi, Ä 0.17 
LONI,03.04.26, Ä 106.40 ,10509,LONI,50912,DICHTUNG,12,Qerimi, Ä 0.20 
LONI,03.04.26,,10509,LONI,56117,M ONE UBS,5,Qerimi, Ä 0.20 
BALLKANI,03.04.26, Ä 184.80 ,10350,BALLKANI,35121,M-ONE Sanitar Silikon,48,Qerimi, Ä 0.17 
LITA,03.04.26, Ä 46.20 ,10542,LITA,35110,M-ONE Sanitar Silikon,12,Qerimi, Ä 0.17 
ARBERI,03.04.26, Ä 56.20 ,10506,ARBERI,49644,beMAKER Rostlîser,5,Qerimi, Ä 0.20 
ARBERI,03.04.26,,10506,ARBERI,35111,M-ONE Sanitar Silikon,12,Qerimi, Ä 0.17 
ARDI LIPJAN,03.04.26, Ä 49.20 ,10529,ARDI LIPJAN,50912,DICHTUNG,6,Qerimi, Ä 0.20 
ARDI LIPJAN,03.04.26,,10529,ARDI LIPJAN,49644,beMAKER Rostlîser,3,Qerimi, Ä 0.20 
RACI,03.04.26, Ä 208.20 ,20501,RACI,35108,M-ONE Sanitar Silikon,12,Mensuri, Ä 0.17 
RACI,03.04.26,,20501,RACI,35109,M-ONE Sanitar Silikon,12,Mensuri, Ä 0.17 
RACI,03.04.26,,20501,RACI,35128,M-ONE Sanitar Silikon,12,Mensuri, Ä 0.17 
RACI,03.04.26,,20501,RACI,66701,PROFIMONT EXTREME,12,Mensuri, Ä 0.20 
HOXHA,03.04.26, Ä 120.00 ,20502,HOXHA,35111,M-ONE Sanitar Silikon,12,Mensuri, Ä 0.17 
HOXHA,03.04.26,,20502,HOXHA,35112,M-ONE Sanitar Silikon,12,Mensuri, Ä 0.17 
HOXHA,03.04.26,,20502,HOXHA,51612,struktural akryl,12,Mensuri, Ä 0.06 
LIRIDONA KLINE,03.04.26, Ä 122.40 ,20511,LIRIDONA KLINE,35109,M-ONE Sanitar Silikon,24,Mensuri, Ä 0.17 
LIRIDONA KLINE,03.04.26,,20511,LIRIDONA KLINE,51611,universal akryl,24,Mensuri, Ä 0.06 
LIRIDONA HOME,03.04.26, Ä 208.20 ,20508,LIRIDONA HOME,35109,M-ONE Sanitar Silikon,36,Mensuri, Ä 0.17 
LIRIDONA HOME,03.04.26,,20508,LIRIDONA HOME,66701,PROFIMONT EXTREME,12,Mensuri, Ä 0.20 
BERATI A.P. (1),03.04.26, Ä 32.50 ,20513,BERATI A.P. (1),55718,M ONE MOTORSTART,6,Mensuri, Ä 0.20 
BERATI A.P. (1),03.04.26,,20513,BERATI A.P. (1),56117,M ONE UBS,2,Mensuri, Ä 0.20 
BERATI A.P. (1),03.04.26,,20513,BERATI A.P. (1),44001,Fettspray,1,Mensuri, Ä 0.20 
LIRIDONA-A,03.04.26, Ä 246.60 ,20515,LIRIDONA-A,35111,M-ONE Sanitar Silikon,12,Mensuri, Ä 0.17 
LIRIDONA-A,03.04.26,,20515,LIRIDONA-A,35112,M-ONE Sanitar Silikon,12,Mensuri, Ä 0.17 
LIRIDONA-A,03.04.26,,20515,LIRIDONA-A,51611,universal akryl,12,Mensuri, Ä 0.06 
LIRIDONA-A,03.04.26,,20515,LIRIDONA-A,66701,PROFIMONT EXTREME,24,Mensuri, Ä 0.20 
A.P. HOTI,03.04.26, Ä 40.50 ,20408,A.P. HOTI,55718,M ONE MOTORSTART,2,Mensuri, Ä 0.20 
A.P. HOTI,03.04.26,,20408,A.P. HOTI,51936,M ONE SCHWARZ GLéNZED,2,Mensuri, Ä 0.15 
A.P. HOTI,03.04.26,,20408,A.P. HOTI,51736,M ONE SCHWARZ MATT,2,Mensuri, Ä 0.15 
A.P. HOTI,03.04.26,,20408,A.P. HOTI,69236,M ONE WEISS GLéNZEND,3,Mensuri, Ä 0.15 
A.P. HOTI,03.04.26,,20408,A.P. HOTI,56117,M ONE UBS,4,Mensuri, Ä 0.20 
TE BENI,03.04.26, Ä 277.20 ,20407,TE BENI,35112,M-ONE Sanitar Silikon,12,Mensuri, Ä 0.17 
TE BENI,03.04.26,,20407,TE BENI,35121,M-ONE Sanitar Silikon,12,Mensuri, Ä 0.17 
TE BENI,03.04.26,,20407,TE BENI,35115,M-ONE Sanitar Silikon,12,Mensuri, Ä 0.17 
TE BENI,03.04.26,,20407,TE BENI,35111,M-ONE Sanitar Silikon,12,Mensuri, Ä 0.17 
TE BENI,03.04.26,,20407,TE BENI,35110,M-ONE Sanitar Silikon,12,Mensuri, Ä 0.17 
TE BENI,03.04.26,,20407,TE BENI,35109,M-ONE Sanitar Silikon,12,Mensuri, Ä 0.17 
MEGI,03.04.26, Ä 40.00 ,20406,MEGI,49644,beMAKER Rostlîser,13,Mensuri, Ä 0.20 
MEGI,03.04.26,,20406,MEGI,55718,M ONE MOTORSTART,4,Mensuri, Ä 0.20 
TE MENTORI,03.04.26, Ä 92.40 ,20404,TE MENTORI,35112,M-ONE Sanitar Silikon,12,Mensuri, Ä 0.17 
TE MENTORI,03.04.26,,20404,TE MENTORI,35128,M-ONE Sanitar Silikon,12,Mensuri, Ä 0.17 
TERMIKA,03.04.26, Ä 92.40 ,20403,TERMIKA,35110,M-ONE Sanitar Silikon,12,Mensuri, Ä 0.17 
TERMIKA,03.04.26,,20403,TERMIKA,35111,M-ONE Sanitar Silikon,12,Mensuri, Ä 0.17 
ALBANI,04.04.26, Ä 46.20 ,10635,#N/A,35114,M-ONE Sanitar Silikon,12,Qerimi, Ä 0.17 
KUJTA,04.04.26, Ä 138.60 ,10625,KUJTA,35121,M-ONE Sanitar Silikon,12,Qerimi, Ä 0.17 
KUJTA,04.04.26,,10625,KUJTA,35115,M-ONE Sanitar Silikon,12,Qerimi, Ä 0.17 
KUJTA,04.04.26,,10625,KUJTA,35125,M-ONE Sanitar Silikon,12,Qerimi, Ä 0.17 
KUSHA,04.04.26, Ä 20.00 ,10604,KUSHA,54412,beMAKER Bremsen&Teile Reininger,5,Qerimi, Ä 0.20 
KUSHA,04.04.26,,10604,KUSHA,49644,beMAKER Rostlîser,5,Qerimi, Ä 0.20 
TE KELA,04.04.26, Ä 56.00 ,10613,TE KELA,49644,beMAKER Rostlîser,10,Qerimi, Ä 0.20 
TE KELA,04.04.26,,10613,TE KELA,50912,DICHTUNG,5,Qerimi, Ä 0.20 
ALBANI,04.04.26, Ä 46.20 ,10636,#N/A,35110,M-ONE Sanitar Silikon,12,Qerimi, Ä 0.17 
TE ZENA,04.04.26, Ä 92.40 ,10616,TE ZENA,35113,M-ONE Sanitar Silikon,12,Qerimi, Ä 0.17 
TE ZENA,04.04.26,,10616,TE ZENA,35119,M-ONE Sanitar Silikon,12,Qerimi, Ä 0.17 
AGRO-XHETI,04.04.26, Ä 508.20 ,20610,AGRO-XHETI,35125,M-ONE Sanitar Silikon,36,Mensuri, Ä 0.17 
AGRO-XHETI,04.04.26,,20610,AGRO-XHETI,35128,M-ONE Sanitar Silikon,12,Mensuri, Ä 0.17 
AGRO-XHETI,04.04.26,,20610,AGRO-XHETI,35121,M-ONE Sanitar Silikon,24,Mensuri, Ä 0.17 
AGRO-XHETI,04.04.26,,20610,AGRO-XHETI,35112,M-ONE Sanitar Silikon,24,Mensuri, Ä 0.17 
AGRO-XHETI,04.04.26,,20610,AGRO-XHETI,35109,M-ONE Sanitar Silikon,24,Mensuri, Ä 0.17 
AGRO-XHETI,04.04.26,,20610,AGRO-XHETI,35115,M-ONE Sanitar Silikon,12,Mensuri, Ä 0.17 
SALIHU CORPORATION,04.04.26, Ä 231.00 ,20635,#N/A,35109,M-ONE Sanitar Silikon,36,Mensuri, Ä 0.17 
SALIHU CORPORATION,04.04.26,,20635,#N/A,35110,M-ONE Sanitar Silikon,12,Mensuri, Ä 0.17 
SALIHU CORPORATION,04.04.26,,20635,#N/A,35113,M-ONE Sanitar Silikon,12,Mensuri, Ä 0.17 
GLOBAL TOOLS,04.04.26, Ä 353.40 ,20632,GLOBAL TOOLS,35112,M-ONE Sanitar Silikon,24,Mensuri, Ä 0.17 
GLOBAL TOOLS,04.04.26,,20632,GLOBAL TOOLS,35125,M-ONE Sanitar Silikon,24,Mensuri, Ä 0.17 
GLOBAL TOOLS,04.04.26,,20632,GLOBAL TOOLS,35113,M-ONE Sanitar Silikon,12,Mensuri, Ä 0.17 
GLOBAL TOOLS,04.04.26,,20632,GLOBAL TOOLS,35109,M-ONE Sanitar Silikon,12,Mensuri, Ä 0.17 
GLOBAL TOOLS,04.04.26,,20632,GLOBAL TOOLS,35121,M-ONE Sanitar Silikon,12,Mensuri, Ä 0.17 
GLOBAL TOOLS,04.04.26,,20632,GLOBAL TOOLS,51611,universal akryl,24,Mensuri, Ä 0.06 
BUJARI Q - BESII,04.04.26, Ä 153.60 ,20609,BUJARI Q - BESII,35109,M-ONE Sanitar Silikon,36,Mensuri, Ä 0.17 
BUJARI Q - BESII,04.04.26,,20609,BUJARI Q - BESII,51611,universal akryl,12,Mensuri, Ä 0.06 
AGROLONDI,04.04.26, Ä 292.20 ,20602,AGROLONDI,35109,M-ONE Sanitar Silikon,24,Mensuri, Ä 0.17 
AGROLONDI,04.04.26,,20602,AGROLONDI,35121,M-ONE Sanitar Silikon,24,Mensuri, Ä 0.17 
AGROLONDI,04.04.26,,20602,AGROLONDI,35110,M-ONE Sanitar Silikon,24,Mensuri, Ä 0.17 
AGROLONDI,04.04.26,,20602,AGROLONDI,51611,universal akryl,12,Mensuri, Ä 0.06 
LTI,04.04.26, Ä 254.40 ,20623,LTI,66701,PROFIMONT EXTREME,12,Mensuri, Ä 0.20 
LTI,04.04.26,,20623,LTI,35109,M-ONE Sanitar Silikon,12,Mensuri, Ä 0.17 
LTI,04.04.26,,20623,LTI,35113,M-ONE Sanitar Silikon,12,Mensuri, Ä 0.17 
LTI,04.04.26,,20623,LTI,35112,M-ONE Sanitar Silikon,12,Mensuri, Ä 0.17 
LTI,04.04.26,,20623,LTI,35110,M-ONE Sanitar Silikon,12,Mensuri, Ä 0.17 
AS QERAMIKA,04.04.26, Ä 369.60 ,20614,AS QERAMIKA,35109,M-ONE Sanitar Silikon,60,Mensuri, Ä 0.17 
AS QERAMIKA,04.04.26,,20614,AS QERAMIKA,35110,M-ONE Sanitar Silikon,36,Mensuri, Ä 0.17 
HIDRO DANI,04.04.26, Ä 222.40 ,20630,HIDRO DANI,35110,M-ONE Sanitar Silikon,12,Mensuri, Ä 0.17 
HIDRO DANI,04.04.26,,20630,HIDRO DANI,35112,M-ONE Sanitar Silikon,12,Mensuri, Ä 0.17 
HIDRO DANI,04.04.26,,20630,HIDRO DANI,35111,M-ONE Sanitar Silikon,12,Mensuri, Ä 0.17 
HIDRO DANI,04.04.26,,20630,HIDRO DANI,35109,M-ONE Sanitar Silikon,12,Mensuri, Ä 0.17 
HIDRO DANI,04.04.26,,20630,HIDRO DANI,51612,struktural akryl,12,Mensuri, Ä 0.06 
HIDRO DANI,04.04.26,,20630,HIDRO DANI,16936,M ONE FELGENSILBER,4,Mensuri, Ä 0.15 
UNIKA,04.04.26, Ä 162.00 ,20627,UNIKA,35109,M-ONE Sanitar Silikon,12,Mensuri, Ä 0.17 
UNIKA,04.04.26,,20627,UNIKA,35113,M-ONE Sanitar Silikon,12,Mensuri, Ä 0.17 
UNIKA,04.04.26,,20627,UNIKA,66701,PROFIMONT EXTREME,12,Mensuri, Ä 0.20 
ELEKTROMONT,04.04.26, Ä 79.20 ,20601,ELEKTROMONT,35110,M-ONE Sanitar Silikon,12,Mensuri, Ä 0.17 
ELEKTROMONT,04.04.26,,20601,ELEKTROMONT,26736,M ONE HAFTGRUND,6,Mensuri, Ä 0.15 
ELEKTROMONT,04.04.26,,20601,ELEKTROMONT,49644,beMAKER Rostlîser,6,Mensuri, Ä 0.20 
ELEKTROMONT,04.04.26,,20601,ELEKTROMONT,54412,beMAKER Bremsen&Teile Reininger,3,Mensuri, Ä 0.20 
ELEKTROMONT,04.04.26,,20601,ELEKTROMONT,55718,M ONE MOTORSTART,2,Mensuri, Ä 0.20 
BULONI - SH,04.04.26, Ä 122.40 ,20624,BULONI - SH,35121,M-ONE Sanitar Silikon,12,Mensuri, Ä 0.17 
BULONI - SH,04.04.26,,20624,BULONI - SH,35109,M-ONE Sanitar Silikon,12,Mensuri, Ä 0.17 
BULONI - SH,04.04.26,,20624,BULONI - SH,51611,universal akryl,24,Mensuri, Ä 0.06 
DIVA QERAMIKA,04.04.26, Ä 184.80 ,20628,DIVA QERAMIKA,35109,M-ONE Sanitar Silikon,12,Mensuri, Ä 0.17 
DIVA QERAMIKA,04.04.26,,20628,DIVA QERAMIKA,35111,M-ONE Sanitar Silikon,12,Mensuri, Ä 0.17 
DIVA QERAMIKA,04.04.26,,20628,DIVA QERAMIKA,35112,M-ONE Sanitar Silikon,12,Mensuri, Ä 0.17 
DIVA QERAMIKA,04.04.26,,20628,DIVA QERAMIKA,35121,M-ONE Sanitar Silikon,12,Mensuri, Ä 0.17 
HIDROELDI,06.04.26, Ä 46.20 ,10133,HIDROELDI,35113,M-ONE Sanitar Silikon,12,Qerimi, Ä 0.17 
AFRIMI,06.04.26, Ä 92.40 ,10110,AFRIMI,35112,M-ONE Sanitar Silikon,24,Qerimi, Ä 0.17 
KADIJOLLET,06.04.26, Ä 103.80 ,10111,KADIJOLLET,50912,DICHTUNG,3,Qerimi, Ä 0.20 
KADIJOLLET,06.04.26,,10111,KADIJOLLET,51611,universal akryl,12,Qerimi, Ä 0.06 
KADIJOLLET,06.04.26,,10111,KADIJOLLET,44001,Fettspray,6,Qerimi, Ä 0.20 
KADIJOLLET,06.04.26,,10111,KADIJOLLET,35111,M-ONE Sanitar Silikon,12,Qerimi, Ä 0.17 
QELA,06.04.26, Ä 92.40 ,10114,QELA,35128,M-ONE Sanitar Silikon,12,Qerimi, Ä 0.17 
QELA,06.04.26,,10114,QELA,35109,M-ONE Sanitar Silikon,12,Qerimi, Ä 0.17 
JETARI,06.04.26, Ä 46.20 ,10104,JETARI,35114,M-ONE Sanitar Silikon,12,Qerimi, Ä 0.17 
BEGU,06.04.26, Ä 50.00 ,10117,BEGU,44001,Fettspray,4,Qerimi, Ä 0.20 
BEGU,06.04.26,,10117,BEGU,50912,DICHTUNG,5,Qerimi, Ä 0.20 
KENA COMERC,06.04.26, Ä 152.40 ,20109,KENA COMERC,35109,M-ONE Sanitar Silikon,12,Mensuri, Ä 0.17 
KENA COMERC,06.04.26,,20109,KENA COMERC,35112,M-ONE Sanitar Silikon,12,Mensuri, Ä 0.17 
KENA COMERC,06.04.26,,20109,KENA COMERC,51611,universal akryl,48,Mensuri, Ä 0.06 
TECOL 2,06.04.26, Ä 83.00 ,20111,TECOL 2,51611,universal akryl,12,Mensuri, Ä 0.06 
TECOL 2,06.04.26,,20111,TECOL 2,72101,Zink Spray Hell,4,Mensuri, Ä 0.20 
TECOL 2,06.04.26,,20111,TECOL 2,31822,M ONE GOLD SPRAY,4,Mensuri, Ä 0.15 
TECOL 2,06.04.26,,20111,TECOL 2,51936,M ONE SCHWARZ GLéNZED,4,Mensuri, Ä 0.15 
TECOL 2,06.04.26,,20111,TECOL 2,54412,beMAKER Bremsen&Teile Reininger,4,Mensuri, Ä 0.20 
TECOL 2,06.04.26,,20111,TECOL 2,39505,M ONE SILIKON SPRAY,2,Mensuri, Ä 0.20 
TECOL 2,06.04.26,,20111,TECOL 2,31880,HAT LACK 800,6,Mensuri, Ä 0.35 
KTHIMI,06.04.26, Ä 208.20 ,20104,KTHIMI,35108,M-ONE Sanitar Silikon,12,Mensuri, Ä 0.17 
KTHIMI,06.04.26,,20104,KTHIMI,35112,M-ONE Sanitar Silikon,12,Mensuri, Ä 0.17 
KTHIMI,06.04.26,,20104,KTHIMI,35121,M-ONE Sanitar Silikon,12,Mensuri, Ä 0.17 
KTHIMI,06.04.26,,20104,KTHIMI,66701,PROFIMONT EXTREME,12,Mensuri, Ä 0.20 
GLOBI TERM,06.04.26, Ä 92.40 ,20122,GLOBI TERM,35110,M-ONE Sanitar Silikon,24,Mensuri, Ä 0.17 
TERMO PROJEKT,06.04.26, Ä 162.00 ,20127,TERMO PROJEKT,66701,PROFIMONT EXTREME,12,Mensuri, Ä 0.20 
TERMO PROJEKT,06.04.26,,20127,TERMO PROJEKT,35113,M-ONE Sanitar Silikon,12,Mensuri, Ä 0.17 
TERMO PROJEKT,06.04.26,,20127,TERMO PROJEKT,35115,M-ONE Sanitar Silikon,12,Mensuri, Ä 0.17 
ENESI,06.04.26, Ä 58.20 ,20130,ENESI,35113,M-ONE Sanitar Silikon,12,Mensuri, Ä 0.17 
ENESI,06.04.26,,20130,ENESI,54412,beMAKER Bremsen&Teile Reininger,6,Mensuri, Ä 0.20 
LNI SHPK,06.04.26, Ä 92.40 ,20129,LNI SHPK,35109,M-ONE Sanitar Silikon,24,Mensuri, Ä 0.17 
LULI-C,06.04.26, Ä 167.60 ,20126,LULI-C,35111,M-ONE Sanitar Silikon,12,Mensuri, Ä 0.17 
LULI-C,06.04.26,,20126,LULI-C,35112,M-ONE Sanitar Silikon,12,Mensuri, Ä 0.17 
LULI-C,06.04.26,,20126,LULI-C,35113,M-ONE Sanitar Silikon,12,Mensuri, Ä 0.17 
LULI-C,06.04.26,,20126,LULI-C,16936,M ONE FELGENSILBER,6,Mensuri, Ä 0.15 
LULI-C,06.04.26,,20126,LULI-C,44001,Fettspray,2,Mensuri, Ä 0.20 
LULI-C,06.04.26,,20126,LULI-C,55718,M ONE MOTORSTART,2,Mensuri, Ä 0.20 
CAMA BAU,06.04.26, Ä 208.20 ,20121,CAMA BAU,35109,M-ONE Sanitar Silikon,24,Mensuri, Ä 0.17 
CAMA BAU,06.04.26,,20121,CAMA BAU,35113,M-ONE Sanitar Silikon,12,Mensuri, Ä 0.17 
CAMA BAU,06.04.26,,20121,CAMA BAU,66701,PROFIMONT EXTREME,12,Mensuri, Ä 0.20 
AP WOLF,06.04.26, Ä 44.50 ,20118,AP WOLF,51936,M ONE SCHWARZ GLéNZED,4,Mensuri, Ä 0.15 
AP WOLF,06.04.26,,20118,AP WOLF,51736,M ONE SCHWARZ MATT,4,Mensuri, Ä 0.15 
AP WOLF,06.04.26,,20118,AP WOLF,16936,M ONE FELGENSILBER,3,Mensuri, Ä 0.15 
AP WOLF,06.04.26,,20118,AP WOLF,31819,M ONE FUERROT,4,Mensuri, Ä 0.15 
AP WOLF,06.04.26,,20118,AP WOLF,55718,M ONE MOTORSTART,2,Mensuri, Ä 0.20 
QEMA,07.04.26, Ä 208.80 ,10255,QEMA,66701,PROFIMONT EXTREME,36,Qerimi, Ä 0.20 
MONI 2,07.04.26, Ä 73.80 ,10210,MONI 2,35121,M-ONE Sanitar Silikon,12,Qerimi, Ä 0.17 
MONI 2,07.04.26,,10210,MONI 2,51612,struktural akryl,12,Qerimi, Ä 0.06 
TE BESNIKU,07.04.26, Ä 184.80 ,10201,TE BESNIKU,35112,M-ONE Sanitar Silikon,12,Qerimi, Ä 0.17 
TE BESNIKU,07.04.26,,10201,TE BESNIKU,35109,M-ONE Sanitar Silikon,12,Qerimi, Ä 0.17 
TE BESNIKU,07.04.26,,10201,TE BESNIKU,35121,M-ONE Sanitar Silikon,12,Qerimi, Ä 0.17 
TE BESNIKU,07.04.26,,10201,TE BESNIKU,35115,M-ONE Sanitar Silikon,12,Qerimi, Ä 0.17 
TAULANTI,07.04.26, Ä 46.20 ,10251,#N/A,35113,M-ONE Sanitar Silikon,12,Qerimi, Ä 0.17 
XHAFA,07.04.26, Ä 231.00 ,10205,XHAFA,35108,M-ONE Sanitar Silikon,12,Qerimi, Ä 0.17 
XHAFA,07.04.26,,10205,XHAFA,35110,M-ONE Sanitar Silikon,12,Qerimi, Ä 0.17 
XHAFA,07.04.26,,10205,XHAFA,35111,M-ONE Sanitar Silikon,12,Qerimi, Ä 0.17 
XHAFA,07.04.26,,10205,XHAFA,35115,M-ONE Sanitar Silikon,12,Qerimi, Ä 0.17 
XHAFA,07.04.26,,10205,XHAFA,35121,M-ONE Sanitar Silikon,12,Qerimi, Ä 0.17 
ARPO,07.04.26, Ä 138.60 ,10240,ARPO,35112,M-ONE Sanitar Silikon,12,Qerimi, Ä 0.17 
ARPO,07.04.26,,10240,ARPO,35115,M-ONE Sanitar Silikon,12,Qerimi, Ä 0.17 
ARPO,07.04.26,,10240,ARPO,35128,M-ONE Sanitar Silikon,12,Qerimi, Ä 0.17 
QEMA,07.04.26, Ä 46.20 ,10256,#N/A,35110,M-ONE Sanitar Silikon,12,Qerimi, Ä 0.17 
BERISHA,07.04.26, Ä 162.00 ,10257,BERISHA,66701,PROFIMONT EXTREME,12,Qerimi, Ä 0.20 
BERISHA,07.04.26,,10257,BERISHA,35109,M-ONE Sanitar Silikon,24,Qerimi, Ä 0.17 
METAL FATI,07.04.26, Ä 46.20 ,10202,METAL FATI,35109,M-ONE Sanitar Silikon,12,Qerimi, Ä 0.17 
EMSA,07.04.26, Ä 273.60 ,10203,EMSA,35109,M-ONE Sanitar Silikon,60,Qerimi, Ä 0.17 
EMSA,07.04.26,,10203,EMSA,51611,universal akryl,12,Qerimi, Ä 0.06 
EMSA,07.04.26,,10203,EMSA,51612,struktural akryl,12,Qerimi, Ä 0.06 
TANI,07.04.26, Ä 138.60 ,20224,TANI,35109,M-ONE Sanitar Silikon,12,Mensuri, Ä 0.17 
TANI,07.04.26,,20224,TANI,35110,M-ONE Sanitar Silikon,12,Mensuri, Ä 0.17 
LETAJ,07.04.26, Ä 393.00 ,20209,LETAJ,35109,M-ONE Sanitar Silikon,24,Mensuri, Ä 0.17 
LETAJ,07.04.26,,20209,LETAJ,35110,M-ONE Sanitar Silikon,24,Mensuri, Ä 0.17 
LETAJ,07.04.26,,20209,LETAJ,35112,M-ONE Sanitar Silikon,24,Mensuri, Ä 0.17 
LETAJ,07.04.26,,20209,LETAJ,35114,M-ONE Sanitar Silikon,12,Mensuri, Ä 0.17 
LETAJ,07.04.26,,20209,LETAJ,66701,PROFIMONT EXTREME,12,Mensuri, Ä 0.20 
GACAFERI-RG,07.04.26, Ä 120.00 ,20205,GACAFERI-RG,35110,M-ONE Sanitar Silikon,12,Mensuri, Ä 0.17 
GACAFERI-RG,07.04.26,,20205,GACAFERI-RG,35112,M-ONE Sanitar Silikon,12,Mensuri, Ä 0.17 
GACAFERI-RG,07.04.26,,20205,GACAFERI-RG,51612,struktural akryl,12,Mensuri, Ä 0.06 
ERENIKU,07.04.26, Ä 107.40 ,20206,ERENIKU,35119,M-ONE Sanitar Silikon,12,Mensuri, Ä 0.17 
ERENIKU,07.04.26,,20206,ERENIKU,35115,M-ONE Sanitar Silikon,12,Mensuri, Ä 0.17 
ERENIKU,07.04.26,,20206,ERENIKU,51611,universal akryl,12,Mensuri, Ä 0.06 
INOX 2,07.04.26, Ä 153.60 ,20212,INOX 2,35108,M-ONE Sanitar Silikon,12,Mensuri, Ä 0.17 
INOX 2,07.04.26,,20212,INOX 2,35109,M-ONE Sanitar Silikon,12,Mensuri, Ä 0.17 
INOX 2,07.04.26,,20212,INOX 2,35113,M-ONE Sanitar Silikon,12,Mensuri, Ä 0.17 
INOX 2,07.04.26,,20212,INOX 2,51612,struktural akryl,12,Mensuri, Ä 0.06 
INOX 1,07.04.26, Ä 92.40 ,20211,INOX 1,35109,M-ONE Sanitar Silikon,12,Mensuri, Ä 0.17 
INOX 1,07.04.26,,20211,INOX 1,35112,M-ONE Sanitar Silikon,12,Mensuri, Ä 0.17 
GER COLORS,07.04.26, Ä 115.80 ,20223,GER COLORS,35115,M-ONE Sanitar Silikon,12,Mensuri, Ä 0.17 
GER COLORS,07.04.26,,20223,GER COLORS,66701,PROFIMONT EXTREME,12,Mensuri, Ä 0.20 
AFRIMI-AG,07.04.26, Ä 254.40 ,20203,AFRIMI-AG,35109,M-ONE Sanitar Silikon,12,Mensuri, Ä 0.17 
AFRIMI-AG,07.04.26,,20203,AFRIMI-AG,35112,M-ONE Sanitar Silikon,12,Mensuri, Ä 0.17 
AFRIMI-AG,07.04.26,,20203,AFRIMI-AG,35113,M-ONE Sanitar Silikon,12,Mensuri, Ä 0.17 
AFRIMI-AG,07.04.26,,20203,AFRIMI-AG,35115,M-ONE Sanitar Silikon,12,Mensuri, Ä 0.17 
AFRIMI-AG,07.04.26,,20203,AFRIMI-AG,66701,PROFIMONT EXTREME,12,Mensuri, Ä 0.20 
TE BESIMI,07.04.26, Ä 327.60 ,20201,TE BESIMI,35109,M-ONE Sanitar Silikon,48,Mensuri, Ä 0.17 
TE BESIMI,07.04.26,,20201,TE BESIMI,35112,M-ONE Sanitar Silikon,12,Mensuri, Ä 0.17 
TE BESIMI,07.04.26,,20201,TE BESIMI,51611,universal akryl,36,Mensuri, Ä 0.06 
TE BESIMI,07.04.26,,20201,TE BESIMI,29802,beMaker Handwaschpaste,8,Mensuri, Ä 0.10 
TE BESIMI,07.04.26,,20201,TE BESIMI,56117,M ONE UBS,6,Mensuri, Ä 0.20 
TE BESIMI,07.04.26,,20201,TE BESIMI,49644,beMAKER Rostlîser,6,Mensuri, Ä 0.20 
TE BESIMI,07.04.26,,20201,TE BESIMI,26736,M ONE HAFTGRUND,6,Mensuri, Ä 0.15 
CAMA BAU,07.04.26, Ä 62.00 ,20121,CAMA BAU,30277,KAMIN CLEANER,10,Mensuri, Ä 0.50 
CAMA BAU,07.04.26,,20121,CAMA BAU,31880,HAT LACK 800,12,Mensuri, Ä 0.35 
MIRSADI,08.04.26, Ä 184.80 ,10366,MIRSADI,35109,M-ONE Sanitar Silikon,12,Qerimi, Ä 0.17 
MIRSADI,08.04.26,,10366,MIRSADI,35121,M-ONE Sanitar Silikon,12,Qerimi, Ä 0.17 
MIRSADI,08.04.26,,10366,MIRSADI,35112,M-ONE Sanitar Silikon,12,Qerimi, Ä 0.17 
MIRSADI,08.04.26,,10366,MIRSADI,35110,M-ONE Sanitar Silikon,12,Qerimi, Ä 0.17 
EUROSAN,08.04.26, Ä 273.60 ,10304,EUROSAN,35108,M-ONE Sanitar Silikon,12,Qerimi, Ä 0.17 
EUROSAN,08.04.26,,10304,EUROSAN,35110,M-ONE Sanitar Silikon,12,Qerimi, Ä 0.17 
EUROSAN,08.04.26,,10304,EUROSAN,35111,M-ONE Sanitar Silikon,12,Qerimi, Ä 0.17 
EUROSAN,08.04.26,,10304,EUROSAN,35115,M-ONE Sanitar Silikon,12,Qerimi, Ä 0.17 
EUROSAN,08.04.26,,10304,EUROSAN,35121,M-ONE Sanitar Silikon,12,Qerimi, Ä 0.17 
EUROSAN,08.04.26,,10304,EUROSAN,51611,universal akryl,12,Qerimi, Ä 0.06 
EUROSAN,08.04.26,,10304,EUROSAN,51612,struktural akryl,12,Qerimi, Ä 0.06 
BURIMI,08.04.26, Ä 92.40 ,10330,BURIMI,35110,M-ONE Sanitar Silikon,12,Qerimi, Ä 0.17 
BURIMI,08.04.26,,10330,BURIMI,35115,M-ONE Sanitar Silikon,12,Qerimi, Ä 0.17 
BALLKANI,08.04.26, Ä 138.60 ,10350,BALLKANI,35113,M-ONE Sanitar Silikon,12,Qerimi, Ä 0.17 
BALLKANI,08.04.26,,10350,BALLKANI,35121,M-ONE Sanitar Silikon,12,Qerimi, Ä 0.17 
BALLKANI,08.04.26,,10350,BALLKANI,35128,M-ONE Sanitar Silikon,12,Qerimi, Ä 0.17 
SMIRA,08.04.26, Ä 231.00 ,10352,SMIRA,35121,M-ONE Sanitar Silikon,24,Qerimi, Ä 0.17 
SMIRA,08.04.26,,10352,SMIRA,35114,M-ONE Sanitar Silikon,12,Qerimi, Ä 0.17 
SMIRA,08.04.26,,10352,SMIRA,35115,M-ONE Sanitar Silikon,12,Qerimi, Ä 0.17 
SMIRA,08.04.26,,10352,SMIRA,35113,M-ONE Sanitar Silikon,12,Qerimi, Ä 0.17 
ER POWER,08.04.26, Ä 86.40 ,10327,ER POWER,50912,DICHTUNG,12,Qerimi, Ä 0.20 
FATMIRI,08.04.26, Ä 92.40 ,10313,FATMIRI,35121,M-ONE Sanitar Silikon,24,Qerimi, Ä 0.17 
PARKETI,08.04.26, Ä 61.20 ,10325,PARKETI,35110,M-ONE Sanitar Silikon,12,Qerimi, Ä 0.17 
PARKETI,08.04.26,,10325,PARKETI,51611,universal akryl,12,Qerimi, Ä 0.06 
ERALP,08.04.26, Ä 92.40 ,10308,ERALP,35113,M-ONE Sanitar Silikon,12,Qerimi, Ä 0.17 
ERALP,08.04.26,,10308,ERALP,35125,M-ONE Sanitar Silikon,12,Qerimi, Ä 0.17 
BEKA-1,08.04.26, Ä 56.00 ,10303,BEKA-1,50912,DICHTUNG,5,Qerimi, Ä 0.20 
BEKA-1,08.04.26,,10303,BEKA-1,56117,M ONE UBS,5,Qerimi, Ä 0.20 
GLOBAL NT,08.04.26, Ä 120.00 ,10359,#N/A,35128,M-ONE Sanitar Silikon,12,Qerimi, Ä 0.17 
GLOBAL NT,08.04.26,,10359,#N/A,35121,M-ONE Sanitar Silikon,12,Qerimi, Ä 0.17 
GLOBAL NT,08.04.26,,10359,#N/A,51612,struktural akryl,12,Qerimi, Ä 0.06 
KOS CERAMIK,08.04.26, Ä 92.40 ,10364,KOS CERAMIK,35113,M-ONE Sanitar Silikon,12,Qerimi, Ä 0.17 
KOS CERAMIK,08.04.26,,10364,KOS CERAMIK,35109,M-ONE Sanitar Silikon,12,Qerimi, Ä 0.17 
TERMOT,08.04.26, Ä 231.00 ,20329,TERMOT,35109,M-ONE Sanitar Silikon,36,Mensuri, Ä 0.17 
TERMOT,08.04.26,,20329,TERMOT,35113,M-ONE Sanitar Silikon,24,Mensuri, Ä 0.17 
HAZROLLI,08.04.26, Ä 115.80 ,20301,HAZROLLI,35112,M-ONE Sanitar Silikon,12,Mensuri, Ä 0.17 
HAZROLLI,08.04.26,,20301,HAZROLLI,66701,PROFIMONT EXTREME,12,Mensuri, Ä 0.20 
CONDOR,08.04.26, Ä 268.10 ,20307,CONDOR,35110,M-ONE Sanitar Silikon,12,Mensuri, Ä 0.17 
CONDOR,08.04.26,,20307,CONDOR,35113,M-ONE Sanitar Silikon,12,Mensuri, Ä 0.17 
CONDOR,08.04.26,,20307,CONDOR,51611,universal akryl,12,Mensuri, Ä 0.06 
CONDOR,08.04.26,,20307,CONDOR,51612,struktural akryl,12,Mensuri, Ä 0.06 
CONDOR,08.04.26,,20307,CONDOR,66701,PROFIMONT EXTREME,12,Mensuri, Ä 0.20 
CONDOR,08.04.26,,20307,CONDOR,44001,Fettspray,9,Mensuri, Ä 0.20 
CONDOR,08.04.26,,20307,CONDOR,50912,DICHTUNG,4,Mensuri, Ä 0.20 
SALIHU CORPORATION,08.04.26, Ä 73.80 ,20803,#N/A,35128,M-ONE Sanitar Silikon,12,Mensuri, Ä 0.17 
SALIHU CORPORATION,08.04.26,,20803,#N/A,51612,struktural akryl,12,Mensuri, Ä 0.06 
ABA QERAMIK,08.04.26, Ä 92.40 ,20305,ABA QERAMIK,35109,M-ONE Sanitar Silikon,12,Mensuri, Ä 0.17 
ABA QERAMIK,08.04.26,,20305,ABA QERAMIK,35110,M-ONE Sanitar Silikon,12,Mensuri, Ä 0.17 
BEREQETI,08.04.26, Ä 162.60 ,20321,BEREQETI,35121,M-ONE Sanitar Silikon,24,Mensuri, Ä 0.17 
BEREQETI,08.04.26,,20321,BEREQETI,51612,struktural akryl,24,Mensuri, Ä 0.06 
BEREQETI,08.04.26,,20321,BEREQETI,51611,universal akryl,12,Mensuri, Ä 0.06 
BARDHI-M,08.04.26, Ä 177.40 ,20331,BARDHI-M,35110,M-ONE Sanitar Silikon,12,Mensuri, Ä 0.17 
BARDHI-M,08.04.26,,20331,BARDHI-M,35111,M-ONE Sanitar Silikon,12,Mensuri, Ä 0.17 
BARDHI-M,08.04.26,,20331,BARDHI-M,16936,M ONE FELGENSILBER,12,Mensuri, Ä 0.15 
BARDHI-M,08.04.26,,20331,BARDHI-M,26736,M ONE HAFTGRUND,12,Mensuri, Ä 0.15 
BARDHI-M,08.04.26,,20331,BARDHI-M,51936,M ONE SCHWARZ GLéNZED,10,Mensuri, Ä 0.15 
DURGUTI 3,08.04.26, Ä 122.40 ,20313,DURGUTI 3,35112,M-ONE Sanitar Silikon,12,Mensuri, Ä 0.17 
DURGUTI 3,08.04.26,,20313,DURGUTI 3,35111,M-ONE Sanitar Silikon,12,Mensuri, Ä 0.17 
DURGUTI 3,08.04.26,,20313,DURGUTI 3,51611,universal akryl,24,Mensuri, Ä 0.06 
SHEHU-A,08.04.26, Ä 34.00 ,20317,SHEHU-A,49644,beMAKER Rostlîser,12,Mensuri, Ä 0.20 
SHEHU-A,08.04.26,,20317,SHEHU-A,31903,M ONE CHROM SPRAY,4,Mensuri, Ä 0.15 
NDRIQIMI,09.04.26, Ä 277.20 ,10418,NDRIQIMI,35110,M-ONE Sanitar Silikon,36,Qerimi, Ä 0.17 
NDRIQIMI,09.04.26,,10418,NDRIQIMI,35111,M-ONE Sanitar Silikon,24,Qerimi, Ä 0.17 
NDRIQIMI,09.04.26,,10418,NDRIQIMI,35128,M-ONE Sanitar Silikon,12,Qerimi, Ä 0.17 
ENISI - H,09.04.26, Ä 46.20 ,10428,ENISI - H,35128,M-ONE Sanitar Silikon,12,Qerimi, Ä 0.17 
AGRONI,09.04.26, Ä 31.90 ,10406,AGRONI,55718,M ONE MOTORSTART,5,Qerimi, Ä 0.20 
AGRONI,09.04.26,,10406,AGRONI,50912,DICHTUNG,2,Qerimi, Ä 0.20 
GRANITI,09.04.26, Ä 92.40 ,10410,GRANITI,35109,M-ONE Sanitar Silikon,12,Qerimi, Ä 0.17 
GRANITI,09.04.26,,10410,GRANITI,35121,M-ONE Sanitar Silikon,12,Qerimi, Ä 0.17 
UNIVERZAL,09.04.26, Ä 92.40 ,10413,UNIVERZAL,35113,M-ONE Sanitar Silikon,12,Qerimi, Ä 0.17 
UNIVERZAL,09.04.26,,10413,UNIVERZAL,35115,M-ONE Sanitar Silikon,12,Qerimi, Ä 0.17 
VISARI HH,09.04.26, Ä 138.60 ,10412,VISARI HH,35110,M-ONE Sanitar Silikon,12,Qerimi, Ä 0.17 
VISARI HH,09.04.26,,10412,VISARI HH,35112,M-ONE Sanitar Silikon,12,Qerimi, Ä 0.17 
VISARI HH,09.04.26,,10412,VISARI HH,35115,M-ONE Sanitar Silikon,12,Qerimi, Ä 0.17 
BEKA,10.04.26, Ä 46.20 ,10539,BEKA,35111,M-ONE Sanitar Silikon,12,Qerimi, Ä 0.17 
LONI,10.04.26, Ä 34.00 ,10509,LONI,56117,M ONE UBS,6,Qerimi, Ä 0.20 
LONI,10.04.26,,10509,LONI,49644,beMAKER Rostlîser,5,Qerimi, Ä 0.20 
CARRALEVA 2,10.04.26, Ä 107.40 ,10508,CARRALEVA 2,51611,universal akryl,12,Qerimi, Ä 0.06 
CARRALEVA 2,10.04.26,,10508,CARRALEVA 2,35109,M-ONE Sanitar Silikon,12,Qerimi, Ä 0.17 
CARRALEVA 2,10.04.26,,10508,CARRALEVA 2,35121,M-ONE Sanitar Silikon,12,Qerimi, Ä 0.17 
ARBERI,10.04.26, Ä 46.20 ,10506,ARBERI,35112,M-ONE Sanitar Silikon,12,Qerimi, Ä 0.17 
ZAIMI,10.04.26, Ä 92.40 ,10547,#N/A,35109,M-ONE Sanitar Silikon,12,Qerimi, Ä 0.17 
ZAIMI,10.04.26,,10547,#N/A,35128,M-ONE Sanitar Silikon,12,Qerimi, Ä 0.17 
REAL COLOR 2,10.04.26, Ä 138.60 ,10507,REAL COLOR 2,35109,M-ONE Sanitar Silikon,12,Qerimi, Ä 0.17 
REAL COLOR 2,10.04.26,,10507,REAL COLOR 2,35113,M-ONE Sanitar Silikon,12,Qerimi, Ä 0.17 
REAL COLOR 2,10.04.26,,10507,REAL COLOR 2,35114,M-ONE Sanitar Silikon,12,Qerimi, Ä 0.17 
ARDI LIPJAN,10.04.26, Ä 79.50 ,10529,ARDI LIPJAN,50912,DICHTUNG,5,Qerimi, Ä 0.20 
ARDI LIPJAN,10.04.26,,10529,ARDI LIPJAN,55718,M ONE MOTORSTART,6,Qerimi, Ä 0.20 
ARDI LIPJAN,10.04.26,,10529,ARDI LIPJAN,16936,M ONE FELGENSILBER,4,Qerimi, Ä 0.15 
ARDI LIPJAN,10.04.26,,10529,ARDI LIPJAN,69236,M ONE WEISS GLéNZEND,5,Qerimi, Ä 0.15 
CARRALEVA 1,10.04.26, Ä 46.20 ,10504,CARRALEVA 1,35109,M-ONE Sanitar Silikon,12,Qerimi, Ä 0.17 
NSM TRADE,10.04.26, Ä 60.00 ,20427,#N/A,56117,M ONE UBS,4,Mensuri, Ä 0.20 
NSM TRADE,10.04.26,,20427,#N/A,51936,M ONE SCHWARZ GLéNZED,4,Mensuri, Ä 0.15 
NSM TRADE,10.04.26,,20427,#N/A,16936,M ONE FELGENSILBER,4,Mensuri, Ä 0.15 
NSM TRADE,10.04.26,,20427,#N/A,50912,DICHTUNG,3,Mensuri, Ä 0.20 
LIRIDONA KLINE,10.04.26, Ä 107.40 ,20511,LIRIDONA KLINE,35111,M-ONE Sanitar Silikon,12,Mensuri, Ä 0.17 
LIRIDONA KLINE,10.04.26,,20511,LIRIDONA KLINE,35121,M-ONE Sanitar Silikon,12,Mensuri, Ä 0.17 
LIRIDONA KLINE,10.04.26,,20511,LIRIDONA KLINE,51611,universal akryl,12,Mensuri, Ä 0.06 
LIRIDONA HOME,10.04.26, Ä 277.20 ,20508,LIRIDONA HOME,35109,M-ONE Sanitar Silikon,24,Mensuri, Ä 0.17 
LIRIDONA HOME,10.04.26,,20508,LIRIDONA HOME,35121,M-ONE Sanitar Silikon,24,Mensuri, Ä 0.17 
LIRIDONA HOME,10.04.26,,20508,LIRIDONA HOME,35110,M-ONE Sanitar Silikon,12,Mensuri, Ä 0.17 
LIRIDONA HOME,10.04.26,,20508,LIRIDONA HOME,35113,M-ONE Sanitar Silikon,12,Mensuri, Ä 0.17 
BERATI A.P. (1),10.04.26, Ä 42.50 ,20513,BERATI A.P. (1),50912,DICHTUNG,2,Mensuri, Ä 0.20 
BERATI A.P. (1),10.04.26,,20513,BERATI A.P. (1),56117,M ONE UBS,4,Mensuri, Ä 0.20 
BERATI A.P. (1),10.04.26,,20513,BERATI A.P. (1),44001,Fettspray,2,Mensuri, Ä 0.20 
BERATI A.P. (1),10.04.26,,20513,BERATI A.P. (1),55718,M ONE MOTORSTART,1,Mensuri, Ä 0.20 
LIRIDONA-A,10.04.26, Ä 462.00 ,20515,LIRIDONA-A,35121,M-ONE Sanitar Silikon,60,Mensuri, Ä 0.17 
LIRIDONA-A,10.04.26,,20515,LIRIDONA-A,35113,M-ONE Sanitar Silikon,12,Mensuri, Ä 0.17 
LIRIDONA-A,10.04.26,,20515,LIRIDONA-A,66701,PROFIMONT EXTREME,12,Mensuri, Ä 0.20 
LIRIDONA-A,10.04.26,,20515,LIRIDONA-A,51611,universal akryl,48,Mensuri, Ä 0.06 
LIRIDONA-A,10.04.26,,20515,LIRIDONA-A,51621,#N/A,24,Mensuri, Ä 0.06 
TE BENI,10.04.26, Ä 346.80 ,20407,TE BENI,35109,M-ONE Sanitar Silikon,12,Mensuri, Ä 0.17 
TE BENI,10.04.26,,20407,TE BENI,35110,M-ONE Sanitar Silikon,12,Mensuri, Ä 0.17 
TE BENI,10.04.26,,20407,TE BENI,35111,M-ONE Sanitar Silikon,12,Mensuri, Ä 0.17 
TE BENI,10.04.26,,20407,TE BENI,35112,M-ONE Sanitar Silikon,12,Mensuri, Ä 0.17 
TE BENI,10.04.26,,20407,TE BENI,35113,M-ONE Sanitar Silikon,12,Mensuri, Ä 0.17 
TE BENI,10.04.26,,20407,TE BENI,35125,M-ONE Sanitar Silikon,12,Mensuri, Ä 0.17 
TE BENI,10.04.26,,20407,TE BENI,66701,PROFIMONT EXTREME,12,Mensuri, Ä 0.20 
A.P. HOTI,10.04.26, Ä 38.00 ,20408,A.P. HOTI,56117,M ONE UBS,4,Mensuri, Ä 0.20 
A.P. HOTI,10.04.26,,20408,A.P. HOTI,44001,Fettspray,4,Mensuri, Ä 0.20 
A.P. HOTI,10.04.26,,20408,A.P. HOTI,31880,HAT LACK 800,2,Mensuri, Ä 0.35 
MEGI,10.04.26, Ä 86.40 ,20406,MEGI,50912,DICHTUNG,12,Mensuri, Ä 0.20 
BESI,10.04.26, Ä 138.60 ,20405,BESI,35109,M-ONE Sanitar Silikon,12,Mensuri, Ä 0.17 
BESI,10.04.26,,20405,BESI,35112,M-ONE Sanitar Silikon,12,Mensuri, Ä 0.17 
BESI,10.04.26,,20405,BESI,35111,M-ONE Sanitar Silikon,12,Mensuri, Ä 0.17 
TE ZENA,11.04.26, Ä 92.40 ,10616,TE ZENA,35128,M-ONE Sanitar Silikon,12,Qerimi, Ä 0.17 
TE ZENA,11.04.26,,10616,TE ZENA,35109,M-ONE Sanitar Silikon,12,Qerimi, Ä 0.17 
KUJTA,11.04.26, Ä 92.40 ,10625,KUJTA,35121,M-ONE Sanitar Silikon,12,Qerimi, Ä 0.17 
KUJTA,11.04.26,,10625,KUJTA,35113,M-ONE Sanitar Silikon,12,Qerimi, Ä 0.17 
HOXHA,11.04.26, Ä 25.00 ,10622,HOXHA,54412,beMAKER Bremsen&Teile Reininger,6,Qerimi, Ä 0.20 
HOXHA,11.04.26,,10622,HOXHA,26736,M ONE HAFTGRUND,2,Qerimi, Ä 0.15 
HOXHA,11.04.26,,10622,HOXHA,49644,beMAKER Rostlîser,4,Qerimi, Ä 0.20 
ALBANI,11.04.26, Ä 184.80 ,10636,#N/A,35110,M-ONE Sanitar Silikon,24,Qerimi, Ä 0.17 
ALBANI,11.04.26,,10636,#N/A,35111,M-ONE Sanitar Silikon,24,Qerimi, Ä 0.17 
MIX-B,11.04.26, Ä 184.80 ,20615,MIX-B,35109,M-ONE Sanitar Silikon,12,Mensuri, Ä 0.17 
MIX-B,11.04.26,,20615,MIX-B,35121,M-ONE Sanitar Silikon,12,Mensuri, Ä 0.17 
MIX-B,11.04.26,,20615,MIX-B,35115,M-ONE Sanitar Silikon,12,Mensuri, Ä 0.17 
MIX-B,11.04.26,,20615,MIX-B,35111,M-ONE Sanitar Silikon,12,Mensuri, Ä 0.17 
DIVA QERAMIKA,11.04.26, Ä 135.00 ,20628,DIVA QERAMIKA,35110,M-ONE Sanitar Silikon,12,Mensuri, Ä 0.17 
DIVA QERAMIKA,11.04.26,,20628,DIVA QERAMIKA,35121,M-ONE Sanitar Silikon,12,Mensuri, Ä 0.17 
DIVA QERAMIKA,11.04.26,,20628,DIVA QERAMIKA,51611,universal akryl,12,Mensuri, Ä 0.06 
DIVA QERAMIKA,11.04.26,,20628,DIVA QERAMIKA,51612,struktural akryl,12,Mensuri, Ä 0.06 
UNIKA,11.04.26, Ä 92.40 ,20627,UNIKA,35110,M-ONE Sanitar Silikon,24,Mensuri, Ä 0.17 
ALFA-QERAMIKA,11.04.26, Ä 138.60 ,20604,ALFA-QERAMIKA,35121,M-ONE Sanitar Silikon,24,Mensuri, Ä 0.17 
ALFA-QERAMIKA,11.04.26,,20604,ALFA-QERAMIKA,35110,M-ONE Sanitar Silikon,12,Mensuri, Ä 0.17 
AGRO-XHETI,11.04.26, Ä 231.00 ,20610,AGRO-XHETI,35113,M-ONE Sanitar Silikon,24,Mensuri, Ä 0.17 
AGRO-XHETI,11.04.26,,20610,AGRO-XHETI,35128,M-ONE Sanitar Silikon,12,Mensuri, Ä 0.17 
AGRO-XHETI,11.04.26,,20610,AGRO-XHETI,35125,M-ONE Sanitar Silikon,12,Mensuri, Ä 0.17 
AGRO-XHETI,11.04.26,,20610,AGRO-XHETI,35112,M-ONE Sanitar Silikon,12,Mensuri, Ä 0.17 
PROMOIN,11.04.26, Ä 187.10 ,20603,PROMOIN,35115,M-ONE Sanitar Silikon,12,Mensuri, Ä 0.17 
PROMOIN,11.04.26,,20603,PROMOIN,35112,M-ONE Sanitar Silikon,12,Mensuri, Ä 0.17 
PROMOIN,11.04.26,,20603,PROMOIN,35121,M-ONE Sanitar Silikon,12,Mensuri, Ä 0.17 
PROMOIN,11.04.26,,20603,PROMOIN,16936,M ONE FELGENSILBER,5,Mensuri, Ä 0.15 
PROMOIN,11.04.26,,20603,PROMOIN,50912,DICHTUNG,5,Mensuri, Ä 0.20 
TE-LUTA,11.04.26, Ä 329.50 ,20611,TE-LUTA,35109,M-ONE Sanitar Silikon,36,Mensuri, Ä 0.17 
TE-LUTA,11.04.26,,20611,TE-LUTA,35128,M-ONE Sanitar Silikon,12,Mensuri, Ä 0.17 
TE-LUTA,11.04.26,,20611,TE-LUTA,35110,M-ONE Sanitar Silikon,12,Mensuri, Ä 0.17 
TE-LUTA,11.04.26,,20611,TE-LUTA,35111,M-ONE Sanitar Silikon,12,Mensuri, Ä 0.17 
TE-LUTA,11.04.26,,20611,TE-LUTA,66701,PROFIMONT EXTREME,6,Mensuri, Ä 0.20 
TE-LUTA,11.04.26,,20611,TE-LUTA,44001,Fettspray,5,Mensuri, Ä 0.20 
LONI,11.04.26, Ä 92.40 ,20608,LONI,35115,M-ONE Sanitar Silikon,12,Mensuri, Ä 0.17 
LONI,11.04.26,,20608,LONI,35121,M-ONE Sanitar Silikon,12,Mensuri, Ä 0.17 
TE-SYLA,11.04.26, Ä 127.90 ,20606,TE-SYLA,35108,M-ONE Sanitar Silikon,12,Mensuri, Ä 0.17 
TE-SYLA,11.04.26,,20606,TE-SYLA,35111,M-ONE Sanitar Silikon,12,Mensuri, Ä 0.17 
TE-SYLA,11.04.26,,20606,TE-SYLA,49644,beMAKER Rostlîser,5,Mensuri, Ä 0.20 
TE-SYLA,11.04.26,,20606,TE-SYLA,16936,M ONE FELGENSILBER,5,Mensuri, Ä 0.15 
TE-SYLA,11.04.26,,20606,TE-SYLA,39505,M ONE SILIKON SPRAY,2,Mensuri, Ä 0.20 
TE-SYLA,11.04.26,,20606,TE-SYLA,44001,Fettspray,2,Mensuri, Ä 0.20 
BULONI - SH,11.04.26, Ä 92.40 ,20624,BULONI - SH,35111,M-ONE Sanitar Silikon,12,Mensuri, Ä 0.17 
BULONI - SH,11.04.26,,20624,BULONI - SH,35128,M-ONE Sanitar Silikon,12,Mensuri, Ä 0.17 
ILIRI QERAMIKA,11.04.26, Ä 120.00 ,20622,ILIRI QERAMIKA,35112,M-ONE Sanitar Silikon,12,Mensuri, Ä 0.17 
ILIRI QERAMIKA,11.04.26,,20622,ILIRI QERAMIKA,35115,M-ONE Sanitar Silikon,12,Mensuri, Ä 0.17 
ILIRI QERAMIKA,11.04.26,,20622,ILIRI QERAMIKA,51612,struktural akryl,12,Mensuri, Ä 0.06 
BESI COM,13.04.26, Ä 29.00 ,10103,BESI COM,44001,Fettspray,6,Qerimi, Ä 0.20 
BESI COM,13.04.26,,10103,BESI COM,56117,M ONE UBS,2,Qerimi, Ä 0.20 
KADIJOLLET,13.04.26, Ä 118.40 ,10111,KADIJOLLET,35110,M-ONE Sanitar Silikon,12,Qerimi, Ä 0.17 
KADIJOLLET,13.04.26,,10111,KADIJOLLET,35125,M-ONE Sanitar Silikon,12,Qerimi, Ä 0.17 
KADIJOLLET,13.04.26,,10111,KADIJOLLET,49644,beMAKER Rostlîser,3,Qerimi, Ä 0.20 
KADIJOLLET,13.04.26,,10111,KADIJOLLET,54412,beMAKER Bremsen&Teile Reininger,3,Qerimi, Ä 0.20 
KADIJOLLET,13.04.26,,10111,KADIJOLLET,55718,M ONE MOTORSTART,4,Qerimi, Ä 0.20 
ARSIM,13.04.26, Ä 92.40 ,10105,ARSIM,35111,M-ONE Sanitar Silikon,12,Qerimi, Ä 0.17 
ARSIM,13.04.26,,10105,ARSIM,35115,M-ONE Sanitar Silikon,12,Qerimi, Ä 0.17 
ARDI LIPJAN,13.04.26, Ä 72.00 ,10529,ARDI LIPJAN,26736,M ONE HAFTGRUND,12,Qerimi, Ä 0.15 
ARDI LIPJAN,13.04.26,,10529,ARDI LIPJAN,56117,M ONE UBS,12,Qerimi, Ä 0.20 
QELA,13.04.26, Ä 92.40 ,10114,QELA,35112,M-ONE Sanitar Silikon,12,Qerimi, Ä 0.17 
QELA,13.04.26,,10114,QELA,35114,M-ONE Sanitar Silikon,12,Qerimi, Ä 0.17 
BAU MIX FATONI,13.04.26, Ä 46.20 ,40024,BAU MIX FATONI,35128,M-ONE Sanitar Silikon,12,0, Ä 0.17 
KENA COMERC,13.04.26, Ä 184.80 ,20109,KENA COMERC,35110,M-ONE Sanitar Silikon,12,Mensuri, Ä 0.17 
KENA COMERC,13.04.26,,20109,KENA COMERC,35111,M-ONE Sanitar Silikon,12,Mensuri, Ä 0.17 
KENA COMERC,13.04.26,,20109,KENA COMERC,35125,M-ONE Sanitar Silikon,12,Mensuri, Ä 0.17 
KENA COMERC,13.04.26,,20109,KENA COMERC,35128,M-ONE Sanitar Silikon,12,Mensuri, Ä 0.17 
TE GZIMI,13.04.26, Ä 60.20 ,20101,TE GZIMI,50912,DICHTUNG,6,Mensuri, Ä 0.20 
TE GZIMI,13.04.26,,20101,TE GZIMI,49644,beMAKER Rostlîser,3,Mensuri, Ä 0.20 
TE GZIMI,13.04.26,,20101,TE GZIMI,54412,beMAKER Bremsen&Teile Reininger,2,Mensuri, Ä 0.20 
TE GZIMI,13.04.26,,20101,TE GZIMI,44001,Fettspray,2,Mensuri, Ä 0.20 
TERMO PROJEKT,13.04.26, Ä 92.40 ,20127,TERMO PROJEKT,35121,M-ONE Sanitar Silikon,24,Mensuri, Ä 0.17 
LULI-C,13.04.26, Ä 107.40 ,20126,LULI-C,35108,M-ONE Sanitar Silikon,12,Mensuri, Ä 0.17 
LULI-C,13.04.26,,20126,LULI-C,35109,M-ONE Sanitar Silikon,12,Mensuri, Ä 0.17 
LULI-C,13.04.26,,20126,LULI-C,51611,universal akryl,12,Mensuri, Ä 0.06 
CAMA BAU,13.04.26, Ä 138.60 ,20121,CAMA BAU,35110,M-ONE Sanitar Silikon,12,Mensuri, Ä 0.17 
CAMA BAU,13.04.26,,20121,CAMA BAU,35111,M-ONE Sanitar Silikon,12,Mensuri, Ä 0.17 
CAMA BAU,13.04.26,,20121,CAMA BAU,35128,M-ONE Sanitar Silikon,12,Mensuri, Ä 0.17 
ING PROJEKT,13.04.26, Ä 92.40 ,20108,ING PROJEKT,35112,M-ONE Sanitar Silikon,24,Mensuri, Ä 0.17 
ING PROJEKT,13.04.26,,20108,ING PROJEKT,35114,M-ONE Sanitar Silikon,24,Mensuri, Ä 0.17 
KTHIMI,13.04.26, Ä 99.40 ,20104,KTHIMI,35121,M-ONE Sanitar Silikon,12,Mensuri, Ä 0.17 
KTHIMI,13.04.26,,20104,KTHIMI,35128,M-ONE Sanitar Silikon,12,Mensuri, Ä 0.17 
KTHIMI,13.04.26,,20104,KTHIMI,55718,M ONE MOTORSTART,2,Mensuri, Ä 0.20 
ARSIMI,14.04.26, Ä 924.00 ,10261,#N/A,35109,M-ONE Sanitar Silikon,240,Qerimi, Ä 0.17 
MONI 2,14.04.26, Ä 92.40 ,10210,MONI 2,35115,M-ONE Sanitar Silikon,12,Qerimi, Ä 0.17 
MONI 2,14.04.26,,10210,MONI 2,35121,M-ONE Sanitar Silikon,12,Qerimi, Ä 0.17 
ARPO,14.04.26, Ä 430.80 ,10240,ARPO,35108,M-ONE Sanitar Silikon,12,Qerimi, Ä 0.17 
ARPO,14.04.26,,10240,ARPO,35110,M-ONE Sanitar Silikon,12,Qerimi, Ä 0.17 
ARPO,14.04.26,,10240,ARPO,35111,M-ONE Sanitar Silikon,12,Qerimi, Ä 0.17 
ARPO,14.04.26,,10240,ARPO,35125,M-ONE Sanitar Silikon,12,Qerimi, Ä 0.17 
ARPO,14.04.26,,10240,ARPO,35121,M-ONE Sanitar Silikon,24,Qerimi, Ä 0.17 
ARPO,14.04.26,,10240,ARPO,35109,M-ONE Sanitar Silikon,36,Qerimi, Ä 0.17 
ARPO,14.04.26,,10240,ARPO,51611,universal akryl,12,Qerimi, Ä 0.06 
TAULANTI,14.04.26, Ä 138.60 ,10251,#N/A,35109,M-ONE Sanitar Silikon,12,Qerimi, Ä 0.17 
TAULANTI,14.04.26,,10251,#N/A,35110,M-ONE Sanitar Silikon,12,Qerimi, Ä 0.17 
TAULANTI,14.04.26,,10251,#N/A,35115,M-ONE Sanitar Silikon,12,Qerimi, Ä 0.17 
TE BESNIKU,14.04.26, Ä 46.20 ,10201,TE BESNIKU,35108,M-ONE Sanitar Silikon,12,Qerimi, Ä 0.17 
JETA DUHEL,14.04.26, Ä 92.40 ,10230,JETA DUHEL,35111,M-ONE Sanitar Silikon,12,Qerimi, Ä 0.17 
JETA DUHEL,14.04.26,,10230,JETA DUHEL,35121,M-ONE Sanitar Silikon,12,Qerimi, Ä 0.17 
XHAFA,14.04.26, Ä 280.20 ,10205,XHAFA,35109,M-ONE Sanitar Silikon,12,Qerimi, Ä 0.17 
XHAFA,14.04.26,,10205,XHAFA,35125,M-ONE Sanitar Silikon,12,Qerimi, Ä 0.17 
XHAFA,14.04.26,,10205,XHAFA,35121,M-ONE Sanitar Silikon,12,Qerimi, Ä 0.17 
XHAFA,14.04.26,,10205,XHAFA,35128,M-ONE Sanitar Silikon,12,Qerimi, Ä 0.17 
XHAFA,14.04.26,,10205,XHAFA,35110,M-ONE Sanitar Silikon,12,Qerimi, Ä 0.17 
XHAFA,14.04.26,,10205,XHAFA,51612,struktural akryl,12,Qerimi, Ä 0.06 
XHAFA,14.04.26,,10205,XHAFA,50912,DICHTUNG,3,Qerimi, Ä 0.20 
LETAJ,14.04.26, Ä 277.20 ,20209,LETAJ,35110,M-ONE Sanitar Silikon,36,Mensuri, Ä 0.17 
LETAJ,14.04.26,,20209,LETAJ,35115,M-ONE Sanitar Silikon,36,Mensuri, Ä 0.17 
INOX 2,14.04.26, Ä 92.40 ,20212,INOX 2,35110,M-ONE Sanitar Silikon,12,Mensuri, Ä 0.17 
INOX 2,14.04.26,,20212,INOX 2,35111,M-ONE Sanitar Silikon,12,Mensuri, Ä 0.17 
GER COLORS,14.04.26, Ä 138.60 ,20223,GER COLORS,35109,M-ONE Sanitar Silikon,12,Mensuri, Ä 0.17 
GER COLORS,14.04.26,,20223,GER COLORS,35112,M-ONE Sanitar Silikon,12,Mensuri, Ä 0.17 
GER COLORS,14.04.26,,20223,GER COLORS,35128,M-ONE Sanitar Silikon,12,Mensuri, Ä 0.17 
DIKI BAU SHPK,14.04.26, Ä 92.40 ,20227,DIKI BAU SHPK,35112,M-ONE Sanitar Silikon,12,Mensuri, Ä 0.17 
DIKI BAU SHPK,14.04.26,,20227,DIKI BAU SHPK,35119,M-ONE Sanitar Silikon,12,Mensuri, Ä 0.17 
ERENIKU,14.04.26, Ä 116.40 ,20206,ERENIKU,35112,M-ONE Sanitar Silikon,12,Mensuri, Ä 0.17 
ERENIKU,14.04.26,,20206,ERENIKU,51611,universal akryl,12,Mensuri, Ä 0.06 
ERENIKU,14.04.26,,20206,ERENIKU,51612,struktural akryl,24,Mensuri, Ä 0.06 
AFRIMI-AG,14.04.26, Ä 208.20 ,20203,AFRIMI-AG,35109,M-ONE Sanitar Silikon,24,Mensuri, Ä 0.17 
AFRIMI-AG,14.04.26,,20203,AFRIMI-AG,35121,M-ONE Sanitar Silikon,12,Mensuri, Ä 0.17 
AFRIMI-AG,14.04.26,,20203,AFRIMI-AG,66701,PROFIMONT EXTREME,12,Mensuri, Ä 0.20 
TE BESIMI,14.04.26, Ä 216.30 ,20201,TE BESIMI,35113,M-ONE Sanitar Silikon,12,Mensuri, Ä 0.17 
TE BESIMI,14.04.26,,20201,TE BESIMI,35128,M-ONE Sanitar Silikon,12,Mensuri, Ä 0.17 
TE BESIMI,14.04.26,,20201,TE BESIMI,35125,M-ONE Sanitar Silikon,12,Mensuri, Ä 0.17 
TE BESIMI,14.04.26,,20201,TE BESIMI,51612,struktural akryl,24,Mensuri, Ä 0.06 
TE BESIMI,14.04.26,,20201,TE BESIMI,51611,universal akryl,12,Mensuri, Ä 0.06 
TE BESIMI,14.04.26,,20201,TE BESIMI,26736,M ONE HAFTGRUND,7,Mensuri, Ä 0.15 
ARBENI BIOBLIC,14.04.26, Ä 249.00 ,40003,ARBENI BIOBLIC,20001,BioBlic Universalreiniger,140,0, Ä 0.30 
ARBENI BIOBLIC,14.04.26,,40003,ARBENI BIOBLIC,30275,Blic Blic SanitÑrreiniger,50,0, Ä 0.30 
DARDANIA,15.04.26, Ä 184.80 ,10332,DARDANIA,35110,M-ONE Sanitar Silikon,12,Qerimi, Ä 0.17 
DARDANIA,15.04.26,,10332,DARDANIA,35111,M-ONE Sanitar Silikon,12,Qerimi, Ä 0.17 
DARDANIA,15.04.26,,10332,DARDANIA,35109,M-ONE Sanitar Silikon,12,Qerimi, Ä 0.17 
DARDANIA,15.04.26,,10332,DARDANIA,35125,M-ONE Sanitar Silikon,12,Qerimi, Ä 0.17 
BALLKANI,15.04.26, Ä 323.40 ,10350,BALLKANI,35121,M-ONE Sanitar Silikon,48,Qerimi, Ä 0.17 
BALLKANI,15.04.26,,10350,BALLKANI,35119,M-ONE Sanitar Silikon,12,Qerimi, Ä 0.17 
BALLKANI,15.04.26,,10350,BALLKANI,35113,M-ONE Sanitar Silikon,12,Qerimi, Ä 0.17 
BALLKANI,15.04.26,,10350,BALLKANI,35128,M-ONE Sanitar Silikon,12,Qerimi, Ä 0.17 
SMIRA,15.04.26, Ä 277.20 ,10352,SMIRA,35110,M-ONE Sanitar Silikon,12,Qerimi, Ä 0.17 
SMIRA,15.04.26,,10352,SMIRA,35111,M-ONE Sanitar Silikon,12,Qerimi, Ä 0.17 
SMIRA,15.04.26,,10352,SMIRA,35112,M-ONE Sanitar Silikon,12,Qerimi, Ä 0.17 
SMIRA,15.04.26,,10352,SMIRA,35121,M-ONE Sanitar Silikon,12,Qerimi, Ä 0.17 
SMIRA,15.04.26,,10352,SMIRA,35109,M-ONE Sanitar Silikon,24,Qerimi, Ä 0.17 
PARKETI,15.04.26, Ä 92.40 ,10325,PARKETI,35114,M-ONE Sanitar Silikon,12,Qerimi, Ä 0.17 
PARKETI,15.04.26,,10325,PARKETI,35121,M-ONE Sanitar Silikon,12,Qerimi, Ä 0.17 
TINA,15.04.26, Ä 138.60 ,10344,TINA,35110,M-ONE Sanitar Silikon,12,Qerimi, Ä 0.17 
TINA,15.04.26,,10344,TINA,35111,M-ONE Sanitar Silikon,12,Qerimi, Ä 0.17 
TINA,15.04.26,,10344,TINA,35108,M-ONE Sanitar Silikon,12,Qerimi, Ä 0.17 
ERALP,15.04.26, Ä 92.40 ,10308,ERALP,35128,M-ONE Sanitar Silikon,12,Qerimi, Ä 0.17 
ERALP,15.04.26,,10308,ERALP,35112,M-ONE Sanitar Silikon,12,Qerimi, Ä 0.17 
DANI-COM,15.04.26, Ä 46.20 ,10320,DANI-COM,35112,M-ONE Sanitar Silikon,12,Qerimi, Ä 0.17 
BEKA-3,15.04.26, Ä 86.40 ,10323,BEKA-3,50912,DICHTUNG,12,Qerimi, Ä 0.20 
TREND CERAMIKA,15.04.26, Ä 61.20 ,10353,TREND CERAMIKA,35113,M-ONE Sanitar Silikon,12,Qerimi, Ä 0.17 
TREND CERAMIKA,15.04.26,,10353,TREND CERAMIKA,51611,universal akryl,12,Qerimi, Ä 0.06 
ARBENI BIOBLIC,15.04.26, Ä 87.00 ,40003,ARBENI BIOBLIC,20001,BioBlic Universalreiniger,10,0, Ä 0.30 
ARBENI BIOBLIC,15.04.26,,40003,ARBENI BIOBLIC,30277,KAMIN CLEANER,10,0, Ä 0.50 
ARBENI BIOBLIC,15.04.26,,40003,ARBENI BIOBLIC,30275,Blic Blic SanitÑrreiniger,60,0, Ä 0.30 
HAZROLLI,15.04.26, Ä 123.60 ,20301,HAZROLLI,66701,PROFIMONT EXTREME,12,Mensuri, Ä 0.20 
HAZROLLI,15.04.26,,20301,HAZROLLI,56117,M ONE UBS,6,Mensuri, Ä 0.20 
HAZROLLI,15.04.26,,20301,HAZROLLI,51936,M ONE SCHWARZ GLéNZED,6,Mensuri, Ä 0.15 
HAZROLLI,15.04.26,,20301,HAZROLLI,51736,M ONE SCHWARZ MATT,6,Mensuri, Ä 0.15 
GER COLORS,15.04.26, Ä 80.00 ,20223,GER COLORS,12000,BAU CLEAN,10,Mensuri, Ä 0.50 
BAU HOME,15.04.26, Ä 120.00 ,20324,BAU HOME,35110,M-ONE Sanitar Silikon,12,Mensuri, Ä 0.17 
BAU HOME,15.04.26,,20324,BAU HOME,35111,M-ONE Sanitar Silikon,12,Mensuri, Ä 0.17 
BAU HOME,15.04.26,,20324,BAU HOME,51612,struktural akryl,12,Mensuri, Ä 0.06 
CONDOR,15.04.26, Ä 280.80 ,20307,CONDOR,66701,PROFIMONT EXTREME,36,Mensuri, Ä 0.20 
CONDOR,15.04.26,,20307,CONDOR,51936,M ONE SCHWARZ GLéNZED,12,Mensuri, Ä 0.15 
CONDOR,15.04.26,,20307,CONDOR,51736,M ONE SCHWARZ MATT,12,Mensuri, Ä 0.15 
CONDOR,15.04.26,,20307,CONDOR,54412,beMAKER Bremsen&Teile Reininger,6,Mensuri, Ä 0.20 
CONDOR,15.04.26,,20307,CONDOR,35110,M-ONE Sanitar Silikon,12,Mensuri, Ä 0.17 
CONDOR,15.04.26,,20307,CONDOR,35111,M-ONE Sanitar Silikon,12,Mensuri, Ä 0.17 
CONDOR,15.04.26,,20307,CONDOR,35113,M-ONE Sanitar Silikon,12,Mensuri, Ä 0.17 
CONDOR,15.04.26,,20307,CONDOR,35114,M-ONE Sanitar Silikon,12,Mensuri, Ä 0.17 
CONDOR,15.04.26,,20307,CONDOR,35128,M-ONE Sanitar Silikon,12,Mensuri, Ä 0.17 
CONDOR,15.04.26,,20307,CONDOR,51612,struktural akryl,12,Mensuri, Ä 0.06 
BEREQETI,15.04.26, Ä 193.80 ,20321,BEREQETI,35121,M-ONE Sanitar Silikon,36,Mensuri, Ä 0.17 
BEREQETI,15.04.26,,20321,BEREQETI,51612,struktural akryl,24,Mensuri, Ä 0.06 
FITIMI,15.04.26, Ä 92.40 ,20306,FITIMI,35110,M-ONE Sanitar Silikon,12,Mensuri, Ä 0.17 
FITIMI,15.04.26,,20306,FITIMI,35121,M-ONE Sanitar Silikon,12,Mensuri, Ä 0.17 
HYSENAJ,15.04.26, Ä 103.90 ,20322,HYSENAJ,50912,DICHTUNG,12,Mensuri, Ä 0.20 
HYSENAJ,15.04.26,,20322,HYSENAJ,44001,Fettspray,6,Mensuri, Ä 0.20 
URA,15.04.26, Ä 92.40 ,20314,URA,35110,M-ONE Sanitar Silikon,12,Mensuri, Ä 0.17 
URA,15.04.26,,20314,URA,35111,M-ONE Sanitar Silikon,12,Mensuri, Ä 0.17 
DURGUTI 3,15.04.26, Ä 115.80 ,20313,DURGUTI 3,35109,M-ONE Sanitar Silikon,12,Mensuri, Ä 0.17 
DURGUTI 3,15.04.26,,20313,DURGUTI 3,66701,PROFIMONT EXTREME,12,Mensuri, Ä 0.20 
NDRIQIMI,16.04.26, Ä 92.40 ,10418,NDRIQIMI,35111,M-ONE Sanitar Silikon,24,Qerimi, Ä 0.17 
DRCOR,16.04.26, Ä 138.60 ,10401,DRCOR,35109,M-ONE Sanitar Silikon,36,Qerimi, Ä 0.17 
SAN KOS,16.04.26, Ä 73.80 ,10429,SAN KOS,35109,M-ONE Sanitar Silikon,12,Qerimi, Ä 0.17 
SAN KOS,16.04.26,,10429,SAN KOS,51612,struktural akryl,12,Qerimi, Ä 0.06 
GRANITI,16.04.26, Ä 92.40 ,10410,GRANITI,35111,M-ONE Sanitar Silikon,12,Qerimi, Ä 0.17 
GRANITI,16.04.26,,10410,GRANITI,35115,M-ONE Sanitar Silikon,12,Qerimi, Ä 0.17 
EURO COM,16.04.26, Ä 60.20 ,10430,EURO COM,44001,Fettspray,4,Qerimi, Ä 0.20 
EURO COM,16.04.26,,10430,EURO COM,35114,M-ONE Sanitar Silikon,12,Qerimi, Ä 0.17 
UNIVERZAL,16.04.26, Ä 46.20 ,10413,UNIVERZAL,35121,M-ONE Sanitar Silikon,12,Qerimi, Ä 0.17 
KRRABAJ,17.04.26, Ä 120.00 ,10147,#N/A,50912,DICHTUNG,12,Qerimi, Ä 0.20 
KRRABAJ,17.04.26,,10147,#N/A,49644,beMAKER Rostlîser,12,Qerimi, Ä 0.20 
ARBERI,17.04.26, Ä 46.20 ,10506,ARBERI,35109,M-ONE Sanitar Silikon,12,Qerimi, Ä 0.17 
CARRALEVA 1,17.04.26, Ä 73.80 ,10504,CARRALEVA 1,35121,M-ONE Sanitar Silikon,12,Qerimi, Ä 0.17 
CARRALEVA 1,17.04.26,,10504,CARRALEVA 1,51612,struktural akryl,12,Qerimi, Ä 0.06 
REAL COLOR 2,17.04.26, Ä 138.60 ,10507,REAL COLOR 2,35110,M-ONE Sanitar Silikon,12,Qerimi, Ä 0.17 
REAL COLOR 2,17.04.26,,10507,REAL COLOR 2,35111,M-ONE Sanitar Silikon,12,Qerimi, Ä 0.17 
REAL COLOR 2,17.04.26,,10507,REAL COLOR 2,35115,M-ONE Sanitar Silikon,12,Qerimi, Ä 0.17 
LONI,17.04.26, Ä 105.40 ,10509,LONI,50912,DICHTUNG,12,Qerimi, Ä 0.20 
LONI,17.04.26,,10509,LONI,31819,M ONE FUERROT,2,Qerimi, Ä 0.15 
LONI,17.04.26,,10509,LONI,44001,Fettspray,4,Qerimi, Ä 0.20 
CARRALEVA 2,17.04.26, Ä 92.40 ,10508,CARRALEVA 2,35109,M-ONE Sanitar Silikon,12,Qerimi, Ä 0.17 
CARRALEVA 2,17.04.26,,10508,CARRALEVA 2,35113,M-ONE Sanitar Silikon,12,Qerimi, Ä 0.17 
MULI,17.04.26, Ä 46.20 ,10511,MULI,35128,M-ONE Sanitar Silikon,12,Qerimi, Ä 0.17 
BEKA,17.04.26, Ä 92.40 ,10539,BEKA,35110,M-ONE Sanitar Silikon,12,Qerimi, Ä 0.17 
BEKA,17.04.26,,10539,BEKA,35125,M-ONE Sanitar Silikon,12,Qerimi, Ä 0.17 
RACI,17.04.26, Ä 225.70 ,20501,RACI,35110,M-ONE Sanitar Silikon,12,Mensuri, Ä 0.17 
RACI,17.04.26,,20501,RACI,66701,PROFIMONT EXTREME,12,Mensuri, Ä 0.20 
RACI,17.04.26,,20501,RACI,35111,M-ONE Sanitar Silikon,12,Mensuri, Ä 0.17 
RACI,17.04.26,,20501,RACI,35115,M-ONE Sanitar Silikon,12,Mensuri, Ä 0.17 
RACI,17.04.26,,20501,RACI,44001,Fettspray,5,Mensuri, Ä 0.20 
LIRIDONA KLINE,17.04.26, Ä 323.40 ,20511,LIRIDONA KLINE,35113,M-ONE Sanitar Silikon,36,Mensuri, Ä 0.17 
LIRIDONA KLINE,17.04.26,,20511,LIRIDONA KLINE,35108,M-ONE Sanitar Silikon,12,Mensuri, Ä 0.17 
LIRIDONA KLINE,17.04.26,,20511,LIRIDONA KLINE,35119,M-ONE Sanitar Silikon,12,Mensuri, Ä 0.17 
LIRIDONA KLINE,17.04.26,,20511,LIRIDONA KLINE,35109,M-ONE Sanitar Silikon,12,Mensuri, Ä 0.17 
LIRIDONA KLINE,17.04.26,,20511,LIRIDONA KLINE,35125,M-ONE Sanitar Silikon,12,Mensuri, Ä 0.17 
BERATI A.P. (1),17.04.26, Ä 30.00 ,20513,BERATI A.P. (1),51936,M ONE SCHWARZ GLéNZED,4,Mensuri, Ä 0.15 
BERATI A.P. (1),17.04.26,,20513,BERATI A.P. (1),51736,M ONE SCHWARZ MATT,4,Mensuri, Ä 0.15 
BERATI A.P. (1),17.04.26,,20513,BERATI A.P. (1),16936,M ONE FELGENSILBER,4,Mensuri, Ä 0.15 
HOXHA,17.04.26, Ä 92.40 ,20502,HOXHA,35119,M-ONE Sanitar Silikon,12,Mensuri, Ä 0.17 
HOXHA,17.04.26,,20502,HOXHA,35125,M-ONE Sanitar Silikon,12,Mensuri, Ä 0.17 
LIRIDONA HOME,17.04.26, Ä 153.60 ,20508,LIRIDONA HOME,35115,M-ONE Sanitar Silikon,12,Mensuri, Ä 0.17 
LIRIDONA HOME,17.04.26,,20508,LIRIDONA HOME,35112,M-ONE Sanitar Silikon,12,Mensuri, Ä 0.17 
LIRIDONA HOME,17.04.26,,20508,LIRIDONA HOME,35121,M-ONE Sanitar Silikon,12,Mensuri, Ä 0.17 
LIRIDONA HOME,17.04.26,,20508,LIRIDONA HOME,51611,universal akryl,12,Mensuri, Ä 0.06 
LIRIDONA-A,17.04.26, Ä 138.60 ,20515,LIRIDONA-A,35109,M-ONE Sanitar Silikon,24,Mensuri, Ä 0.17 
LIRIDONA-A,17.04.26,,20515,LIRIDONA-A,35128,M-ONE Sanitar Silikon,12,Mensuri, Ä 0.17 
A.P. HOTI,17.04.26, Ä 47.10 ,20408,A.P. HOTI,16936,M ONE FELGENSILBER,4,Mensuri, Ä 0.15 
A.P. HOTI,17.04.26,,20408,A.P. HOTI,49644,beMAKER Rostlîser,4,Mensuri, Ä 0.20 
A.P. HOTI,17.04.26,,20408,A.P. HOTI,44001,Fettspray,2,Mensuri, Ä 0.20 
A.P. HOTI,17.04.26,,20408,A.P. HOTI,51736,M ONE SCHWARZ MATT,3,Mensuri, Ä 0.15 
A.P. HOTI,17.04.26,,20408,A.P. HOTI,31827,M ONE LACK GRUN,2,Mensuri, Ä 0.15 
A.P. HOTI,17.04.26,,20408,A.P. HOTI,50912,DICHTUNG,3,Mensuri, Ä 0.20 
BENI,17.04.26, Ä 66.50 ,20409,BENI,49644,beMAKER Rostlîser,12,Mensuri, Ä 0.20 
BENI,17.04.26,,20409,BENI,16936,M ONE FELGENSILBER,5,Mensuri, Ä 0.15 
BENI,17.04.26,,20409,BENI,44001,Fettspray,5,Mensuri, Ä 0.20 
BENI,17.04.26,,20409,BENI,26736,M ONE HAFTGRUND,5,Mensuri, Ä 0.15 
BENI,17.04.26,,20409,BENI,54412,beMAKER Bremsen&Teile Reininger,4,Mensuri, Ä 0.20 
TE BENI,17.04.26, Ä 138.60 ,20407,TE BENI,35110,M-ONE Sanitar Silikon,24,Mensuri, Ä 0.17 
TE BENI,17.04.26,,20407,TE BENI,35121,M-ONE Sanitar Silikon,12,Mensuri, Ä 0.17 
TE ZENA,18.04.26, Ä 92.40 ,10616,TE ZENA,35113,M-ONE Sanitar Silikon,12,Qerimi, Ä 0.17 
TE ZENA,18.04.26,,10616,TE ZENA,35119,M-ONE Sanitar Silikon,12,Qerimi, Ä 0.17 
ALBANI,18.04.26, Ä 46.20 ,10635,#N/A,35128,M-ONE Sanitar Silikon,12,Qerimi, Ä 0.17 
KUJTA,18.04.26, Ä 166.20 ,10625,KUJTA,35109,M-ONE Sanitar Silikon,12,Qerimi, Ä 0.17 
KUJTA,18.04.26,,10625,KUJTA,35114,M-ONE Sanitar Silikon,12,Qerimi, Ä 0.17 
KUJTA,18.04.26,,10625,KUJTA,35115,M-ONE Sanitar Silikon,12,Qerimi, Ä 0.17 
KUJTA,18.04.26,,10625,KUJTA,51612,struktural akryl,12,Qerimi, Ä 0.06 
SABITI,18.04.26, Ä 27.50 ,10605,SABITI,54412,beMAKER Bremsen&Teile Reininger,5,Qerimi, Ä 0.20 
SABITI,18.04.26,,10605,SABITI,44001,Fettspray,5,Qerimi, Ä 0.20 
ALBANI,18.04.26, Ä 92.40 ,10636,#N/A,35112,M-ONE Sanitar Silikon,12,Qerimi, Ä 0.17 
ALBANI,18.04.26,,10636,#N/A,35108,M-ONE Sanitar Silikon,12,Qerimi, Ä 0.17 
AS QERAMIKA,18.04.26, Ä 415.80 ,20614,AS QERAMIKA,35109,M-ONE Sanitar Silikon,60,Mensuri, Ä 0.17 
AS QERAMIKA,18.04.26,,20614,AS QERAMIKA,35121,M-ONE Sanitar Silikon,36,Mensuri, Ä 0.17 
AS QERAMIKA,18.04.26,,20614,AS QERAMIKA,35125,M-ONE Sanitar Silikon,12,Mensuri, Ä 0.17 
SALIHU CORPORATION,18.04.26, Ä 92.40 ,20635,#N/A,35109,M-ONE Sanitar Silikon,24,Mensuri, Ä 0.17 
LTI,18.04.26, Ä 92.40 ,20623,LTI,35110,M-ONE Sanitar Silikon,12,Mensuri, Ä 0.17 
LTI,18.04.26,,20623,LTI,35121,M-ONE Sanitar Silikon,12,Mensuri, Ä 0.17 
PROMOIN,18.04.26, Ä 92.40 ,20603,PROMOIN,35110,M-ONE Sanitar Silikon,12,Mensuri, Ä 0.17 
PROMOIN,18.04.26,,20603,PROMOIN,35113,M-ONE Sanitar Silikon,12,Mensuri, Ä 0.17 
AGROLONDI,18.04.26, Ä 92.40 ,20602,AGROLONDI,35111,M-ONE Sanitar Silikon,12,Mensuri, Ä 0.17 
AGROLONDI,18.04.26,,20602,AGROLONDI,35113,M-ONE Sanitar Silikon,12,Mensuri, Ä 0.17 
HIDRO DANI,18.04.26, Ä 184.80 ,20630,HIDRO DANI,35110,M-ONE Sanitar Silikon,12,Mensuri, Ä 0.17 
HIDRO DANI,18.04.26,,20630,HIDRO DANI,35111,M-ONE Sanitar Silikon,12,Mensuri, Ä 0.17 
HIDRO DANI,18.04.26,,20630,HIDRO DANI,35128,M-ONE Sanitar Silikon,12,Mensuri, Ä 0.17 
HIDRO DANI,18.04.26,,20630,HIDRO DANI,35115,M-ONE Sanitar Silikon,12,Mensuri, Ä 0.17 
UNIKA,18.04.26, Ä 92.40 ,20627,UNIKA,35115,M-ONE Sanitar Silikon,12,Mensuri, Ä 0.17 
UNIKA,18.04.26,,20627,UNIKA,35128,M-ONE Sanitar Silikon,12,Mensuri, Ä 0.17 
ALFA-QERAMIKA,18.04.26, Ä 323.40 ,20604,ALFA-QERAMIKA,35121,M-ONE Sanitar Silikon,60,Mensuri, Ä 0.17 
ALFA-QERAMIKA,18.04.26,,20604,ALFA-QERAMIKA,35114,M-ONE Sanitar Silikon,24,Mensuri, Ä 0.17 
TE-SYLA,18.04.26, Ä 200.30 ,20606,TE-SYLA,35108,M-ONE Sanitar Silikon,12,Mensuri, Ä 0.17 
TE-SYLA,18.04.26,,20606,TE-SYLA,35121,M-ONE Sanitar Silikon,12,Mensuri, Ä 0.17 
TE-SYLA,18.04.26,,20606,TE-SYLA,35125,M-ONE Sanitar Silikon,12,Mensuri, Ä 0.17 
TE-SYLA,18.04.26,,20606,TE-SYLA,50912,DICHTUNG,6,Mensuri, Ä 0.20 
TE-SYLA,18.04.26,,20606,TE-SYLA,55718,M ONE MOTORSTART,3,Mensuri, Ä 0.20 
TE-SYLA,18.04.26,,20606,TE-SYLA,49644,beMAKER Rostlîser,4,Mensuri, Ä 0.20 
LONI,18.04.26, Ä 184.80 ,20608,LONI,35110,M-ONE Sanitar Silikon,24,Mensuri, Ä 0.17 
LONI,18.04.26,,20608,LONI,35121,M-ONE Sanitar Silikon,24,Mensuri, Ä 0.17 
MIX-B,18.04.26, Ä 138.60 ,20615,MIX-B,35113,M-ONE Sanitar Silikon,12,Mensuri, Ä 0.17 
MIX-B,18.04.26,,20615,MIX-B,35128,M-ONE Sanitar Silikon,12,Mensuri, Ä 0.17 
MIX-B,18.04.26,,20615,MIX-B,35121,M-ONE Sanitar Silikon,12,Mensuri, Ä 0.17 
HIDROELDI,20.04.26, Ä 92.40 ,10133,HIDROELDI,35109,M-ONE Sanitar Silikon,12,Qerimi, Ä 0.17 
HIDROELDI,20.04.26,,10133,HIDROELDI,35119,M-ONE Sanitar Silikon,12,Qerimi, Ä 0.17 
KRRABAJ,20.04.26, Ä 184.80 ,10145,KRRABAJ,35109,M-ONE Sanitar Silikon,12,Qerimi, Ä 0.17 
KRRABAJ,20.04.26,,10145,KRRABAJ,35112,M-ONE Sanitar Silikon,12,Qerimi, Ä 0.17 
KRRABAJ,20.04.26,,10145,KRRABAJ,35114,M-ONE Sanitar Silikon,12,Qerimi, Ä 0.17 
KRRABAJ,20.04.26,,10145,KRRABAJ,35115,M-ONE Sanitar Silikon,12,Qerimi, Ä 0.17 
KADIJOLLET,20.04.26, Ä 127.90 ,10111,KADIJOLLET,35109,M-ONE Sanitar Silikon,12,Qerimi, Ä 0.17 
KADIJOLLET,20.04.26,,10111,KADIJOLLET,35128,M-ONE Sanitar Silikon,12,Qerimi, Ä 0.17 
KADIJOLLET,20.04.26,,10111,KADIJOLLET,51611,universal akryl,12,Qerimi, Ä 0.06 
KADIJOLLET,20.04.26,,10111,KADIJOLLET,54412,beMAKER Bremsen&Teile Reininger,5,Qerimi, Ä 0.20 
KADIJOLLET,20.04.26,,10111,KADIJOLLET,55718,M ONE MOTORSTART,3,Qerimi, Ä 0.20 
QELA,20.04.26, Ä 36.60 ,10114,QELA,51611,universal akryl,12,Qerimi, Ä 0.06 
QELA,20.04.26,,10114,QELA,50912,DICHTUNG,3,Qerimi, Ä 0.20 
TEMAJ,20.04.26, Ä 107.40 ,40019,TEMAJ,35119,M-ONE Sanitar Silikon,12,0, Ä 0.17 
TEMAJ,20.04.26,,40019,TEMAJ,35128,M-ONE Sanitar Silikon,12,0, Ä 0.17 
TEMAJ,20.04.26,,40019,TEMAJ,51611,universal akryl,12,0, Ä 0.06 
KENA COMERC,20.04.26, Ä 198.60 ,20109,KENA COMERC,35125,M-ONE Sanitar Silikon,24,Mensuri, Ä 0.17 
KENA COMERC,20.04.26,,20109,KENA COMERC,35110,M-ONE Sanitar Silikon,12,Mensuri, Ä 0.17 
KENA COMERC,20.04.26,,20109,KENA COMERC,51611,universal akryl,48,Mensuri, Ä 0.06 
TECOL 2,20.04.26, Ä 49.50 ,20111,TECOL 2,51936,M ONE SCHWARZ GLéNZED,6,Mensuri, Ä 0.15 
TECOL 2,20.04.26,,20111,TECOL 2,51736,M ONE SCHWARZ MATT,6,Mensuri, Ä 0.15 
TECOL 2,20.04.26,,20111,TECOL 2,56117,M ONE UBS,3,Mensuri, Ä 0.20 
TECOL 2,20.04.26,,20111,TECOL 2,16936,M ONE FELGENSILBER,3,Mensuri, Ä 0.15 
LULI-C,20.04.26, Ä 174.00 ,20126,LULI-C,66701,PROFIMONT EXTREME,12,Mensuri, Ä 0.20 
LULI-C,20.04.26,,20126,LULI-C,35119,M-ONE Sanitar Silikon,12,Mensuri, Ä 0.17 
LULI-C,20.04.26,,20126,LULI-C,35128,M-ONE Sanitar Silikon,12,Mensuri, Ä 0.17 
LULI-C,20.04.26,,20126,LULI-C,49644,beMAKER Rostlîser,6,Mensuri, Ä 0.20 
CAMA BAU,20.04.26, Ä 184.80 ,20121,CAMA BAU,35108,M-ONE Sanitar Silikon,12,Mensuri, Ä 0.17 
CAMA BAU,20.04.26,,20121,CAMA BAU,35121,M-ONE Sanitar Silikon,36,Mensuri, Ä 0.17 
KTHIMI,20.04.26, Ä 138.60 ,20104,KTHIMI,35113,M-ONE Sanitar Silikon,24,Mensuri, Ä 0.17 
KTHIMI,20.04.26,,20104,KTHIMI,35108,M-ONE Sanitar Silikon,12,Mensuri, Ä 0.17 
ING PROJEKT,20.04.26, Ä 101.40 ,20108,ING PROJEKT,35115,M-ONE Sanitar Silikon,12,Mensuri, Ä 0.17 
ING PROJEKT,20.04.26,,20108,ING PROJEKT,51612,struktural akryl,24,Mensuri, Ä 0.06 
TERMO PROJEKT,20.04.26, Ä 69.60 ,20127,TERMO PROJEKT,66701,PROFIMONT EXTREME,12,Mensuri, Ä 0.20 
KUQI-LKW,20.04.26, Ä 34.00 ,20102,KUQI-LKW,49644,beMAKER Rostlîser,7,Mensuri, Ä 0.20 
KUQI-LKW,20.04.26,,20102,KUQI-LKW,55718,M ONE MOTORSTART,4,Mensuri, Ä 0.20 
KUQI-LKW,20.04.26,,20102,KUQI-LKW,54412,beMAKER Bremsen&Teile Reininger,3,Mensuri, Ä 0.20 
BARDHI,21.04.26, Ä 46.20 ,10244,BARDHI,35121,M-ONE Sanitar Silikon,12,Qerimi, Ä 0.17 
AB SHPK,21.04.26, Ä 138.60 ,10241,AB SHPK,35108,M-ONE Sanitar Silikon,12,Qerimi, Ä 0.17 
AB SHPK,21.04.26,,10241,AB SHPK,35109,M-ONE Sanitar Silikon,12,Qerimi, Ä 0.17 
AB SHPK,21.04.26,,10241,AB SHPK,35110,M-ONE Sanitar Silikon,12,Qerimi, Ä 0.17 
BEK TRADE,21.04.26, Ä 138.60 ,10245,BEK TRADE,35109,M-ONE Sanitar Silikon,12,Qerimi, Ä 0.17 
BEK TRADE,21.04.26,,10245,BEK TRADE,35111,M-ONE Sanitar Silikon,12,Qerimi, Ä 0.17 
BEK TRADE,21.04.26,,10245,BEK TRADE,35128,M-ONE Sanitar Silikon,12,Qerimi, Ä 0.17 
ARPO,21.04.26, Ä 184.80 ,10240,ARPO,35113,M-ONE Sanitar Silikon,12,Qerimi, Ä 0.17 
ARPO,21.04.26,,10240,ARPO,35114,M-ONE Sanitar Silikon,12,Qerimi, Ä 0.17 
ARPO,21.04.26,,10240,ARPO,35128,M-ONE Sanitar Silikon,12,Qerimi, Ä 0.17 
ARPO,21.04.26,,10240,ARPO,35109,M-ONE Sanitar Silikon,12,Qerimi, Ä 0.17 
XHAFA,21.04.26, Ä 106.80 ,10205,XHAFA,35121,M-ONE Sanitar Silikon,12,Qerimi, Ä 0.17 
XHAFA,21.04.26,,10205,XHAFA,35128,M-ONE Sanitar Silikon,12,Qerimi, Ä 0.17 
XHAFA,21.04.26,,10205,XHAFA,50912,DICHTUNG,2,Qerimi, Ä 0.20 
TE BESNIKU,21.04.26, Ä 46.20 ,10201,TE BESNIKU,35119,M-ONE Sanitar Silikon,12,Qerimi, Ä 0.17 
JETA DUHEL,21.04.26, Ä 138.60 ,10230,JETA DUHEL,35109,M-ONE Sanitar Silikon,12,Qerimi, Ä 0.17 
JETA DUHEL,21.04.26,,10230,JETA DUHEL,35112,M-ONE Sanitar Silikon,12,Qerimi, Ä 0.17 
JETA DUHEL,21.04.26,,10230,JETA DUHEL,35121,M-ONE Sanitar Silikon,12,Qerimi, Ä 0.17 
TE RAMIZI,21.04.26, Ä 46.20 ,10528,TE RAMIZI,35121,M-ONE Sanitar Silikon,12,Qerimi, Ä 0.17 
TEMAJ,21.04.26, Ä 231.00 ,40019,TEMAJ,35109,M-ONE Sanitar Silikon,24,0, Ä 0.17 
TEMAJ,21.04.26,,40019,TEMAJ,35108,M-ONE Sanitar Silikon,12,0, Ä 0.17 
TEMAJ,21.04.26,,40019,TEMAJ,35121,M-ONE Sanitar Silikon,12,0, Ä 0.17 
TEMAJ,21.04.26,,40019,TEMAJ,35119,M-ONE Sanitar Silikon,12,0, Ä 0.17 
TANI,21.04.26, Ä 138.60 ,20224,TANI,35110,M-ONE Sanitar Silikon,12,Mensuri, Ä 0.17 
TANI,21.04.26,,20224,TANI,35111,M-ONE Sanitar Silikon,12,Mensuri, Ä 0.17 
TANI,21.04.26,,20224,TANI,35112,M-ONE Sanitar Silikon,12,Mensuri, Ä 0.17 
LETAJ,21.04.26, Ä 142.20 ,20209,LETAJ,50912,DICHTUNG,12,Mensuri, Ä 0.20 
LETAJ,21.04.26,,20209,LETAJ,35128,M-ONE Sanitar Silikon,12,Mensuri, Ä 0.17 
GACAFERI-RG,21.04.26, Ä 51.60 ,20205,GACAFERI-RG,56117,M ONE UBS,6,Mensuri, Ä 0.20 
GACAFERI-RG,21.04.26,,20205,GACAFERI-RG,51612,struktural akryl,12,Mensuri, Ä 0.06 
INOX 1,21.04.26, Ä 107.40 ,20211,INOX 1,35112,M-ONE Sanitar Silikon,12,Mensuri, Ä 0.17 
INOX 1,21.04.26,,20211,INOX 1,35113,M-ONE Sanitar Silikon,12,Mensuri, Ä 0.17 
INOX 1,21.04.26,,20211,INOX 1,51611,universal akryl,12,Mensuri, Ä 0.06 
INOX 2,21.04.26, Ä 92.40 ,20212,INOX 2,35113,M-ONE Sanitar Silikon,12,Mensuri, Ä 0.17 
INOX 2,21.04.26,,20212,INOX 2,35121,M-ONE Sanitar Silikon,12,Mensuri, Ä 0.17 
V. GJONAJ,21.04.26, Ä 147.60 ,20208,V. GJONAJ,35125,M-ONE Sanitar Silikon,24,Mensuri, Ä 0.17 
V. GJONAJ,21.04.26,,20208,V. GJONAJ,51612,struktural akryl,24,Mensuri, Ä 0.06 
ERENIKU,21.04.26, Ä 101.40 ,20206,ERENIKU,35109,M-ONE Sanitar Silikon,12,Mensuri, Ä 0.17 
ERENIKU,21.04.26,,20206,ERENIKU,51612,struktural akryl,24,Mensuri, Ä 0.06 
AFRIMI-AG,21.04.26, Ä 323.40 ,20203,AFRIMI-AG,35109,M-ONE Sanitar Silikon,48,Mensuri, Ä 0.17 
AFRIMI-AG,21.04.26,,20203,AFRIMI-AG,35108,M-ONE Sanitar Silikon,12,Mensuri, Ä 0.17 
AFRIMI-AG,21.04.26,,20203,AFRIMI-AG,35112,M-ONE Sanitar Silikon,12,Mensuri, Ä 0.17 
AFRIMI-AG,21.04.26,,20203,AFRIMI-AG,35128,M-ONE Sanitar Silikon,12,Mensuri, Ä 0.17 
TE BESIMI,21.04.26, Ä 114.00 ,20201,TE BESIMI,35110,M-ONE Sanitar Silikon,12,Mensuri, Ä 0.17 
TE BESIMI,21.04.26,,20201,TE BESIMI,35125,M-ONE Sanitar Silikon,12,Mensuri, Ä 0.17 
TE BESIMI,21.04.26,,20201,TE BESIMI,50912,DICHTUNG,3,Mensuri, Ä 0.20 
YLLI CONSTRUCION,21.04.26, Ä 48.00 ,40017,YLLI CONSTRUCION,35108,M-ONE Sanitar Silikon,4,0, Ä 0.17 
YLLI CONSTRUCION,21.04.26,,40017,YLLI CONSTRUCION,35110,M-ONE Sanitar Silikon,4,0, Ä 0.17 
YLLI CONSTRUCION,21.04.26,,40017,YLLI CONSTRUCION,35111,M-ONE Sanitar Silikon,4,0, Ä 0.17 
ARBENI BIOBLIC,21.04.26, Ä 171.50 ,40003,ARBENI BIOBLIC,20001,BioBlic Universalreiniger,90,0, Ä 0.30 
ARBENI BIOBLIC,21.04.26,,40003,ARBENI BIOBLIC,30275,Blic Blic SanitÑrreiniger,50,0, Ä 0.30 
FATMIRI,22.04.26, Ä 92.40 ,10313,FATMIRI,35110,M-ONE Sanitar Silikon,12,Qerimi, Ä 0.17 
FATMIRI,22.04.26,,10313,FATMIRI,35115,M-ONE Sanitar Silikon,12,Qerimi, Ä 0.17 
BEKA-3,22.04.26, Ä 86.40 ,10323,BEKA-3,50912,DICHTUNG,12,Qerimi, Ä 0.20 
BALLKANI,22.04.26, Ä 369.60 ,10350,BALLKANI,35121,M-ONE Sanitar Silikon,48,Qerimi, Ä 0.17 
BALLKANI,22.04.26,,10350,BALLKANI,35114,M-ONE Sanitar Silikon,12,Qerimi, Ä 0.17 
BALLKANI,22.04.26,,10350,BALLKANI,35128,M-ONE Sanitar Silikon,12,Qerimi, Ä 0.17 
BALLKANI,22.04.26,,10350,BALLKANI,35113,M-ONE Sanitar Silikon,12,Qerimi, Ä 0.17 
BALLKANI,22.04.26,,10350,BALLKANI,35111,M-ONE Sanitar Silikon,12,Qerimi, Ä 0.17 
AME,22.04.26, Ä 138.60 ,10346,AME,35108,M-ONE Sanitar Silikon,12,Qerimi, Ä 0.17 
AME,22.04.26,,10346,AME,35109,M-ONE Sanitar Silikon,12,Qerimi, Ä 0.17 
AME,22.04.26,,10346,AME,35121,M-ONE Sanitar Silikon,12,Qerimi, Ä 0.17 
EUROSAN,22.04.26, Ä 61.20 ,10304,EUROSAN,35110,M-ONE Sanitar Silikon,12,Qerimi, Ä 0.17 
EUROSAN,22.04.26,,10304,EUROSAN,51611,universal akryl,12,Qerimi, Ä 0.06 
BEKA-2,22.04.26, Ä 51.30 ,10317,BEKA-2,50912,DICHTUNG,4,Qerimi, Ä 0.20 
BEKA-2,22.04.26,,10317,BEKA-2,56117,M ONE UBS,3,Qerimi, Ä 0.20 
BEKA-2,22.04.26,,10317,BEKA-2,55718,M ONE MOTORSTART,3,Qerimi, Ä 0.20 
TINA,22.04.26, Ä 138.60 ,10344,TINA,35108,M-ONE Sanitar Silikon,12,Qerimi, Ä 0.17 
TINA,22.04.26,,10344,TINA,35112,M-ONE Sanitar Silikon,12,Qerimi, Ä 0.17 
TINA,22.04.26,,10344,TINA,35115,M-ONE Sanitar Silikon,12,Qerimi, Ä 0.17 
BEKA-1,22.04.26, Ä 34.90 ,10303,BEKA-1,50912,DICHTUNG,2,Qerimi, Ä 0.20 
BEKA-1,22.04.26,,10303,BEKA-1,44001,Fettspray,3,Qerimi, Ä 0.20 
BEKA-1,22.04.26,,10303,BEKA-1,49644,beMAKER Rostlîser,5,Qerimi, Ä 0.20 
GLOBAL NT,22.04.26, Ä 107.40 ,10360,#N/A,35108,M-ONE Sanitar Silikon,12,Qerimi, Ä 0.17 
GLOBAL NT,22.04.26,,10360,#N/A,35111,M-ONE Sanitar Silikon,12,Qerimi, Ä 0.17 
GLOBAL NT,22.04.26,,10360,#N/A,51611,universal akryl,12,Qerimi, Ä 0.06 
TREND CERAMIKA,22.04.26, Ä 46.20 ,10353,TREND CERAMIKA,35121,M-ONE Sanitar Silikon,12,Qerimi, Ä 0.17 
GLOBAL NT,22.04.26, Ä 15.00 ,10359,#N/A,51611,universal akryl,12,Qerimi, Ä 0.06 
DURGUTI 3,22.04.26, Ä 120.00 ,20313,DURGUTI 3,35113,M-ONE Sanitar Silikon,12,Mensuri, Ä 0.17 
DURGUTI 3,22.04.26,,20313,DURGUTI 3,35125,M-ONE Sanitar Silikon,12,Mensuri, Ä 0.17 
DURGUTI 3,22.04.26,,20313,DURGUTI 3,51612,struktural akryl,12,Mensuri, Ä 0.06 
HAZROLLI,22.04.26, Ä 69.60 ,20301,HAZROLLI,66701,PROFIMONT EXTREME,12,Mensuri, Ä 0.20 
BAU HOME,22.04.26, Ä 46.20 ,20324,BAU HOME,35108,M-ONE Sanitar Silikon,12,Mensuri, Ä 0.17 
CONDOR,22.04.26, Ä 238.80 ,20307,CONDOR,35128,M-ONE Sanitar Silikon,24,Mensuri, Ä 0.17 
CONDOR,22.04.26,,20307,CONDOR,35113,M-ONE Sanitar Silikon,12,Mensuri, Ä 0.17 
CONDOR,22.04.26,,20307,CONDOR,51611,universal akryl,24,Mensuri, Ä 0.06 
CONDOR,22.04.26,,20307,CONDOR,51611,universal akryl,24,Mensuri, Ä 0.06 
CONDOR,22.04.26,,20307,CONDOR,16936,M ONE FELGENSILBER,6,Mensuri, Ä 0.15 
AGRO-FARM,22.04.26, Ä 76.20 ,20304,AGRO-FARM,35111,M-ONE Sanitar Silikon,12,Mensuri, Ä 0.17 
AGRO-FARM,22.04.26,,20304,AGRO-FARM,26736,M ONE HAFTGRUND,12,Mensuri, Ä 0.15 
SHEHU-A,22.04.26, Ä 70.20 ,20317,SHEHU-A,35110,M-ONE Sanitar Silikon,12,Mensuri, Ä 0.17 
SHEHU-A,22.04.26,,20317,SHEHU-A,49644,beMAKER Rostlîser,12,Mensuri, Ä 0.20 
BARDHI-M,22.04.26, Ä 92.40 ,20331,BARDHI-M,35121,M-ONE Sanitar Silikon,24,Mensuri, Ä 0.17 
SOPAJ,22.04.26, Ä 74.00 ,20311,SOPAJ,51936,M ONE SCHWARZ GLéNZED,6,Mensuri, Ä 0.15 
SOPAJ,22.04.26,,20311,SOPAJ,51736,M ONE SCHWARZ MATT,6,Mensuri, Ä 0.15 
SOPAJ,22.04.26,,20311,SOPAJ,69236,M ONE WEISS GLéNZEND,6,Mensuri, Ä 0.15 
SOPAJ,22.04.26,,20311,SOPAJ,31819,M ONE FUERROT,6,Mensuri, Ä 0.15 
SOPAJ,22.04.26,,20311,SOPAJ,49644,beMAKER Rostlîser,7,Mensuri, Ä 0.20 
NDRIQIMI,23.04.26, Ä 353.40 ,10418,NDRIQIMI,35128,M-ONE Sanitar Silikon,48,Qerimi, Ä 0.17 
NDRIQIMI,23.04.26,,10418,NDRIQIMI,35111,M-ONE Sanitar Silikon,24,Qerimi, Ä 0.17 
NDRIQIMI,23.04.26,,10418,NDRIQIMI,35121,M-ONE Sanitar Silikon,12,Qerimi, Ä 0.17 
NDRIQIMI,23.04.26,,10418,NDRIQIMI,51611,universal akryl,24,Qerimi, Ä 0.06 
EURO COM,23.04.26, Ä 46.20 ,10430,EURO COM,35128,M-ONE Sanitar Silikon,12,Qerimi, Ä 0.17 
AGRONI,23.04.26, Ä 113.40 ,10406,AGRONI,50912,DICHTUNG,12,Qerimi, Ä 0.20 
AGRONI,23.04.26,,10406,AGRONI,51736,M ONE SCHWARZ MATT,4,Qerimi, Ä 0.15 
AGRONI,23.04.26,,10406,AGRONI,49644,beMAKER Rostlîser,2,Qerimi, Ä 0.20 
AGRONI,23.04.26,,10406,AGRONI,31819,M ONE FUERROT,2,Qerimi, Ä 0.15 
AGRONI,23.04.26,,10406,AGRONI,56117,M ONE UBS,2,Qerimi, Ä 0.20 
GRANITI,23.04.26, Ä 46.20 ,10410,GRANITI,35112,M-ONE Sanitar Silikon,12,Qerimi, Ä 0.17 
UNIVERZAL,23.04.26, Ä 92.40 ,10413,UNIVERZAL,35110,M-ONE Sanitar Silikon,12,Qerimi, Ä 0.17 
UNIVERZAL,23.04.26,,10413,UNIVERZAL,35113,M-ONE Sanitar Silikon,12,Qerimi, Ä 0.17 
ENISI - H,23.04.26, Ä 138.60 ,10428,ENISI - H,35121,M-ONE Sanitar Silikon,12,Qerimi, Ä 0.17 
ENISI - H,23.04.26,,10428,ENISI - H,35109,M-ONE Sanitar Silikon,12,Qerimi, Ä 0.17 
ENISI - H,23.04.26,,10428,ENISI - H,35125,M-ONE Sanitar Silikon,12,Qerimi, Ä 0.17 
SAN KOS,23.04.26, Ä 46.20 ,10429,SAN KOS,35113,M-ONE Sanitar Silikon,12,Qerimi, Ä 0.17 
REAL COLOR 1,24.04.26, Ä 92.40 ,10503,REAL COLOR 1,35109,M-ONE Sanitar Silikon,12,Qerimi, Ä 0.17 
REAL COLOR 1,24.04.26,,10503,REAL COLOR 1,35113,M-ONE Sanitar Silikon,12,Qerimi, Ä 0.17 
LITA,24.04.26, Ä 46.20 ,10542,LITA,35110,M-ONE Sanitar Silikon,12,Qerimi, Ä 0.17 
CARRALEVA 2,24.04.26, Ä 92.40 ,10508,CARRALEVA 2,35110,M-ONE Sanitar Silikon,12,Qerimi, Ä 0.17 
CARRALEVA 2,24.04.26,,10508,CARRALEVA 2,35128,M-ONE Sanitar Silikon,12,Qerimi, Ä 0.17 
REAL COLOR 2,24.04.26, Ä 138.60 ,10507,REAL COLOR 2,35109,M-ONE Sanitar Silikon,12,Qerimi, Ä 0.17 
REAL COLOR 2,24.04.26,,10507,REAL COLOR 2,35121,M-ONE Sanitar Silikon,12,Qerimi, Ä 0.17 
REAL COLOR 2,24.04.26,,10507,REAL COLOR 2,35128,M-ONE Sanitar Silikon,12,Qerimi, Ä 0.17 
BALLKANI,24.04.26, Ä 231.00 ,10350,BALLKANI,35113,M-ONE Sanitar Silikon,12,Qerimi, Ä 0.17 
BALLKANI,24.04.26,,10350,BALLKANI,35121,M-ONE Sanitar Silikon,48,Qerimi, Ä 0.17 
ARBERI,24.04.26, Ä 92.40 ,10506,ARBERI,35113,M-ONE Sanitar Silikon,12,Qerimi, Ä 0.17 
ARBERI,24.04.26,,10506,ARBERI,35115,M-ONE Sanitar Silikon,12,Qerimi, Ä 0.17 
LIRIDONA KLINE,24.04.26, Ä 507.00 ,20511,LIRIDONA KLINE,35115,M-ONE Sanitar Silikon,48,Mensuri, Ä 0.17 
LIRIDONA KLINE,24.04.26,,20511,LIRIDONA KLINE,35109,M-ONE Sanitar Silikon,24,Mensuri, Ä 0.17 
LIRIDONA KLINE,24.04.26,,20511,LIRIDONA KLINE,35119,M-ONE Sanitar Silikon,24,Mensuri, Ä 0.17 
LIRIDONA KLINE,24.04.26,,20511,LIRIDONA KLINE,35112,M-ONE Sanitar Silikon,12,Mensuri, Ä 0.17 
LIRIDONA KLINE,24.04.26,,20511,LIRIDONA KLINE,35125,M-ONE Sanitar Silikon,12,Mensuri, Ä 0.17 
LIRIDONA KLINE,24.04.26,,20511,LIRIDONA KLINE,51611,universal akryl,36,Mensuri, Ä 0.06 
RACI,24.04.26, Ä 138.60 ,20501,RACI,35110,M-ONE Sanitar Silikon,12,Mensuri, Ä 0.17 
RACI,24.04.26,,20501,RACI,35125,M-ONE Sanitar Silikon,12,Mensuri, Ä 0.17 
RACI,24.04.26,,20501,RACI,35128,M-ONE Sanitar Silikon,12,Mensuri, Ä 0.17 
HOXHA,24.04.26, Ä 73.80 ,20502,HOXHA,35110,M-ONE Sanitar Silikon,12,Mensuri, Ä 0.17 
HOXHA,24.04.26,,20502,HOXHA,51612,struktural akryl,12,Mensuri, Ä 0.06 
LIRIDONA HOME,24.04.26, Ä 166.20 ,20508,LIRIDONA HOME,35109,M-ONE Sanitar Silikon,24,Mensuri, Ä 0.17 
LIRIDONA HOME,24.04.26,,20508,LIRIDONA HOME,35115,M-ONE Sanitar Silikon,12,Mensuri, Ä 0.17 
LIRIDONA HOME,24.04.26,,20508,LIRIDONA HOME,51612,struktural akryl,12,Mensuri, Ä 0.06 
LIRIDONA-A,24.04.26, Ä 231.00 ,20515,LIRIDONA-A,35110,M-ONE Sanitar Silikon,24,Mensuri, Ä 0.17 
LIRIDONA-A,24.04.26,,20515,LIRIDONA-A,35113,M-ONE Sanitar Silikon,24,Mensuri, Ä 0.17 
LIRIDONA-A,24.04.26,,20515,LIRIDONA-A,35114,M-ONE Sanitar Silikon,12,Mensuri, Ä 0.17 
BENI,24.04.26, Ä 85.80 ,20409,BENI,50912,DICHTUNG,9,Mensuri, Ä 0.20 
BENI,24.04.26,,20409,BENI,44001,Fettspray,6,Mensuri, Ä 0.20 
A.P. HOTI,24.04.26, Ä 34.50 ,20408,A.P. HOTI,16936,M ONE FELGENSILBER,3,Mensuri, Ä 0.15 
A.P. HOTI,24.04.26,,20408,A.P. HOTI,51936,M ONE SCHWARZ GLéNZED,3,Mensuri, Ä 0.15 
A.P. HOTI,24.04.26,,20408,A.P. HOTI,51736,M ONE SCHWARZ MATT,3,Mensuri, Ä 0.15 
A.P. HOTI,24.04.26,,20408,A.P. HOTI,56117,M ONE UBS,3,Mensuri, Ä 0.20 
TE BENI,24.04.26, Ä 184.80 ,20407,TE BENI,35111,M-ONE Sanitar Silikon,24,Mensuri, Ä 0.17 
TE BENI,24.04.26,,20407,TE BENI,35112,M-ONE Sanitar Silikon,12,Mensuri, Ä 0.17 
TE BENI,24.04.26,,20407,TE BENI,35113,M-ONE Sanitar Silikon,12,Mensuri, Ä 0.17 
ARBENI BIOBLIC,24.04.26, Ä 256.00 ,40003,ARBENI BIOBLIC,20001,BioBlic Universalreiniger,150,0, Ä 0.30 
ARBENI BIOBLIC,24.04.26,,40003,ARBENI BIOBLIC,30275,Blic Blic SanitÑrreiniger,40,0, Ä 0.30 
ARBENI BIOBLIC,24.04.26,,40003,ARBENI BIOBLIC,20000,BioBlic AutoInnenreiniger,10,0, Ä 0.30 
TE KELA,25.04.26, Ä 12.00 ,10613,TE KELA,49644,beMAKER Rostlîser,6,Qerimi, Ä 0.20 
TE ZENA,25.04.26, Ä 138.60 ,10616,TE ZENA,35121,M-ONE Sanitar Silikon,12,Qerimi, Ä 0.17 
TE ZENA,25.04.26,,10616,TE ZENA,35128,M-ONE Sanitar Silikon,12,Qerimi, Ä 0.17 
TE ZENA,25.04.26,,10616,TE ZENA,35111,M-ONE Sanitar Silikon,12,Qerimi, Ä 0.17 
ALBANI,25.04.26, Ä 92.40 ,10635,#N/A,35109,M-ONE Sanitar Silikon,12,Qerimi, Ä 0.17 
ALBANI,25.04.26,,10635,#N/A,35113,M-ONE Sanitar Silikon,12,Qerimi, Ä 0.17 
HOXHA,25.04.26, Ä 37.50 ,10622,HOXHA,16936,M ONE FELGENSILBER,2,Qerimi, Ä 0.15 
HOXHA,25.04.26,,10622,HOXHA,31818,M ONE ANTHRAZIT,2,Qerimi, Ä 0.15 
HOXHA,25.04.26,,10622,HOXHA,51936,M ONE SCHWARZ GLéNZED,2,Qerimi, Ä 0.15 
HOXHA,25.04.26,,10622,HOXHA,56117,M ONE UBS,3,Qerimi, Ä 0.20 
HOXHA,25.04.26,,10622,HOXHA,55718,M ONE MOTORSTART,3,Qerimi, Ä 0.20 
KUJTA,25.04.26, Ä 120.00 ,10625,KUJTA,35115,M-ONE Sanitar Silikon,12,Qerimi, Ä 0.17 
KUJTA,25.04.26,,10625,KUJTA,35113,M-ONE Sanitar Silikon,12,Qerimi, Ä 0.17 
KUJTA,25.04.26,,10625,KUJTA,51612,struktural akryl,12,Qerimi, Ä 0.06 
TE-LUTA,25.04.26, Ä 277.00 ,20611,TE-LUTA,35115,M-ONE Sanitar Silikon,12,Mensuri, Ä 0.17 
TE-LUTA,25.04.26,,20611,TE-LUTA,35111,M-ONE Sanitar Silikon,12,Mensuri, Ä 0.17 
TE-LUTA,25.04.26,,20611,TE-LUTA,35114,M-ONE Sanitar Silikon,12,Mensuri, Ä 0.17 
TE-LUTA,25.04.26,,20611,TE-LUTA,35110,M-ONE Sanitar Silikon,12,Mensuri, Ä 0.17 
TE-LUTA,25.04.26,,20611,TE-LUTA,35109,M-ONE Sanitar Silikon,12,Mensuri, Ä 0.17 
TE-LUTA,25.04.26,,20611,TE-LUTA,35121,M-ONE Sanitar Silikon,12,Mensuri, Ä 0.17 
TE-LUTA,25.04.26,,20611,TE-LUTA,35121,M-ONE Sanitar Silikon,24,Mensuri, Ä 0.17 
TE-LUTA,25.04.26,,20611,TE-LUTA,66701,PROFIMONT EXTREME,12,Mensuri, Ä 0.20 
AGROLONDI,25.04.26, Ä 153.60 ,20602,AGROLONDI,35109,M-ONE Sanitar Silikon,12,Mensuri, Ä 0.17 
AGROLONDI,25.04.26,,20602,AGROLONDI,35128,M-ONE Sanitar Silikon,12,Mensuri, Ä 0.17 
AGROLONDI,25.04.26,,20602,AGROLONDI,35113,M-ONE Sanitar Silikon,12,Mensuri, Ä 0.17 
AGROLONDI,25.04.26,,20602,AGROLONDI,51611,universal akryl,12,Mensuri, Ä 0.06 
LTI,25.04.26, Ä 162.00 ,20623,LTI,35111,M-ONE Sanitar Silikon,12,Mensuri, Ä 0.17 
LTI,25.04.26,,20623,LTI,35119,M-ONE Sanitar Silikon,12,Mensuri, Ä 0.17 
LTI,25.04.26,,20623,LTI,66701,PROFIMONT EXTREME,12,Mensuri, Ä 0.20 
ILIRI QERAMIKA,25.04.26, Ä 138.60 ,20622,ILIRI QERAMIKA,35109,M-ONE Sanitar Silikon,12,Mensuri, Ä 0.17 
ILIRI QERAMIKA,25.04.26,,20622,ILIRI QERAMIKA,35113,M-ONE Sanitar Silikon,12,Mensuri, Ä 0.17 
ILIRI QERAMIKA,25.04.26,,20622,ILIRI QERAMIKA,35121,M-ONE Sanitar Silikon,12,Mensuri, Ä 0.17 
ALMIRI QERAMIKA,25.04.26, Ä 92.40 ,20631,ALMIRI QERAMIKA,35109,M-ONE Sanitar Silikon,12,Mensuri, Ä 0.17 
ALMIRI QERAMIKA,25.04.26,,20631,ALMIRI QERAMIKA,35121,M-ONE Sanitar Silikon,12,Mensuri, Ä 0.17 
ORCA,25.04.26, Ä 92.40 ,20633,ORCA,35109,M-ONE Sanitar Silikon,12,Mensuri, Ä 0.17 
ORCA,25.04.26,,20633,ORCA,35115,M-ONE Sanitar Silikon,12,Mensuri, Ä 0.17 
UNIKA,25.04.26, Ä 231.00 ,20627,UNIKA,35108,M-ONE Sanitar Silikon,12,Mensuri, Ä 0.17 
UNIKA,25.04.26,,20627,UNIKA,35109,M-ONE Sanitar Silikon,12,Mensuri, Ä 0.17 
UNIKA,25.04.26,,20627,UNIKA,35113,M-ONE Sanitar Silikon,12,Mensuri, Ä 0.17 
UNIKA,25.04.26,,20627,UNIKA,35110,M-ONE Sanitar Silikon,24,Mensuri, Ä 0.17 
SALIHU CORPORATION,25.04.26, Ä 231.00 ,20635,#N/A,35109,M-ONE Sanitar Silikon,36,Mensuri, Ä 0.17 
SALIHU CORPORATION,25.04.26,,20635,#N/A,35110,M-ONE Sanitar Silikon,24,Mensuri, Ä 0.17 
ALFA-QERAMIKA,25.04.26, Ä 231.00 ,20604,ALFA-QERAMIKA,35113,M-ONE Sanitar Silikon,24,Mensuri, Ä 0.17 
ALFA-QERAMIKA,25.04.26,,20604,ALFA-QERAMIKA,35109,M-ONE Sanitar Silikon,12,Mensuri, Ä 0.17 
ALFA-QERAMIKA,25.04.26,,20604,ALFA-QERAMIKA,35112,M-ONE Sanitar Silikon,12,Mensuri, Ä 0.17 
ALFA-QERAMIKA,25.04.26,,20604,ALFA-QERAMIKA,35115,M-ONE Sanitar Silikon,12,Mensuri, Ä 0.17 
TE-SYLA,25.04.26, Ä 125.20 ,20606,TE-SYLA,35109,M-ONE Sanitar Silikon,12,Mensuri, Ä 0.17 
TE-SYLA,25.04.26,,20606,TE-SYLA,35110,M-ONE Sanitar Silikon,12,Mensuri, Ä 0.17 
TE-SYLA,25.04.26,,20606,TE-SYLA,31880,HAT LACK 800,6,Mensuri, Ä 0.35 
TE-SYLA,25.04.26,,20606,TE-SYLA,50912,DICHTUNG,4,Mensuri, Ä 0.20 
TE-SYLA,25.04.26,,20606,TE-SYLA,44001,Fettspray,4,Mensuri, Ä 0.20 
BULONI - SH,25.04.26, Ä 369.60 ,20624,BULONI - SH,35128,M-ONE Sanitar Silikon,24,Mensuri, Ä 0.17 
BULONI - SH,25.04.26,,20624,BULONI - SH,35108,M-ONE Sanitar Silikon,12,Mensuri, Ä 0.17 
BULONI - SH,25.04.26,,20624,BULONI - SH,35111,M-ONE Sanitar Silikon,12,Mensuri, Ä 0.17 
BULONI - SH,25.04.26,,20624,BULONI - SH,35112,M-ONE Sanitar Silikon,12,Mensuri, Ä 0.17 
BULONI - SH,25.04.26,,20624,BULONI - SH,35121,M-ONE Sanitar Silikon,12,Mensuri, Ä 0.17 
BULONI - SH,25.04.26,,20624,BULONI - SH,35125,M-ONE Sanitar Silikon,12,Mensuri, Ä 0.17 
BULONI - SH,25.04.26,,20624,BULONI - SH,35114,M-ONE Sanitar Silikon,12,Mensuri, Ä 0.17 
PROMOIN,25.04.26, Ä 85.20 ,20603,PROMOIN,51611,universal akryl,24,Mensuri, Ä 0.06 
PROMOIN,25.04.26,,20603,PROMOIN,51612,struktural akryl,24,Mensuri, Ä 0.06 
KRRABAJ,27.04.26, Ä 92.40 ,10145,KRRABAJ,35121,M-ONE Sanitar Silikon,12,Qerimi, Ä 0.17 
KRRABAJ,27.04.26,,10145,KRRABAJ,35128,M-ONE Sanitar Silikon,12,Qerimi, Ä 0.17 
KADIJOLLET,27.04.26, Ä 184.80 ,10111,KADIJOLLET,35110,M-ONE Sanitar Silikon,12,Qerimi, Ä 0.17 
KADIJOLLET,27.04.26,,10111,KADIJOLLET,35111,M-ONE Sanitar Silikon,12,Qerimi, Ä 0.17 
KADIJOLLET,27.04.26,,10111,KADIJOLLET,35112,M-ONE Sanitar Silikon,12,Qerimi, Ä 0.17 
KADIJOLLET,27.04.26,,10111,KADIJOLLET,35119,M-ONE Sanitar Silikon,12,Qerimi, Ä 0.17 
QELA,27.04.26, Ä 138.60 ,10114,QELA,35110,M-ONE Sanitar Silikon,12,Qerimi, Ä 0.17 
QELA,27.04.26,,10114,QELA,35111,M-ONE Sanitar Silikon,12,Qerimi, Ä 0.17 
QELA,27.04.26,,10114,QELA,35113,M-ONE Sanitar Silikon,12,Qerimi, Ä 0.17 
HIDROELDI,27.04.26, Ä 92.40 ,10133,HIDROELDI,35108,M-ONE Sanitar Silikon,12,Qerimi, Ä 0.17 
HIDROELDI,27.04.26,,10133,HIDROELDI,35121,M-ONE Sanitar Silikon,12,Qerimi, Ä 0.17 
JETARI,27.04.26, Ä 46.20 ,10104,JETARI,35111,M-ONE Sanitar Silikon,12,Qerimi, Ä 0.17 
KENA COMERC,27.04.26, Ä 261.00 ,20109,KENA COMERC,35109,M-ONE Sanitar Silikon,12,Mensuri, Ä 0.17 
KENA COMERC,27.04.26,,20109,KENA COMERC,35111,M-ONE Sanitar Silikon,12,Mensuri, Ä 0.17 
KENA COMERC,27.04.26,,20109,KENA COMERC,35115,M-ONE Sanitar Silikon,12,Mensuri, Ä 0.17 
KENA COMERC,27.04.26,,20109,KENA COMERC,35113,M-ONE Sanitar Silikon,12,Mensuri, Ä 0.17 
KENA COMERC,27.04.26,,20109,KENA COMERC,35112,M-ONE Sanitar Silikon,12,Mensuri, Ä 0.17 
KENA COMERC,27.04.26,,20109,KENA COMERC,51611,universal akryl,24,Mensuri, Ä 0.06 
CAMA BAU,27.04.26, Ä 138.60 ,20121,CAMA BAU,35109,M-ONE Sanitar Silikon,12,Mensuri, Ä 0.17 
CAMA BAU,27.04.26,,20121,CAMA BAU,35115,M-ONE Sanitar Silikon,12,Mensuri, Ä 0.17 
CAMA BAU,27.04.26,,20121,CAMA BAU,35125,M-ONE Sanitar Silikon,12,Mensuri, Ä 0.17 
KUQI-LKW,27.04.26, Ä 65.20 ,20102,KUQI-LKW,54412,beMAKER Bremsen&Teile Reininger,5,Mensuri, Ä 0.20 
KUQI-LKW,27.04.26,,20102,KUQI-LKW,56117,M ONE UBS,3,Mensuri, Ä 0.20 
KUQI-LKW,27.04.26,,20102,KUQI-LKW,50912,DICHTUNG,6,Mensuri, Ä 0.20 
GLOBI TERM,27.04.26, Ä 32.60 ,20122,GLOBI TERM,50912,DICHTUNG,3,Mensuri, Ä 0.20 
GLOBI TERM,27.04.26,,20122,GLOBI TERM,44001,Fettspray,2,Mensuri, Ä 0.20 
GLOBI TERM,27.04.26,,20122,GLOBI TERM,31880,HAT LACK 800,1,Mensuri, Ä 0.35 
INOX 1,27.04.26, Ä 60.00 ,20211,INOX 1,16936,M ONE FELGENSILBER,12,Mensuri, Ä 0.15 
INOX 1,27.04.26,,20211,INOX 1,26736,M ONE HAFTGRUND,6,Mensuri, Ä 0.15 
INOX 1,27.04.26,,20211,INOX 1,51936,M ONE SCHWARZ GLéNZED,6,Mensuri, Ä 0.15 
TERMO PROJEKT,27.04.26, Ä 184.80 ,20127,TERMO PROJEKT,35110,M-ONE Sanitar Silikon,24,Mensuri, Ä 0.17 
TERMO PROJEKT,27.04.26,,20127,TERMO PROJEKT,35112,M-ONE Sanitar Silikon,12,Mensuri, Ä 0.17 
TERMO PROJEKT,27.04.26,,20127,TERMO PROJEKT,35125,M-ONE Sanitar Silikon,12,Mensuri, Ä 0.17 
KTHIMI,27.04.26, Ä 138.60 ,20104,KTHIMI,35109,M-ONE Sanitar Silikon,24,Mensuri, Ä 0.17 
KTHIMI,27.04.26,,20104,KTHIMI,35121,M-ONE Sanitar Silikon,12,Mensuri, Ä 0.17 
LULI-C,27.04.26, Ä 138.60 ,20126,LULI-C,35113,M-ONE Sanitar Silikon,24,Mensuri, Ä 0.17 
LULI-C,27.04.26,,20126,LULI-C,35119,M-ONE Sanitar Silikon,12,Mensuri, Ä 0.17 
ARBENI BIOBLIC,28.04.26, Ä 265.00 ,40003,ARBENI BIOBLIC,20001,BioBlic Universalreiniger,140,0, Ä 0.30 
ARBENI BIOBLIC,28.04.26,,40003,ARBENI BIOBLIC,30275,Blic Blic SanitÑrreiniger,60,0, Ä 0.30 
ARBENI BIOBLIC,28.04.26,,40003,ARBENI BIOBLIC,50912,DICHTUNG,2,0, Ä 0.20 
YLLI CONSTRUCION,28.04.26, Ä 48.00 ,40017,YLLI CONSTRUCION,35108,M-ONE Sanitar Silikon,8,0, Ä 0.17 
YLLI CONSTRUCION,28.04.26,,40017,YLLI CONSTRUCION,35115,M-ONE Sanitar Silikon,4,0, Ä 0.17 
METAL FATI,28.04.26, Ä 46.20 ,10202,METAL FATI,35128,M-ONE Sanitar Silikon,12,Qerimi, Ä 0.17 
XHAFA,28.04.26, Ä 199.20 ,10205,XHAFA,35108,M-ONE Sanitar Silikon,12,Qerimi, Ä 0.17 
XHAFA,28.04.26,,10205,XHAFA,35111,M-ONE Sanitar Silikon,12,Qerimi, Ä 0.17 
XHAFA,28.04.26,,10205,XHAFA,35115,M-ONE Sanitar Silikon,12,Qerimi, Ä 0.17 
XHAFA,28.04.26,,10205,XHAFA,35113,M-ONE Sanitar Silikon,12,Qerimi, Ä 0.17 
XHAFA,28.04.26,,10205,XHAFA,50912,DICHTUNG,2,Qerimi, Ä 0.20 
QEMA,28.04.26, Ä 46.20 ,10256,#N/A,35121,M-ONE Sanitar Silikon,12,Qerimi, Ä 0.17 
ARPO,28.04.26, Ä 277.20 ,10240,ARPO,35111,M-ONE Sanitar Silikon,12,Qerimi, Ä 0.17 
ARPO,28.04.26,,10240,ARPO,35128,M-ONE Sanitar Silikon,12,Qerimi, Ä 0.17 
ARPO,28.04.26,,10240,ARPO,35109,M-ONE Sanitar Silikon,24,Qerimi, Ä 0.17 
ARPO,28.04.26,,10240,ARPO,35115,M-ONE Sanitar Silikon,24,Qerimi, Ä 0.17 
BEK TRADE,28.04.26, Ä 462.00 ,10245,BEK TRADE,35109,M-ONE Sanitar Silikon,36,Qerimi, Ä 0.17 
BEK TRADE,28.04.26,,10245,BEK TRADE,35115,M-ONE Sanitar Silikon,24,Qerimi, Ä 0.17 
BEK TRADE,28.04.26,,10245,BEK TRADE,35121,M-ONE Sanitar Silikon,24,Qerimi, Ä 0.17 
BEK TRADE,28.04.26,,10245,BEK TRADE,35110,M-ONE Sanitar Silikon,12,Qerimi, Ä 0.17 
BEK TRADE,28.04.26,,10245,BEK TRADE,35111,M-ONE Sanitar Silikon,12,Qerimi, Ä 0.17 
BEK TRADE,28.04.26,,10245,BEK TRADE,35113,M-ONE Sanitar Silikon,12,Qerimi, Ä 0.17 
TE BESNIKU,28.04.26, Ä 46.20 ,10201,TE BESNIKU,35110,M-ONE Sanitar Silikon,12,Qerimi, Ä 0.17 
ALTINI,28.04.26, Ä 92.40 ,10541,ALTINI,35108,M-ONE Sanitar Silikon,12,Qerimi, Ä 0.17 
ALTINI,28.04.26,,10541,ALTINI,35109,M-ONE Sanitar Silikon,12,Qerimi, Ä 0.17 
JETA DUHEL,28.04.26, Ä 323.40 ,10230,JETA DUHEL,35121,M-ONE Sanitar Silikon,36,Qerimi, Ä 0.17 
JETA DUHEL,28.04.26,,10230,JETA DUHEL,35110,M-ONE Sanitar Silikon,12,Qerimi, Ä 0.17 
JETA DUHEL,28.04.26,,10230,JETA DUHEL,35111,M-ONE Sanitar Silikon,12,Qerimi, Ä 0.17 
JETA DUHEL,28.04.26,,10230,JETA DUHEL,35115,M-ONE Sanitar Silikon,12,Qerimi, Ä 0.17 
JETA DUHEL,28.04.26,,10230,JETA DUHEL,35128,M-ONE Sanitar Silikon,12,Qerimi, Ä 0.17 
TEMAJ,28.04.26, Ä 462.00 ,40019,TEMAJ,35109,M-ONE Sanitar Silikon,24,0, Ä 0.17 
TEMAJ,28.04.26,,40019,TEMAJ,35113,M-ONE Sanitar Silikon,36,0, Ä 0.17 
TEMAJ,28.04.26,,40019,TEMAJ,35121,M-ONE Sanitar Silikon,24,0, Ä 0.17 
TEMAJ,28.04.26,,40019,TEMAJ,35108,M-ONE Sanitar Silikon,12,0, Ä 0.17 
TEMAJ,28.04.26,,40019,TEMAJ,35128,M-ONE Sanitar Silikon,12,0, Ä 0.17 
TEMAJ,28.04.26,,40019,TEMAJ,35119,M-ONE Sanitar Silikon,12,0, Ä 0.17 
TANI,28.04.26, Ä 277.20 ,20224,TANI,35110,M-ONE Sanitar Silikon,36,Mensuri, Ä 0.17 
TANI,28.04.26,,20224,TANI,35111,M-ONE Sanitar Silikon,36,Mensuri, Ä 0.17 
TANI,28.04.26,,20224,TANI,35121,M-ONE Sanitar Silikon,12,Mensuri, Ä 0.17 
TANI,28.04.26,,20224,TANI,66701,PROFIMONT EXTREME,12,Mensuri, Ä 0.20 
LETAJ,28.04.26, Ä 120.00 ,20209,LETAJ,35119,M-ONE Sanitar Silikon,12,Mensuri, Ä 0.17 
LETAJ,28.04.26,,20209,LETAJ,35125,M-ONE Sanitar Silikon,12,Mensuri, Ä 0.17 
LETAJ,28.04.26,,20209,LETAJ,51612,struktural akryl,12,Mensuri, Ä 0.06 
GERMAN FABRE,28.04.26, Ä 138.60 ,20220,GERMAN FABRE,35111,M-ONE Sanitar Silikon,12,Mensuri, Ä 0.17 
GERMAN FABRE,28.04.26,,20220,GERMAN FABRE,35115,M-ONE Sanitar Silikon,12,Mensuri, Ä 0.17 
GERMAN FABRE,28.04.26,,20220,GERMAN FABRE,35125,M-ONE Sanitar Silikon,12,Mensuri, Ä 0.17 
INOX 2,28.04.26, Ä 92.40 ,20212,INOX 2,35109,M-ONE Sanitar Silikon,24,Mensuri, Ä 0.17 
GER COLORS,28.04.26, Ä 138.60 ,20223,GER COLORS,35111,M-ONE Sanitar Silikon,12,Mensuri, Ä 0.17 
GER COLORS,28.04.26,,20223,GER COLORS,35114,M-ONE Sanitar Silikon,12,Mensuri, Ä 0.17 
GER COLORS,28.04.26,,20223,GER COLORS,35125,M-ONE Sanitar Silikon,12,Mensuri, Ä 0.17 
V. GJONAJ,28.04.26, Ä 138.60 ,20208,V. GJONAJ,35111,M-ONE Sanitar Silikon,12,Mensuri, Ä 0.17 
V. GJONAJ,28.04.26,,20208,V. GJONAJ,35112,M-ONE Sanitar Silikon,12,Mensuri, Ä 0.17 
V. GJONAJ,28.04.26,,20208,V. GJONAJ,35128,M-ONE Sanitar Silikon,12,Mensuri, Ä 0.17 
ERENIKU,28.04.26, Ä 184.80 ,20206,ERENIKU,35110,M-ONE Sanitar Silikon,12,Mensuri, Ä 0.17 
ERENIKU,28.04.26,,20206,ERENIKU,35111,M-ONE Sanitar Silikon,12,Mensuri, Ä 0.17 
ERENIKU,28.04.26,,20206,ERENIKU,35113,M-ONE Sanitar Silikon,12,Mensuri, Ä 0.17 
ERENIKU,28.04.26,,20206,ERENIKU,35128,M-ONE Sanitar Silikon,12,Mensuri, Ä 0.17 
GACAFERI-RG,28.04.26, Ä 112.80 ,20205,GACAFERI-RG,35111,M-ONE Sanitar Silikon,12,Mensuri, Ä 0.17 
GACAFERI-RG,28.04.26,,20205,GACAFERI-RG,51611,universal akryl,12,Mensuri, Ä 0.06 
GACAFERI-RG,28.04.26,,20205,GACAFERI-RG,51612,struktural akryl,12,Mensuri, Ä 0.06 
GACAFERI-RG,28.04.26,,20205,GACAFERI-RG,56117,M ONE UBS,6,Mensuri, Ä 0.20 
AFRIMI-AG,28.04.26, Ä 92.40 ,20203,AFRIMI-AG,35110,M-ONE Sanitar Silikon,24,Mensuri, Ä 0.17 
TE BESIMI,28.04.26, Ä 138.20 ,20201,TE BESIMI,35110,M-ONE Sanitar Silikon,12,Mensuri, Ä 0.17 
TE BESIMI,28.04.26,,20201,TE BESIMI,35112,M-ONE Sanitar Silikon,12,Mensuri, Ä 0.17 
TE BESIMI,28.04.26,,20201,TE BESIMI,50912,DICHTUNG,4,Mensuri, Ä 0.20 
TE BESIMI,28.04.26,,20201,TE BESIMI,54412,beMAKER Bremsen&Teile Reininger,4,Mensuri, Ä 0.20 
TE BESIMI,28.04.26,,20201,TE BESIMI,26736,M ONE HAFTGRUND,4,Mensuri, Ä 0.15 
TE BESIMI,28.04.26,,20201,TE BESIMI,49644,beMAKER Rostlîser,2,Mensuri, Ä 0.20 
EUROSAN,29.04.26, Ä 231.00 ,10304,EUROSAN,35108,M-ONE Sanitar Silikon,24,Qerimi, Ä 0.17 
EUROSAN,29.04.26,,10304,EUROSAN,35109,M-ONE Sanitar Silikon,36,Qerimi, Ä 0.17 
EUROSAN,29.04.26,,10304,EUROSAN,35110,M-ONE Sanitar Silikon,12,Qerimi, Ä 0.17 
EUROSAN,29.04.26,,10304,EUROSAN,35111,M-ONE Sanitar Silikon,12,Qerimi, Ä 0.17 
EUROSAN,29.04.26,,10304,EUROSAN,35115,M-ONE Sanitar Silikon,12,Qerimi, Ä 0.17 
EUROSAN,29.04.26,,10304,EUROSAN,35121,M-ONE Sanitar Silikon,24,Qerimi, Ä 0.17 
TINA,29.04.26, Ä 646.80 ,10344,TINA,35108,M-ONE Sanitar Silikon,60,Qerimi, Ä 0.17 
TINA,29.04.26,,10344,TINA,35113,M-ONE Sanitar Silikon,36,Qerimi, Ä 0.17 
TINA,29.04.26,,10344,TINA,35115,M-ONE Sanitar Silikon,36,Qerimi, Ä 0.17 
TINA,29.04.26,,10344,TINA,35111,M-ONE Sanitar Silikon,24,Qerimi, Ä 0.17 
TINA,29.04.26,,10344,TINA,35110,M-ONE Sanitar Silikon,12,Qerimi, Ä 0.17 
SMIRA,29.04.26, Ä 138.60 ,10352,SMIRA,35109,M-ONE Sanitar Silikon,12,Qerimi, Ä 0.17 
SMIRA,29.04.26,,10352,SMIRA,35111,M-ONE Sanitar Silikon,12,Qerimi, Ä 0.17 
SMIRA,29.04.26,,10352,SMIRA,35115,M-ONE Sanitar Silikon,12,Qerimi, Ä 0.17 
BALLKANI,29.04.26, Ä 138.60 ,10350,BALLKANI,35110,M-ONE Sanitar Silikon,12,Qerimi, Ä 0.17 
BALLKANI,29.04.26,,10350,BALLKANI,35121,M-ONE Sanitar Silikon,24,Qerimi, Ä 0.17 
BURIMI,29.04.26, Ä 92.40 ,10330,BURIMI,35109,M-ONE Sanitar Silikon,12,Qerimi, Ä 0.17 
BURIMI,29.04.26,,10330,BURIMI,35121,M-ONE Sanitar Silikon,12,Qerimi, Ä 0.17 
DARDANIA,29.04.26, Ä 277.20 ,10332,DARDANIA,35109,M-ONE Sanitar Silikon,12,Qerimi, Ä 0.17 
DARDANIA,29.04.26,,10332,DARDANIA,35110,M-ONE Sanitar Silikon,12,Qerimi, Ä 0.17 
DARDANIA,29.04.26,,10332,DARDANIA,35111,M-ONE Sanitar Silikon,12,Qerimi, Ä 0.17 
DARDANIA,29.04.26,,10332,DARDANIA,35113,M-ONE Sanitar Silikon,12,Qerimi, Ä 0.17 
DARDANIA,29.04.26,,10332,DARDANIA,35121,M-ONE Sanitar Silikon,12,Qerimi, Ä 0.17 
DARDANIA,29.04.26,,10332,DARDANIA,35128,M-ONE Sanitar Silikon,12,Qerimi, Ä 0.17 
FATMIRI,29.04.26, Ä 138.60 ,10313,FATMIRI,35109,M-ONE Sanitar Silikon,12,Qerimi, Ä 0.17 
FATMIRI,29.04.26,,10313,FATMIRI,35115,M-ONE Sanitar Silikon,12,Qerimi, Ä 0.17 
FATMIRI,29.04.26,,10313,FATMIRI,35121,M-ONE Sanitar Silikon,12,Qerimi, Ä 0.17 
KOS CERAMIK,29.04.26, Ä 231.00 ,10364,KOS CERAMIK,35109,M-ONE Sanitar Silikon,36,Qerimi, Ä 0.17 
KOS CERAMIK,29.04.26,,10364,KOS CERAMIK,35113,M-ONE Sanitar Silikon,12,Qerimi, Ä 0.17 
KOS CERAMIK,29.04.26,,10364,KOS CERAMIK,35121,M-ONE Sanitar Silikon,12,Qerimi, Ä 0.17 
ERALP,29.04.26, Ä 184.80 ,10308,ERALP,35112,M-ONE Sanitar Silikon,12,Qerimi, Ä 0.17 
ERALP,29.04.26,,10308,ERALP,35114,M-ONE Sanitar Silikon,12,Qerimi, Ä 0.17 
ERALP,29.04.26,,10308,ERALP,35113,M-ONE Sanitar Silikon,12,Qerimi, Ä 0.17 
ERALP,29.04.26,,10308,ERALP,35121,M-ONE Sanitar Silikon,12,Qerimi, Ä 0.17 
ELIONI-1,29.04.26, Ä 138.60 ,10306,ELIONI-1,35113,M-ONE Sanitar Silikon,12,Qerimi, Ä 0.17 
ELIONI-1,29.04.26,,10306,ELIONI-1,35121,M-ONE Sanitar Silikon,12,Qerimi, Ä 0.17 
ELIONI-1,29.04.26,,10306,ELIONI-1,35128,M-ONE Sanitar Silikon,12,Qerimi, Ä 0.17 
IBAK,29.04.26, Ä 92.40 ,10340,IBAK,35109,M-ONE Sanitar Silikon,24,Qerimi, Ä 0.17 
CONDOR,29.04.26, Ä 169.40 ,20307,CONDOR,35109,M-ONE Sanitar Silikon,12,Mensuri, Ä 0.17 
CONDOR,29.04.26,,20307,CONDOR,35121,M-ONE Sanitar Silikon,12,Mensuri, Ä 0.17 
CONDOR,29.04.26,,20307,CONDOR,51611,universal akryl,24,Mensuri, Ä 0.06 
CONDOR,29.04.26,,20307,CONDOR,26736,M ONE HAFTGRUND,6,Mensuri, Ä 0.15 
CONDOR,29.04.26,,20307,CONDOR,50912,DICHTUNG,4,Mensuri, Ä 0.20 
NITA 3,29.04.26, Ä 162.00 ,20303,NITA 3,35110,M-ONE Sanitar Silikon,12,Mensuri, Ä 0.17 
NITA 3,29.04.26,,20303,NITA 3,35115,M-ONE Sanitar Silikon,12,Mensuri, Ä 0.17 
NITA 3,29.04.26,,20303,NITA 3,66701,PROFIMONT EXTREME,12,Mensuri, Ä 0.20 
DURGUTI 3,29.04.26, Ä 166.20 ,20313,DURGUTI 3,35109,M-ONE Sanitar Silikon,12,Mensuri, Ä 0.17 
DURGUTI 3,29.04.26,,20313,DURGUTI 3,35114,M-ONE Sanitar Silikon,12,Mensuri, Ä 0.17 
DURGUTI 3,29.04.26,,20313,DURGUTI 3,35121,M-ONE Sanitar Silikon,12,Mensuri, Ä 0.17 
DURGUTI 3,29.04.26,,20313,DURGUTI 3,51612,struktural akryl,12,Mensuri, Ä 0.06 
SHEHU-A,29.04.26, Ä 90.20 ,20317,SHEHU-A,44001,Fettspray,12,Mensuri, Ä 0.20 
SHEHU-A,29.04.26,,20317,SHEHU-A,50912,DICHTUNG,6,Mensuri, Ä 0.20 
SHEHU-A,29.04.26,,20317,SHEHU-A,31903,M ONE CHROM SPRAY,2,Mensuri, Ä 0.15 
SOPAJ,29.04.26, Ä 107.40 ,20311,SOPAJ,35110,M-ONE Sanitar Silikon,12,Mensuri, Ä 0.17 
SOPAJ,29.04.26,,20311,SOPAJ,35121,M-ONE Sanitar Silikon,12,Mensuri, Ä 0.17 
SOPAJ,29.04.26,,20311,SOPAJ,51611,universal akryl,12,Mensuri, Ä 0.06 
BEREQETI,29.04.26, Ä 193.80 ,20321,BEREQETI,35109,M-ONE Sanitar Silikon,12,Mensuri, Ä 0.17 
BEREQETI,29.04.26,,20321,BEREQETI,35113,M-ONE Sanitar Silikon,12,Mensuri, Ä 0.17 
BEREQETI,29.04.26,,20321,BEREQETI,35125,M-ONE Sanitar Silikon,12,Mensuri, Ä 0.17 
BEREQETI,29.04.26,,20321,BEREQETI,51612,struktural akryl,24,Mensuri, Ä 0.06 
NIVELIZIMI-D SH.P.K.,29.04.26, Ä 92.40 ,20302,NIVELIZIMI-D SH.P.K.,35110,M-ONE Sanitar Silikon,12,Mensuri, Ä 0.17 
NIVELIZIMI-D SH.P.K.,29.04.26,,20302,NIVELIZIMI-D SH.P.K.,35121,M-ONE Sanitar Silikon,12,Mensuri, Ä 0.17 
BARDHI-M,29.04.26, Ä 231.00 ,20331,BARDHI-M,35108,M-ONE Sanitar Silikon,12,Mensuri, Ä 0.17 
BARDHI-M,29.04.26,,20331,BARDHI-M,35110,M-ONE Sanitar Silikon,12,Mensuri, Ä 0.17 
BARDHI-M,29.04.26,,20331,BARDHI-M,35121,M-ONE Sanitar Silikon,24,Mensuri, Ä 0.17 
BARDHI-M,29.04.26,,20331,BARDHI-M,35125,M-ONE Sanitar Silikon,12,Mensuri, Ä 0.17 
ABA QERAMIK,29.04.26, Ä 184.80 ,20305,ABA QERAMIK,35109,M-ONE Sanitar Silikon,12,Mensuri, Ä 0.17 
ABA QERAMIK,29.04.26,,20305,ABA QERAMIK,35110,M-ONE Sanitar Silikon,12,Mensuri, Ä 0.17 
ABA QERAMIK,29.04.26,,20305,ABA QERAMIK,35111,M-ONE Sanitar Silikon,12,Mensuri, Ä 0.17 
ABA QERAMIK,29.04.26,,20305,ABA QERAMIK,35121,M-ONE Sanitar Silikon,12,Mensuri, Ä 0.17 
ARBENI BIOBLIC,30.04.26, Ä 248.00 ,40003,ARBENI BIOBLIC,20001,BioBlic Universalreiniger,120,0, Ä 0.30 
ARBENI BIOBLIC,30.04.26,,40003,ARBENI BIOBLIC,30275,Blic Blic SanitÑrreiniger,40,0, Ä 0.30 
ARBENI BIOBLIC,30.04.26,,40003,ARBENI BIOBLIC,39505,M ONE SILIKON SPRAY,12,0, Ä 0.20 
ARBENI BIOBLIC,30.04.26,,40003,ARBENI BIOBLIC,49644,beMAKER Rostlîser,5,0, Ä 0.20 
NDRIQIMI,30.04.26," Ä 1,830.60 ",10418,NDRIQIMI,35128,M-ONE Sanitar Silikon,144,Qerimi, Ä 0.17 
NDRIQIMI,30.04.26,,10418,NDRIQIMI,35110,M-ONE Sanitar Silikon,144,Qerimi, Ä 0.17 
NDRIQIMI,30.04.26,,10418,NDRIQIMI,35111,M-ONE Sanitar Silikon,60,Qerimi, Ä 0.17 
NDRIQIMI,30.04.26,,10418,NDRIQIMI,35121,M-ONE Sanitar Silikon,24,Qerimi, Ä 0.17 
NDRIQIMI,30.04.26,,10418,NDRIQIMI,35109,M-ONE Sanitar Silikon,24,Qerimi, Ä 0.17 
NDRIQIMI,30.04.26,,10418,NDRIQIMI,35115,M-ONE Sanitar Silikon,24,Qerimi, Ä 0.17 
NDRIQIMI,30.04.26,,10418,NDRIQIMI,35112,M-ONE Sanitar Silikon,36,Qerimi, Ä 0.17 
NDRIQIMI,30.04.26,,10418,NDRIQIMI,51611,universal akryl,60,Qerimi, Ä 0.06 
SAN KOS,30.04.26, Ä 92.40 ,10429,SAN KOS,35128,M-ONE Sanitar Silikon,24,Qerimi, Ä 0.17 
GRANITI,30.04.26, Ä 304.80 ,10410,GRANITI,35113,M-ONE Sanitar Silikon,24,Qerimi, Ä 0.17 
GRANITI,30.04.26,,10410,GRANITI,35121,M-ONE Sanitar Silikon,24,Qerimi, Ä 0.17 
GRANITI,30.04.26,,10410,GRANITI,35110,M-ONE Sanitar Silikon,12,Qerimi, Ä 0.17 
GRANITI,30.04.26,,10410,GRANITI,35125,M-ONE Sanitar Silikon,12,Qerimi, Ä 0.17 
GRANITI,30.04.26,,10410,GRANITI,51612,struktural akryl,12,Qerimi, Ä 0.06 
ENISI - H,30.04.26, Ä 92.40 ,10428,ENISI - H,35128,M-ONE Sanitar Silikon,12,Qerimi, Ä 0.17 
ENISI - H,30.04.26,,10428,ENISI - H,35125,M-ONE Sanitar Silikon,12,Qerimi, Ä 0.17 
UNIVERZAL,30.04.26, Ä 92.40 ,10413,UNIVERZAL,35121,M-ONE Sanitar Silikon,12,Qerimi, Ä 0.17 
UNIVERZAL,30.04.26,,10413,UNIVERZAL,35113,M-ONE Sanitar Silikon,12,Qerimi, Ä 0.17 
TE BENI,30.04.26, Ä 646.80 ,20407,TE BENI,35110,M-ONE Sanitar Silikon,36,Mensuri, Ä 0.17 
TE BENI,30.04.26,,20407,TE BENI,35111,M-ONE Sanitar Silikon,24,Mensuri, Ä 0.17 
TE BENI,30.04.26,,20407,TE BENI,35121,M-ONE Sanitar Silikon,36,Mensuri, Ä 0.17 
TE BENI,30.04.26,,20407,TE BENI,35128,M-ONE Sanitar Silikon,24,Mensuri, Ä 0.17 
TE BENI,30.04.26,,20407,TE BENI,35115,M-ONE Sanitar Silikon,24,Mensuri, Ä 0.17 
TE BENI,30.04.26,,20407,TE BENI,35112,M-ONE Sanitar Silikon,12,Mensuri, Ä 0.17 
TE BENI,30.04.26,,20407,TE BENI,35108,M-ONE Sanitar Silikon,12,Mensuri, Ä 0.17 
LIRIDONA-A,30.04.26, Ä 184.80 ,20515,LIRIDONA-A,35109,M-ONE Sanitar Silikon,12,Mensuri, Ä 0.17 
LIRIDONA-A,30.04.26,,20515,LIRIDONA-A,35113,M-ONE Sanitar Silikon,12,Mensuri, Ä 0.17 
LIRIDONA-A,30.04.26,,20515,LIRIDONA-A,35114,M-ONE Sanitar Silikon,12,Mensuri, Ä 0.17 
LIRIDONA-A,30.04.26,,20515,LIRIDONA-A,35125,M-ONE Sanitar Silikon,12,Mensuri, Ä 0.17 
BYTYQI-V,30.04.26, Ä 69.60 ,20510,BYTYQI-V,66701,PROFIMONT EXTREME,12,Mensuri, Ä 0.20 
BENI,30.04.26, Ä 70.50 ,20409,BENI,50912,DICHTUNG,5,Mensuri, Ä 0.20 
BENI,30.04.26,,20409,BENI,31819,M ONE FUERROT,4,Mensuri, Ä 0.15 
BENI,30.04.26,,20409,BENI,51736,M ONE SCHWARZ MATT,4,Mensuri, Ä 0.15 
BENI,30.04.26,,20409,BENI,49644,beMAKER Rostlîser,5,Mensuri, Ä 0.20 
BENI,30.04.26,,20409,BENI,44001,Fettspray,3,Mensuri, Ä 0.20 
BENI,30.04.26,,20409,BENI,56117,M ONE UBS,1,Mensuri, Ä 0.20 
LIRIDONA HOME,30.04.26, Ä 184.80 ,20508,LIRIDONA HOME,35110,M-ONE Sanitar Silikon,12,Mensuri, Ä 0.17 
LIRIDONA HOME,30.04.26,,20508,LIRIDONA HOME,35112,M-ONE Sanitar Silikon,12,Mensuri, Ä 0.17 
LIRIDONA HOME,30.04.26,,20508,LIRIDONA HOME,35113,M-ONE Sanitar Silikon,12,Mensuri, Ä 0.17 
LIRIDONA HOME,30.04.26,,20508,LIRIDONA HOME,35115,M-ONE Sanitar Silikon,12,Mensuri, Ä 0.17 
TE MENTORI,30.04.26, Ä 184.80 ,20404,TE MENTORI,35112,M-ONE Sanitar Silikon,12,Mensuri, Ä 0.17 
TE MENTORI,30.04.26,,20404,TE MENTORI,35115,M-ONE Sanitar Silikon,12,Mensuri, Ä 0.17 
TE MENTORI,30.04.26,,20404,TE MENTORI,35128,M-ONE Sanitar Silikon,12,Mensuri, Ä 0.17 
TE MENTORI,30.04.26,,20404,TE MENTORI,35121,M-ONE Sanitar Silikon,12,Mensuri, Ä 0.17 
TE ZENA,02.05.26, Ä 96.00 ,10616,TE ZENA,35113,M-ONE Sanitar Silikon,12,Qerimi, Ä 0.17 
TE ZENA,02.05.26,,10616,TE ZENA,35121,M-ONE Sanitar Silikon,12,Qerimi, Ä 0.17 
BECOLOR,02.05.26, Ä 12.50 ,10619,BECOLOR,31818,M ONE ANTHRAZIT,5,Qerimi, Ä 0.15 
ALBANI,02.05.26, Ä 138.60 ,10637,#N/A,35109,M-ONE Sanitar Silikon,24,Qerimi, Ä 0.17 
ALBANI,02.05.26,,10637,#N/A,35110,M-ONE Sanitar Silikon,12,Qerimi, Ä 0.17 
ALBANI,02.05.26,,10638,#N/A,35121,M-ONE Sanitar Silikon,60,Qerimi, Ä 0.17 
PROMOIN,02.05.26, Ä 96.00 ,20603,PROMOIN,35121,M-ONE Sanitar Silikon,24,Mensuri, Ä 0.17 
AGROLONDI,02.05.26, Ä 144.00 ,20602,AGROLONDI,35109,M-ONE Sanitar Silikon,24,Mensuri, Ä 0.17 
AGROLONDI,02.05.26,,20602,AGROLONDI,35110,M-ONE Sanitar Silikon,12,Mensuri, Ä 0.17 
SALIHU CORPORATION,02.05.26, Ä 144.00 ,20635,#N/A,35128,M-ONE Sanitar Silikon,12,Mensuri, Ä 0.17 
SALIHU CORPORATION,02.05.26,,20635,#N/A,35111,M-ONE Sanitar Silikon,12,Mensuri, Ä 0.17 
SALIHU CORPORATION,02.05.26,,20635,#N/A,35114,M-ONE Sanitar Silikon,12,Mensuri, Ä 0.17 
HIDRO DANI,02.05.26, Ä 150.00 ,20630,HIDRO DANI,35113,M-ONE Sanitar Silikon,12,Mensuri, Ä 0.17 
HIDRO DANI,02.05.26,,20630,HIDRO DANI,35128,M-ONE Sanitar Silikon,12,Mensuri, Ä 0.17 
HIDRO DANI,02.05.26,,20630,HIDRO DANI,35121,M-ONE Sanitar Silikon,12,Mensuri, Ä 0.17 
HIDRO DANI,02.05.26,,20630,HIDRO DANI,49644,beMAKER Rostlîser,3,Mensuri, Ä 0.20 
ILIRI QERAMIKA,02.05.26, Ä 159.00 ,20622,ILIRI QERAMIKA,35109,M-ONE Sanitar Silikon,12,Mensuri, Ä 0.17 
ILIRI QERAMIKA,02.05.26,,20622,ILIRI QERAMIKA,35110,M-ONE Sanitar Silikon,12,Mensuri, Ä 0.17 
ILIRI QERAMIKA,02.05.26,,20622,ILIRI QERAMIKA,51611,universal akryl,12,Mensuri, Ä 0.06 
ILIRI QERAMIKA,02.05.26,,20622,ILIRI QERAMIKA,35113,M-ONE Sanitar Silikon,12,Mensuri, Ä 0.17 
AGRO-XHETI,02.05.26, Ä 524.00 ,20610,AGRO-XHETI,35119,M-ONE Sanitar Silikon,24,Mensuri, Ä 0.17 
AGRO-XHETI,02.05.26,,20610,AGRO-XHETI,35125,M-ONE Sanitar Silikon,24,Mensuri, Ä 0.17 
AGRO-XHETI,02.05.26,,20610,AGRO-XHETI,35111,M-ONE Sanitar Silikon,12,Mensuri, Ä 0.17 
AGRO-XHETI,02.05.26,,20610,AGRO-XHETI,35110,M-ONE Sanitar Silikon,12,Mensuri, Ä 0.17 
AGRO-XHETI,02.05.26,,20610,AGRO-XHETI,35108,M-ONE Sanitar Silikon,12,Mensuri, Ä 0.17 
AGRO-XHETI,02.05.26,,20610,AGRO-XHETI,35115,M-ONE Sanitar Silikon,12,Mensuri, Ä 0.17 
AGRO-XHETI,02.05.26,,20610,AGRO-XHETI,35121,M-ONE Sanitar Silikon,12,Mensuri, Ä 0.17 
AGRO-XHETI,02.05.26,,20610,AGRO-XHETI,35114,M-ONE Sanitar Silikon,12,Mensuri, Ä 0.17 
AGRO-XHETI,02.05.26,,20610,AGRO-XHETI,56117,M ONE UBS,11,Mensuri, Ä 0.20 
LUTA QERAMIKA,02.05.26, Ä 432.00 ,20629,LUTA QERAMIKA,35109,M-ONE Sanitar Silikon,36,Mensuri, Ä 0.17 
LUTA QERAMIKA,02.05.26,,20629,LUTA QERAMIKA,35115,M-ONE Sanitar Silikon,36,Mensuri, Ä 0.17 
LUTA QERAMIKA,02.05.26,,20629,LUTA QERAMIKA,35121,M-ONE Sanitar Silikon,36,Mensuri, Ä 0.17 
GLOBAL TOOLS,02.05.26, Ä 336.00 ,20632,GLOBAL TOOLS,35125,M-ONE Sanitar Silikon,24,Mensuri, Ä 0.17 
GLOBAL TOOLS,02.05.26,,20632,GLOBAL TOOLS,35113,M-ONE Sanitar Silikon,24,Mensuri, Ä 0.17 
GLOBAL TOOLS,02.05.26,,20632,GLOBAL TOOLS,35114,M-ONE Sanitar Silikon,12,Mensuri, Ä 0.17 
GLOBAL TOOLS,02.05.26,,20632,GLOBAL TOOLS,35119,M-ONE Sanitar Silikon,12,Mensuri, Ä 0.17 
GLOBAL TOOLS,02.05.26,,20632,GLOBAL TOOLS,35121,M-ONE Sanitar Silikon,12,Mensuri, Ä 0.17 
AS QERAMIKA,02.05.26, Ä 336.00 ,20614,AS QERAMIKA,35110,M-ONE Sanitar Silikon,24,Mensuri, Ä 0.17 
AS QERAMIKA,02.05.26,,20614,AS QERAMIKA,35111,M-ONE Sanitar Silikon,24,Mensuri, Ä 0.17 
AS QERAMIKA,02.05.26,,20614,AS QERAMIKA,35128,M-ONE Sanitar Silikon,36,Mensuri, Ä 0.17 
TE-SYLA,02.05.26, Ä 67.00 ,20606,TE-SYLA,35111,M-ONE Sanitar Silikon,12,Mensuri, Ä 0.17 
TE-SYLA,02.05.26,,20606,TE-SYLA,44001,Fettspray,2,Mensuri, Ä 0.20 
TE-SYLA,02.05.26,,20606,TE-SYLA,55718,M ONE MOTORSTART,2,Mensuri, Ä 0.20 
TE-SYLA,02.05.26,,20606,TE-SYLA,16936,M ONE FELGENSILBER,2,Mensuri, Ä 0.15 
UNIKA,02.05.26, Ä 144.00 ,20627,UNIKA,35108,M-ONE Sanitar Silikon,24,Mensuri, Ä 0.17 
UNIKA,02.05.26,,20627,UNIKA,35115,M-ONE Sanitar Silikon,12,Mensuri, Ä 0.17 
JETARI,04.05.26, Ä 96.00 ,10104,JETARI,35115,M-ONE Sanitar Silikon,12,Qerimi, Ä 0.17 
JETARI,04.05.26,,10104,JETARI,35125,M-ONE Sanitar Silikon,12,Qerimi, Ä 0.17 
BOSCH,04.05.26, Ä 86.20 ,10126,BOSCH,50912,DICHTUNG,12,Qerimi, Ä 0.20 
BESI COM,04.05.26, Ä 39.00 ,10103,BESI COM,44001,Fettspray,6,Qerimi, Ä 0.20 
BESI COM,04.05.26,,10103,BESI COM,26736,M ONE HAFTGRUND,3,Qerimi, Ä 0.15 
BESI COM,04.05.26,,10103,BESI COM,49644,beMAKER Rostlîser,6,Qerimi, Ä 0.20 
QELA,04.05.26, Ä 96.00 ,10114,QELA,35110,M-ONE Sanitar Silikon,12,Qerimi, Ä 0.17 
QELA,04.05.26,,10114,QELA,35108,M-ONE Sanitar Silikon,12,Qerimi, Ä 0.17 
KADIJOLLET,04.05.26, Ä 140.80 ,10111,KADIJOLLET,35128,M-ONE Sanitar Silikon,12,Qerimi, Ä 0.17 
KADIJOLLET,04.05.26,,10111,KADIJOLLET,35125,M-ONE Sanitar Silikon,12,Qerimi, Ä 0.17 
KADIJOLLET,04.05.26,,10111,KADIJOLLET,50912,DICHTUNG,4,Qerimi, Ä 0.20 
KADIJOLLET,04.05.26,,10111,KADIJOLLET,56117,M ONE UBS,4,Qerimi, Ä 0.20 
ARENA ENGINEERING N.T.P,04.05.26," Ä 1,008.00 ",40021,ARENA ENGINEERING N.T.P,72101,Zink Spray Hell,240,0, Ä 0.20 
BAU MIX FATONI,04.05.26, Ä 48.00 ,40024,BAU MIX FATONI,35121,M-ONE Sanitar Silikon,12,0, Ä 0.17 
KENA COMERC,04.05.26, Ä 96.00 ,20109,KENA COMERC,35114,M-ONE Sanitar Silikon,12,Mensuri, Ä 0.17 
KENA COMERC,04.05.26,,20109,KENA COMERC,35128,M-ONE Sanitar Silikon,12,Mensuri, Ä 0.17 
TERMO PROJEKT,04.05.26, Ä 165.60 ,20127,TERMO PROJEKT,35119,M-ONE Sanitar Silikon,12,Mensuri, Ä 0.17 
TERMO PROJEKT,04.05.26,,20127,TERMO PROJEKT,35125,M-ONE Sanitar Silikon,12,Mensuri, Ä 0.17 
TERMO PROJEKT,04.05.26,,20127,TERMO PROJEKT,66701,PROFIMONT EXTREME,12,Mensuri, Ä 0.20 
KTHIMI,04.05.26, Ä 63.00 ,20104,KTHIMI,35115,M-ONE Sanitar Silikon,12,Mensuri, Ä 0.17 
KTHIMI,04.05.26,,20104,KTHIMI,51611,universal akryl,12,Mensuri, Ä 0.06 
LULI-C,04.05.26, Ä 123.60 ,20126,LULI-C,35109,M-ONE Sanitar Silikon,12,Mensuri, Ä 0.17 
LULI-C,04.05.26,,20126,LULI-C,35110,M-ONE Sanitar Silikon,12,Mensuri, Ä 0.17 
LULI-C,04.05.26,,20126,LULI-C,51612,struktural akryl,12,Mensuri, Ä 0.06 
CAMA BAU,04.05.26, Ä 144.00 ,20121,CAMA BAU,35119,M-ONE Sanitar Silikon,12,Mensuri, Ä 0.17 
CAMA BAU,04.05.26,,20121,CAMA BAU,35114,M-ONE Sanitar Silikon,12,Mensuri, Ä 0.17 
CAMA BAU,04.05.26,,20121,CAMA BAU,35128,M-ONE Sanitar Silikon,12,Mensuri, Ä 0.17 
TE BESIMI,04.05.26, Ä 106.00 ,20201,TE BESIMI,35111,M-ONE Sanitar Silikon,12,Mensuri, Ä 0.17 
TE BESIMI,04.05.26,,20201,TE BESIMI,35113,M-ONE Sanitar Silikon,12,Mensuri, Ä 0.17 
TE BESIMI,04.05.26,,20201,TE BESIMI,39505,M ONE SILIKON SPRAY,2,Mensuri, Ä 0.20 
TE BESIMI,04.05.26,,20201,TE BESIMI,54412,beMAKER Bremsen&Teile Reininger,2,Mensuri, Ä 0.20 
AFRIMI-AG,04.05.26, Ä 192.00 ,20203,AFRIMI-AG,35111,M-ONE Sanitar Silikon,24,Mensuri, Ä 0.17 
AFRIMI-AG,04.05.26,,20203,AFRIMI-AG,35128,M-ONE Sanitar Silikon,24,Mensuri, Ä 0.17 
KUQI-LKW,04.05.26, Ä 65.40 ,20102,KUQI-LKW,49644,beMAKER Rostlîser,8,Mensuri, Ä 0.20 
KUQI-LKW,04.05.26,,20102,KUQI-LKW,54412,beMAKER Bremsen&Teile Reininger,6,Mensuri, Ä 0.20 
KUQI-LKW,04.05.26,,20102,KUQI-LKW,16936,M ONE FELGENSILBER,7,Mensuri, Ä 0.15 
KUQI-LKW,04.05.26,,20102,KUQI-LKW,44001,Fettspray,3,Mensuri, Ä 0.20 
KUQI-LKW,04.05.26,,20102,KUQI-LKW,50912,DICHTUNG,2,Mensuri, Ä 0.20 
INOX 2,04.05.26, Ä 144.00 ,20212,INOX 2,35112,M-ONE Sanitar Silikon,12,Mensuri, Ä 0.17 
INOX 2,04.05.26,,20212,INOX 2,35113,M-ONE Sanitar Silikon,12,Mensuri, Ä 0.17 
INOX 2,04.05.26,,20212,INOX 2,35115,M-ONE Sanitar Silikon,12,Mensuri, Ä 0.17 
V. GJONAJ,04.05.26, Ä 180.60 ,20208,V. GJONAJ,35121,M-ONE Sanitar Silikon,12,Mensuri, Ä 0.17 
V. GJONAJ,04.05.26,,20208,V. GJONAJ,35125,M-ONE Sanitar Silikon,12,Mensuri, Ä 0.17 
V. GJONAJ,04.05.26,,20208,V. GJONAJ,51611,universal akryl,12,Mensuri, Ä 0.06 
V. GJONAJ,04.05.26,,20208,V. GJONAJ,66701,PROFIMONT EXTREME,12,Mensuri, Ä 0.20 
XHAFA,05.05.26, Ä 240.00 ,10205,XHAFA,35121,M-ONE Sanitar Silikon,24,Qerimi, Ä 0.17 
XHAFA,05.05.26,,10205,XHAFA,35113,M-ONE Sanitar Silikon,12,Qerimi, Ä 0.17 
XHAFA,05.05.26,,10205,XHAFA,35115,M-ONE Sanitar Silikon,12,Qerimi, Ä 0.17 
XHAFA,05.05.26,,10205,XHAFA,35128,M-ONE Sanitar Silikon,12,Qerimi, Ä 0.17 
MONI 2,05.05.26, Ä 258.60 ,10210,MONI 2,35108,M-ONE Sanitar Silikon,24,Qerimi, Ä 0.17 
MONI 2,05.05.26,,10210,MONI 2,35119,M-ONE Sanitar Silikon,24,Qerimi, Ä 0.17 
MONI 2,05.05.26,,10210,MONI 2,35112,M-ONE Sanitar Silikon,12,Qerimi, Ä 0.17 
MONI 2,05.05.26,,10210,MONI 2,51612,struktural akryl,12,Qerimi, Ä 0.06 
ARPO,05.05.26, Ä 96.00 ,10240,ARPO,35114,M-ONE Sanitar Silikon,24,Qerimi, Ä 0.17 
ARPO,05.05.26,,10240,ARPO,35108,M-ONE Sanitar Silikon,12,Qerimi, Ä 0.17 
ARPO,05.05.26,,10240,ARPO,35110,M-ONE Sanitar Silikon,12,Qerimi, Ä 0.17 
ARPO,05.05.26,,10240,ARPO,35121,M-ONE Sanitar Silikon,24,Qerimi, Ä 0.17 
GIMI,05.05.26, Ä 192.00 ,10204,GIMI,35109,M-ONE Sanitar Silikon,24,Qerimi, Ä 0.17 
GIMI,05.05.26,,10204,GIMI,35113,M-ONE Sanitar Silikon,24,Qerimi, Ä 0.17 
BEK TRADE,05.05.26, Ä 96.00 ,10245,BEK TRADE,35109,M-ONE Sanitar Silikon,12,Qerimi, Ä 0.17 
BEK TRADE,05.05.26,,10245,BEK TRADE,35128,M-ONE Sanitar Silikon,12,Qerimi, Ä 0.17 
AB SHPK,05.05.26, Ä 27.60 ,10241,AB SHPK,51612,struktural akryl,12,Qerimi, Ä 0.06 
TEMAJ,05.05.26, Ä 96.00 ,40019,TEMAJ,35109,M-ONE Sanitar Silikon,12,0, Ä 0.17 
TEMAJ,05.05.26,,40019,TEMAJ,35112,M-ONE Sanitar Silikon,12,0, Ä 0.17 
DARDANIA,06.05.26, Ä 63.00 ,10332,DARDANIA,35112,M-ONE Sanitar Silikon,12,Qerimi, Ä 0.17 
DARDANIA,06.05.26,,10332,DARDANIA,51611,universal akryl,12,Qerimi, Ä 0.06 
BURIMI,06.05.26, Ä 48.00 ,10330,BURIMI,35110,M-ONE Sanitar Silikon,12,Qerimi, Ä 0.17 
BALLKANI,06.05.26, Ä 192.00 ,10350,BALLKANI,35121,M-ONE Sanitar Silikon,48,Qerimi, Ä 0.17 
BEKA-2,06.05.26, Ä 110.40 ,10317,BEKA-2,54412,beMAKER Bremsen&Teile Reininger,12,Qerimi, Ä 0.20 
BEKA-2,06.05.26,,10317,BEKA-2,50912,DICHTUNG,12,Qerimi, Ä 0.20 
FATMIRI,06.05.26, Ä 96.00 ,10313,FATMIRI,35115,M-ONE Sanitar Silikon,12,Qerimi, Ä 0.17 
FATMIRI,06.05.26,,10313,FATMIRI,35128,M-ONE Sanitar Silikon,12,Qerimi, Ä 0.17 
ELIONI-1,06.05.26, Ä 48.00 ,10306,ELIONI-1,35109,M-ONE Sanitar Silikon,12,Qerimi, Ä 0.17 
ERALP,06.05.26, Ä 96.00 ,10308,ERALP,35108,M-ONE Sanitar Silikon,12,Qerimi, Ä 0.17 
ERALP,06.05.26,,10308,ERALP,35121,M-ONE Sanitar Silikon,12,Qerimi, Ä 0.17 
HAZROLLI,06.05.26, Ä 213.60 ,20301,HAZROLLI,35108,M-ONE Sanitar Silikon,12,Mensuri, Ä 0.17 
HAZROLLI,06.05.26,,20301,HAZROLLI,35115,M-ONE Sanitar Silikon,12,Mensuri, Ä 0.17 
HAZROLLI,06.05.26,,20301,HAZROLLI,35121,M-ONE Sanitar Silikon,12,Mensuri, Ä 0.17 
HAZROLLI,06.05.26,,20301,HAZROLLI,66701,PROFIMONT EXTREME,12,Mensuri, Ä 0.20 
CONDOR,06.05.26, Ä 324.60 ,20307,CONDOR,35108,M-ONE Sanitar Silikon,12,Mensuri, Ä 0.17 
CONDOR,06.05.26,,20307,CONDOR,35109,M-ONE Sanitar Silikon,24,Mensuri, Ä 0.17 
CONDOR,06.05.26,,20307,CONDOR,35111,M-ONE Sanitar Silikon,12,Mensuri, Ä 0.17 
CONDOR,06.05.26,,20307,CONDOR,35128,M-ONE Sanitar Silikon,12,Mensuri, Ä 0.17 
CONDOR,06.05.26,,20307,CONDOR,66701,PROFIMONT EXTREME,12,Mensuri, Ä 0.20 
CONDOR,06.05.26,,20307,CONDOR,26736,M ONE HAFTGRUND,6,Mensuri, Ä 0.15 
BARDHI-M,06.05.26, Ä 111.00 ,20331,BARDHI-M,35110,M-ONE Sanitar Silikon,12,Mensuri, Ä 0.17 
BARDHI-M,06.05.26,,20331,BARDHI-M,35121,M-ONE Sanitar Silikon,12,Mensuri, Ä 0.17 
BARDHI-M,06.05.26,,20331,BARDHI-M,31903,M ONE CHROM SPRAY,6,Mensuri, Ä 0.15 
AGRO-FARM,06.05.26, Ä 123.60 ,20304,AGRO-FARM,35114,M-ONE Sanitar Silikon,12,Mensuri, Ä 0.17 
AGRO-FARM,06.05.26,,20304,AGRO-FARM,35119,M-ONE Sanitar Silikon,12,Mensuri, Ä 0.17 
AGRO-FARM,06.05.26,,20304,AGRO-FARM,51612,struktural akryl,12,Mensuri, Ä 0.06 
FITIMI,06.05.26, Ä 96.00 ,20306,FITIMI,35110,M-ONE Sanitar Silikon,12,Mensuri, Ä 0.17 
FITIMI,06.05.26,,20306,FITIMI,35111,M-ONE Sanitar Silikon,12,Mensuri, Ä 0.17 
SOPAJ,06.05.26, Ä 84.60 ,20311,SOPAJ,66701,PROFIMONT EXTREME,12,Mensuri, Ä 0.20 
SOPAJ,06.05.26,,20311,SOPAJ,51611,universal akryl,12,Mensuri, Ä 0.06 
SHEHU-A,06.05.26, Ä 128.40 ,20317,SHEHU-A,50912,DICHTUNG,12,Mensuri, Ä 0.20 
SHEHU-A,06.05.26,,20317,SHEHU-A,55718,M ONE MOTORSTART,6,Mensuri, Ä 0.20 
SHEHU-A,06.05.26,,20317,SHEHU-A,44001,Fettspray,6,Mensuri, Ä 0.20 
UNIVERZAL,07.05.26, Ä 48.00 ,10413,UNIVERZAL,35110,M-ONE Sanitar Silikon,12,Qerimi, Ä 0.17 
EURO COM,07.05.26, Ä 96.00 ,10430,EURO COM,35110,M-ONE Sanitar Silikon,12,Qerimi, Ä 0.17 
EURO COM,07.05.26,,10430,EURO COM,35115,M-ONE Sanitar Silikon,12,Qerimi, Ä 0.17 
AGRONI,07.05.26, Ä 34.80 ,10406,AGRONI,66701,PROFIMONT EXTREME,6,Qerimi, Ä 0.20 
GRANITI,07.05.26, Ä 96.00 ,10410,GRANITI,35109,M-ONE Sanitar Silikon,12,Qerimi, Ä 0.17 
GRANITI,07.05.26,,10410,GRANITI,35119,M-ONE Sanitar Silikon,12,Qerimi, Ä 0.17 
VISARI HH,07.05.26, Ä 144.00 ,10412,VISARI HH,35111,M-ONE Sanitar Silikon,12,Qerimi, Ä 0.17 
VISARI HH,07.05.26,,10412,VISARI HH,35114,M-ONE Sanitar Silikon,12,Qerimi, Ä 0.17 
VISARI HH,07.05.26,,10412,VISARI HH,35113,M-ONE Sanitar Silikon,12,Qerimi, Ä 0.17 
CARRALEVA 2,08.05.26, Ä 48.00 ,10508,CARRALEVA 2,35119,M-ONE Sanitar Silikon,12,Qerimi, Ä 0.17 
REAL COLOR 2,08.05.26, Ä 144.00 ,10507,REAL COLOR 2,35115,M-ONE Sanitar Silikon,12,Qerimi, Ä 0.17 
REAL COLOR 2,08.05.26,,10507,REAL COLOR 2,35121,M-ONE Sanitar Silikon,12,Qerimi, Ä 0.17 
REAL COLOR 2,08.05.26,,10507,REAL COLOR 2,35128,M-ONE Sanitar Silikon,12,Qerimi, Ä 0.17 
CARRALEVA 1,08.05.26, Ä 96.00 ,10504,CARRALEVA 1,35112,M-ONE Sanitar Silikon,12,Qerimi, Ä 0.17 
CARRALEVA 1,08.05.26,,10504,CARRALEVA 1,35115,M-ONE Sanitar Silikon,12,Qerimi, Ä 0.17 
ARDI LIPJAN,08.05.26, Ä 100.20 ,10529,ARDI LIPJAN,56117,M ONE UBS,6,Qerimi, Ä 0.20 
ARDI LIPJAN,08.05.26,,10529,ARDI LIPJAN,55718,M ONE MOTORSTART,6,Qerimi, Ä 0.20 
ARDI LIPJAN,08.05.26,,10529,ARDI LIPJAN,31827,M ONE LACK GRUN,6,Qerimi, Ä 0.15 
ARDI LIPJAN,08.05.26,,10529,ARDI LIPJAN,50912,DICHTUNG,6,Qerimi, Ä 0.20 
ARBERI,08.05.26, Ä 144.00 ,10506,ARBERI,35108,M-ONE Sanitar Silikon,12,Qerimi, Ä 0.17 
ARBERI,08.05.26,,10506,ARBERI,35109,M-ONE Sanitar Silikon,12,Qerimi, Ä 0.17 
ARBERI,08.05.26,,10506,ARBERI,35113,M-ONE Sanitar Silikon,12,Qerimi, Ä 0.17 
CARRALEVA 1,08.05.26, Ä 96.00 ,10504,CARRALEVA 1,35114,M-ONE Sanitar Silikon,12,Qerimi, Ä 0.17 
CARRALEVA 1,08.05.26,,10504,CARRALEVA 1,35125,M-ONE Sanitar Silikon,12,Qerimi, Ä 0.17 
RACI,08.05.26, Ä 357.60 ,20501,RACI,66701,PROFIMONT EXTREME,12,Mensuri, Ä 0.20 
RACI,08.05.26,,20501,RACI,35109,M-ONE Sanitar Silikon,12,Mensuri, Ä 0.17 
RACI,08.05.26,,20501,RACI,35111,M-ONE Sanitar Silikon,12,Mensuri, Ä 0.17 
RACI,08.05.26,,20501,RACI,35112,M-ONE Sanitar Silikon,12,Mensuri, Ä 0.17 
RACI,08.05.26,,20501,RACI,35119,M-ONE Sanitar Silikon,12,Mensuri, Ä 0.17 
RACI,08.05.26,,20501,RACI,35121,M-ONE Sanitar Silikon,12,Mensuri, Ä 0.17 
RACI,08.05.26,,20501,RACI,35128,M-ONE Sanitar Silikon,12,Mensuri, Ä 0.17 
LIRIDONA KLINE,08.05.26, Ä 240.00 ,20511,LIRIDONA KLINE,35109,M-ONE Sanitar Silikon,12,Mensuri, Ä 0.17 
LIRIDONA KLINE,08.05.26,,20511,LIRIDONA KLINE,35111,M-ONE Sanitar Silikon,12,Mensuri, Ä 0.17 
LIRIDONA KLINE,08.05.26,,20511,LIRIDONA KLINE,35113,M-ONE Sanitar Silikon,12,Mensuri, Ä 0.17 
LIRIDONA KLINE,08.05.26,,20511,LIRIDONA KLINE,35115,M-ONE Sanitar Silikon,12,Mensuri, Ä 0.17 
LIRIDONA KLINE,08.05.26,,20511,LIRIDONA KLINE,35128,M-ONE Sanitar Silikon,12,Mensuri, Ä 0.17 
HOXHA,08.05.26, Ä 48.00 ,20502,HOXHA,35113,M-ONE Sanitar Silikon,12,Mensuri, Ä 0.17 
LIRIDONA HOME,08.05.26, Ä 111.00 ,20508,LIRIDONA HOME,35109,M-ONE Sanitar Silikon,12,Mensuri, Ä 0.17 
LIRIDONA HOME,08.05.26,,20508,LIRIDONA HOME,35115,M-ONE Sanitar Silikon,12,Mensuri, Ä 0.17 
LIRIDONA HOME,08.05.26,,20508,LIRIDONA HOME,51611,universal akryl,12,Mensuri, Ä 0.06 
LIRIDONA-A,08.05.26, Ä 96.00 ,20515,LIRIDONA-A,35111,M-ONE Sanitar Silikon,12,Mensuri, Ä 0.17 
LIRIDONA-A,08.05.26,,20515,LIRIDONA-A,35115,M-ONE Sanitar Silikon,12,Mensuri, Ä 0.17 
BERATI A.P. (1),08.05.26, Ä 96.90 ,20513,BERATI A.P. (1),50912,DICHTUNG,12,Mensuri, Ä 0.20 
BERATI A.P. (1),08.05.26,,20513,BERATI A.P. (1),44001,Fettspray,3,Mensuri, Ä 0.20 
MEGI,08.05.26, Ä 157.40 ,20406,MEGI,49644,beMAKER Rostlîser,12,Mensuri, Ä 0.20 
MEGI,08.05.26,,20406,MEGI,50912,DICHTUNG,17,Mensuri, Ä 0.20 
MEGI,08.05.26,,20406,MEGI,56117,M ONE UBS,4,Mensuri, Ä 0.20 
MEGI,08.05.26,,20406,MEGI,31819,M ONE FUERROT,2,Mensuri, Ä 0.15 
NSM TRADE,08.05.26, Ä 50.00 ,20427,#N/A,49644,beMAKER Rostlîser,6,Mensuri, Ä 0.20 
NSM TRADE,08.05.26,,20427,#N/A,55718,M ONE MOTORSTART,4,Mensuri, Ä 0.20 
NSM TRADE,08.05.26,,20427,#N/A,44001,Fettspray,3,Mensuri, Ä 0.20 
NSM TRADE,08.05.26,,20427,#N/A,39505,M ONE SILIKON SPRAY,2,Mensuri, Ä 0.20 
NSM TRADE,08.05.26,,20427,#N/A,51736,M ONE SCHWARZ MATT,3,Mensuri, Ä 0.15 
HOXHA,09.05.26, Ä 62.00 ,10622,HOXHA,54412,beMAKER Bremsen&Teile Reininger,12,Qerimi, Ä 0.20 
HOXHA,09.05.26,,10622,HOXHA,49644,beMAKER Rostlîser,12,Qerimi, Ä 0.20 
HOXHA,09.05.26,,10622,HOXHA,44001,Fettspray,4,Qerimi, Ä 0.20 
ALBANI,09.05.26, Ä 96.00 ,10635,#N/A,35112,M-ONE Sanitar Silikon,12,Qerimi, Ä 0.17 
ALBANI,09.05.26,,10635,#N/A,35128,M-ONE Sanitar Silikon,12,Qerimi, Ä 0.17 
KUJTA,09.05.26, Ä 144.00 ,10625,KUJTA,35113,M-ONE Sanitar Silikon,12,Qerimi, Ä 0.17 
KUJTA,09.05.26,,10625,KUJTA,35125,M-ONE Sanitar Silikon,12,Qerimi, Ä 0.17 
KUJTA,09.05.26,,10625,KUJTA,35128,M-ONE Sanitar Silikon,12,Qerimi, Ä 0.17 
ALBANI,09.05.26, Ä 96.00 ,10636,#N/A,35110,M-ONE Sanitar Silikon,12,Qerimi, Ä 0.17 
ALBANI,09.05.26,,10636,#N/A,35111,M-ONE Sanitar Silikon,12,Qerimi, Ä 0.17 
BECOLOR,09.05.26, Ä 27.60 ,10619,BECOLOR,51612,struktural akryl,12,Qerimi, Ä 0.06 
ERENIKU,09.05.26, Ä 123.60 ,20206,ERENIKU,35109,M-ONE Sanitar Silikon,12,Mensuri, Ä 0.17 
ERENIKU,09.05.26,,20206,ERENIKU,35121,M-ONE Sanitar Silikon,12,Mensuri, Ä 0.17 
ERENIKU,09.05.26,,20206,ERENIKU,51612,struktural akryl,12,Mensuri, Ä 0.06 
TE-SYLA,09.05.26, Ä 108.00 ,20606,TE-SYLA,35121,M-ONE Sanitar Silikon,12,Mensuri, Ä 0.17 
TE-SYLA,09.05.26,,20606,TE-SYLA,35128,M-ONE Sanitar Silikon,12,Mensuri, Ä 0.17 
TE-SYLA,09.05.26,,20606,TE-SYLA,31880,HAT LACK 800,3,Mensuri, Ä 0.35 
SALIHU CORPORATION,09.05.26, Ä 240.00 ,20636,#N/A,35115,M-ONE Sanitar Silikon,12,Mensuri, Ä 0.17 
SALIHU CORPORATION,09.05.26,,20636,#N/A,35111,M-ONE Sanitar Silikon,12,Mensuri, Ä 0.17 
SALIHU CORPORATION,09.05.26,,20636,#N/A,35121,M-ONE Sanitar Silikon,12,Mensuri, Ä 0.17 
SALIHU CORPORATION,09.05.26,,20636,#N/A,35128,M-ONE Sanitar Silikon,24,Mensuri, Ä 0.17 
SALIHU CORPORATION,09.05.26,,20634,SALIHU CORPORATION,35115,M-ONE Sanitar Silikon,24,Mensuri, Ä 0.17 
SALIHU CORPORATION,09.05.26,,20634,SALIHU CORPORATION,35121,M-ONE Sanitar Silikon,12,Mensuri, Ä 0.17 
SALIHU CORPORATION,09.05.26,,20634,SALIHU CORPORATION,35110,M-ONE Sanitar Silikon,12,Mensuri, Ä 0.17 
TE-LUTA,09.05.26, Ä 187.20 ,20611,TE-LUTA,35109,M-ONE Sanitar Silikon,12,Mensuri, Ä 0.17 
TE-LUTA,09.05.26,,20611,TE-LUTA,35111,M-ONE Sanitar Silikon,12,Mensuri, Ä 0.17 
TE-LUTA,09.05.26,,20611,TE-LUTA,35119,M-ONE Sanitar Silikon,12,Mensuri, Ä 0.17 
TE-LUTA,09.05.26,,20611,TE-LUTA,50912,DICHTUNG,6,Mensuri, Ä 0.20 
ALMIRI QERAMIKA,09.05.26, Ä 96.00 ,20631,ALMIRI QERAMIKA,35109,M-ONE Sanitar Silikon,12,Mensuri, Ä 0.17 
ALMIRI QERAMIKA,09.05.26,,20631,ALMIRI QERAMIKA,35121,M-ONE Sanitar Silikon,12,Mensuri, Ä 0.17 
PROMOIN,09.05.26, Ä 159.00 ,20603,PROMOIN,35110,M-ONE Sanitar Silikon,12,Mensuri, Ä 0.17 
PROMOIN,09.05.26,,20603,PROMOIN,35112,M-ONE Sanitar Silikon,12,Mensuri, Ä 0.17 
PROMOIN,09.05.26,,20603,PROMOIN,35113,M-ONE Sanitar Silikon,12,Mensuri, Ä 0.17 
PROMOIN,09.05.26,,20603,PROMOIN,51611,universal akryl,12,Mensuri, Ä 0.06 
MIX-B,09.05.26, Ä 171.60 ,20615,MIX-B,35113,M-ONE Sanitar Silikon,12,Mensuri, Ä 0.17 
MIX-B,09.05.26,,20615,MIX-B,35110,M-ONE Sanitar Silikon,12,Mensuri, Ä 0.17 
MIX-B,09.05.26,,20615,MIX-B,35111,M-ONE Sanitar Silikon,12,Mensuri, Ä 0.17 
MIX-B,09.05.26,,20615,MIX-B,51612,struktural akryl,12,Mensuri, Ä 0.06 
LTI,09.05.26, Ä 96.00 ,20623,LTI,35110,M-ONE Sanitar Silikon,12,Mensuri, Ä 0.17 
LTI,09.05.26,,20623,LTI,35115,M-ONE Sanitar Silikon,12,Mensuri, Ä 0.17 
ILIRI QERAMIKA,09.05.26, Ä 111.00 ,20622,ILIRI QERAMIKA,35109,M-ONE Sanitar Silikon,12,Mensuri, Ä 0.17 
ILIRI QERAMIKA,09.05.26,,20622,ILIRI QERAMIKA,35110,M-ONE Sanitar Silikon,12,Mensuri, Ä 0.17 
ILIRI QERAMIKA,09.05.26,,20622,ILIRI QERAMIKA,51611,universal akryl,12,Mensuri, Ä 0.06 
UNIKA,09.05.26, Ä 444.00 ,20627,UNIKA,66701,PROFIMONT EXTREME,60,Mensuri, Ä 0.20 
UNIKA,09.05.26,,20627,UNIKA,35109,M-ONE Sanitar Silikon,12,Mensuri, Ä 0.17 
UNIKA,09.05.26,,20627,UNIKA,35113,M-ONE Sanitar Silikon,12,Mensuri, Ä 0.17 
ALFA-QERAMIKA,09.05.26, Ä 159.00 ,20604,ALFA-QERAMIKA,35109,M-ONE Sanitar Silikon,12,Mensuri, Ä 0.17 
ALFA-QERAMIKA,09.05.26,,20604,ALFA-QERAMIKA,35110,M-ONE Sanitar Silikon,12,Mensuri, Ä 0.17 
ALFA-QERAMIKA,09.05.26,,20604,ALFA-QERAMIKA,35111,M-ONE Sanitar Silikon,12,Mensuri, Ä 0.17 
ALFA-QERAMIKA,09.05.26,,20604,ALFA-QERAMIKA,51611,universal akryl,12,Mensuri, Ä 0.06 
ELEKTROMONT,09.05.26, Ä 27.00 ,20601,ELEKTROMONT,49644,beMAKER Rostlîser,12,Mensuri, Ä 0.20 
ELEKTROMONT,09.05.26,,20601,ELEKTROMONT,39505,M ONE SILIKON SPRAY,1,Mensuri, Ä 0.20 
KRRABAJ,11.05.26, Ä 80.00 ,10147,#N/A,50912,DICHTUNG,10,Qerimi, Ä 0.20 
KADIJOLLET,11.05.26, Ä 141.00 ,10111,KADIJOLLET,54412,beMAKER Bremsen&Teile Reininger,12,Qerimi, Ä 0.20 
KADIJOLLET,11.05.26,,10111,KADIJOLLET,49644,beMAKER Rostlîser,3,Qerimi, Ä 0.20 
KADIJOLLET,11.05.26,,10111,KADIJOLLET,35113,M-ONE Sanitar Silikon,12,Qerimi, Ä 0.17 
KADIJOLLET,11.05.26,,10111,KADIJOLLET,35115,M-ONE Sanitar Silikon,12,Qerimi, Ä 0.17 
KADIJOLLET,11.05.26,,10111,KADIJOLLET,51611,universal akryl,12,Qerimi, Ä 0.06 
QELA,11.05.26, Ä 96.00 ,10114,QELA,35121,M-ONE Sanitar Silikon,12,Qerimi, Ä 0.17 
QELA,11.05.26,,10114,QELA,35112,M-ONE Sanitar Silikon,12,Qerimi, Ä 0.17 
EURO COLORS,11.05.26, Ä 69.60 ,10134,EURO COLORS,66701,PROFIMONT EXTREME,12,Qerimi, Ä 0.20 
JETARI,11.05.26, Ä 48.00 ,10104,JETARI,35128,M-ONE Sanitar Silikon,12,Qerimi, Ä 0.17 
BAU MIX FATONI,11.05.26, Ä 48.00 ,40024,BAU MIX FATONI,35110,M-ONE Sanitar Silikon,12,0, Ä 0.17 
KENA COMERC,11.05.26, Ä 141.00 ,20109,KENA COMERC,35110,M-ONE Sanitar Silikon,12,Mensuri, Ä 0.17 
KENA COMERC,11.05.26,,20109,KENA COMERC,35121,M-ONE Sanitar Silikon,12,Mensuri, Ä 0.17 
KENA COMERC,11.05.26,,20109,KENA COMERC,51611,universal akryl,36,Mensuri, Ä 0.06 
ENESI,11.05.26, Ä 96.00 ,20130,ENESI,35119,M-ONE Sanitar Silikon,12,Mensuri, Ä 0.17 
ENESI,11.05.26,,20130,ENESI,35121,M-ONE Sanitar Silikon,12,Mensuri, Ä 0.17 
CAMA BAU,11.05.26, Ä 192.00 ,20121,CAMA BAU,35109,M-ONE Sanitar Silikon,12,Mensuri, Ä 0.17 
CAMA BAU,11.05.26,,20121,CAMA BAU,35113,M-ONE Sanitar Silikon,12,Mensuri, Ä 0.17 
CAMA BAU,11.05.26,,20121,CAMA BAU,35115,M-ONE Sanitar Silikon,12,Mensuri, Ä 0.17 
CAMA BAU,11.05.26,,20121,CAMA BAU,35125,M-ONE Sanitar Silikon,12,Mensuri, Ä 0.17 
LULI-C,11.05.26, Ä 250.00 ,20126,LULI-C,35109,M-ONE Sanitar Silikon,12,Mensuri, Ä 0.17 
LULI-C,11.05.26,,20126,LULI-C,35119,M-ONE Sanitar Silikon,12,Mensuri, Ä 0.17 
LULI-C,11.05.26,,20126,LULI-C,35113,M-ONE Sanitar Silikon,12,Mensuri, Ä 0.17 
LULI-C,11.05.26,,20126,LULI-C,35115,M-ONE Sanitar Silikon,12,Mensuri, Ä 0.17 
LULI-C,11.05.26,,20126,LULI-C,35111,M-ONE Sanitar Silikon,12,Mensuri, Ä 0.17 
LULI-C,11.05.26,,20126,LULI-C,49644,beMAKER Rostlîser,5,Mensuri, Ä 0.20 
KUQI-LKW,11.05.26, Ä 61.50 ,20102,KUQI-LKW,55718,M ONE MOTORSTART,6,Mensuri, Ä 0.20 
KUQI-LKW,11.05.26,,20102,KUQI-LKW,49644,beMAKER Rostlîser,7,Mensuri, Ä 0.20 
KUQI-LKW,11.05.26,,20102,KUQI-LKW,54412,beMAKER Bremsen&Teile Reininger,9,Mensuri, Ä 0.20 
KUQI-LKW,11.05.26,,20102,KUQI-LKW,44001,Fettspray,1,Mensuri, Ä 0.20 
KUQI-LKW,11.05.26,,20102,KUQI-LKW,50912,DICHTUNG,1,Mensuri, Ä 0.20 
GLOBI TERM,11.05.26, Ä 139.20 ,20122,GLOBI TERM,66701,PROFIMONT EXTREME,24,Mensuri, Ä 0.20 
KTHIMI,11.05.26, Ä 192.00 ,20104,KTHIMI,35109,M-ONE Sanitar Silikon,36,Mensuri, Ä 0.17 
KTHIMI,11.05.26,,20104,KTHIMI,35119,M-ONE Sanitar Silikon,12,Mensuri, Ä 0.17 
LNI SHPK,11.05.26, Ä 96.00 ,20129,LNI SHPK,35115,M-ONE Sanitar Silikon,12,Mensuri, Ä 0.17 
LNI SHPK,11.05.26,,20129,LNI SHPK,35121,M-ONE Sanitar Silikon,12,Mensuri, Ä 0.17 
ARSIMI,12.05.26, Ä 480.00 ,10258,ARSIMI,35109,M-ONE Sanitar Silikon,120,Qerimi, Ä 0.17 
ARPO,12.05.26, Ä 530.40 ,10240,ARPO,35113,M-ONE Sanitar Silikon,24,Qerimi, Ä 0.17 
ARPO,12.05.26,,10240,ARPO,35108,M-ONE Sanitar Silikon,24,Qerimi, Ä 0.17 
ARPO,12.05.26,,10240,ARPO,35119,M-ONE Sanitar Silikon,24,Qerimi, Ä 0.17 
ARPO,12.05.26,,10240,ARPO,35110,M-ONE Sanitar Silikon,12,Qerimi, Ä 0.17 
ARPO,12.05.26,,10240,ARPO,35109,M-ONE Sanitar Silikon,12,Qerimi, Ä 0.17 
ARPO,12.05.26,,10240,ARPO,35121,M-ONE Sanitar Silikon,12,Qerimi, Ä 0.17 
ARPO,12.05.26,,10240,ARPO,35128,M-ONE Sanitar Silikon,12,Qerimi, Ä 0.17 
ARPO,12.05.26,,10240,ARPO,72101,Zink Spray Hell,12,Qerimi, Ä 0.20 
XHAFA,12.05.26, Ä 144.00 ,10205,XHAFA,35109,M-ONE Sanitar Silikon,12,Qerimi, Ä 0.17 
XHAFA,12.05.26,,10205,XHAFA,35121,M-ONE Sanitar Silikon,12,Qerimi, Ä 0.17 
XHAFA,12.05.26,,10205,XHAFA,35112,M-ONE Sanitar Silikon,12,Qerimi, Ä 0.17 
BEK TRADE,12.05.26, Ä 192.00 ,10245,BEK TRADE,35109,M-ONE Sanitar Silikon,12,Qerimi, Ä 0.17 
BEK TRADE,12.05.26,,10245,BEK TRADE,35121,M-ONE Sanitar Silikon,12,Qerimi, Ä 0.17 
BEK TRADE,12.05.26,,10245,BEK TRADE,35108,M-ONE Sanitar Silikon,12,Qerimi, Ä 0.17 
BEK TRADE,12.05.26,,10245,BEK TRADE,35128,M-ONE Sanitar Silikon,12,Qerimi, Ä 0.17 
TEMAJ,12.05.26, Ä 144.00 ,40019,TEMAJ,35109,M-ONE Sanitar Silikon,12,0, Ä 0.17 
TEMAJ,12.05.26,,40019,TEMAJ,35119,M-ONE Sanitar Silikon,12,0, Ä 0.17 
TEMAJ,12.05.26,,40019,TEMAJ,35111,M-ONE Sanitar Silikon,12,0, Ä 0.17 
PROSAN,12.05.26, Ä 96.00 ,20210,PROSAN,35113,M-ONE Sanitar Silikon,24,Mensuri, Ä 0.17 
LETAJ,12.05.26, Ä 40.50 ,20209,LETAJ,39505,M ONE SILIKON SPRAY,3,Mensuri, Ä 0.20 
LETAJ,12.05.26,,20209,LETAJ,44001,Fettspray,9,Mensuri, Ä 0.20 
GACAFERI-RG,12.05.26, Ä 161.20 ,20205,GACAFERI-RG,35128,M-ONE Sanitar Silikon,12,Mensuri, Ä 0.17 
GACAFERI-RG,12.05.26,,20205,GACAFERI-RG,66701,PROFIMONT EXTREME,12,Mensuri, Ä 0.20 
GACAFERI-RG,12.05.26,,20205,GACAFERI-RG,51612,struktural akryl,12,Mensuri, Ä 0.06 
GACAFERI-RG,12.05.26,,20205,GACAFERI-RG,50912,DICHTUNG,2,Mensuri, Ä 0.20 
INOX 2,12.05.26, Ä 96.00 ,20212,INOX 2,35110,M-ONE Sanitar Silikon,12,Mensuri, Ä 0.17 
INOX 2,12.05.26,,20212,INOX 2,35111,M-ONE Sanitar Silikon,12,Mensuri, Ä 0.17 
INOX 1,12.05.26, Ä 111.00 ,20211,INOX 1,35111,M-ONE Sanitar Silikon,12,Mensuri, Ä 0.17 
INOX 1,12.05.26,,20211,INOX 1,35113,M-ONE Sanitar Silikon,12,Mensuri, Ä 0.17 
INOX 1,12.05.26,,20211,INOX 1,51611,universal akryl,12,Mensuri, Ä 0.06 
PROSAN,12.05.26, Ä 174.00 ,20210,PROSAN,35112,M-ONE Sanitar Silikon,12,Mensuri, Ä 0.17 
PROSAN,12.05.26,,20210,PROSAN,35128,M-ONE Sanitar Silikon,12,Mensuri, Ä 0.17 
PROSAN,12.05.26,,20210,PROSAN,35125,M-ONE Sanitar Silikon,12,Mensuri, Ä 0.17 
PROSAN,12.05.26,,20210,PROSAN,51611,universal akryl,24,Mensuri, Ä 0.06 
ERENIKU,12.05.26, Ä 111.00 ,20206,ERENIKU,35109,M-ONE Sanitar Silikon,12,Mensuri, Ä 0.17 
ERENIKU,12.05.26,,20206,ERENIKU,35113,M-ONE Sanitar Silikon,12,Mensuri, Ä 0.17 
ERENIKU,12.05.26,,20206,ERENIKU,51611,universal akryl,12,Mensuri, Ä 0.06 
AFRIMI-AG,12.05.26, Ä 117.60 ,20203,AFRIMI-AG,35113,M-ONE Sanitar Silikon,12,Mensuri, Ä 0.17 
AFRIMI-AG,12.05.26,,20203,AFRIMI-AG,66701,PROFIMONT EXTREME,12,Mensuri, Ä 0.20 
TE BESIMI,12.05.26, Ä 160.60 ,20201,TE BESIMI,35110,M-ONE Sanitar Silikon,12,Mensuri, Ä 0.17 
TE BESIMI,12.05.26,,20201,TE BESIMI,35119,M-ONE Sanitar Silikon,12,Mensuri, Ä 0.17 
TE BESIMI,12.05.26,,20201,TE BESIMI,51611,universal akryl,12,Mensuri, Ä 0.06 
TE BESIMI,12.05.26,,20201,TE BESIMI,56117,M ONE UBS,4,Mensuri, Ä 0.20 
TE BESIMI,12.05.26,,20201,TE BESIMI,54412,beMAKER Bremsen&Teile Reininger,3,Mensuri, Ä 0.20 
TE BESIMI,12.05.26,,20201,TE BESIMI,51612,struktural akryl,12,Mensuri, Ä 0.06 
DARDANIA,13.05.26, Ä 96.00 ,10332,DARDANIA,35114,M-ONE Sanitar Silikon,12,Qerimi, Ä 0.17 
DARDANIA,13.05.26,,10332,DARDANIA,35115,M-ONE Sanitar Silikon,12,Qerimi, Ä 0.17 
BASHKIMI,13.05.26, Ä 86.40 ,10315,BASHKIMI,50912,DICHTUNG,12,Qerimi, Ä 0.20 
BALLKANI,13.05.26, Ä 288.00 ,10350,BALLKANI,35121,M-ONE Sanitar Silikon,48,Qerimi, Ä 0.17 
BALLKANI,13.05.26,,10350,BALLKANI,35113,M-ONE Sanitar Silikon,12,Qerimi, Ä 0.17 
BALLKANI,13.05.26,,10350,BALLKANI,35119,M-ONE Sanitar Silikon,12,Qerimi, Ä 0.17 
BURIMI,13.05.26, Ä 144.00 ,10330,BURIMI,35112,M-ONE Sanitar Silikon,12,Qerimi, Ä 0.17 
BURIMI,13.05.26,,10330,BURIMI,35113,M-ONE Sanitar Silikon,12,Qerimi, Ä 0.17 
BURIMI,13.05.26,,10330,BURIMI,35121,M-ONE Sanitar Silikon,12,Qerimi, Ä 0.17 
AME,13.05.26, Ä 46.20 ,10346,AME,35109,M-ONE Sanitar Silikon,12,Qerimi, Ä 0.17 
PARKETI,13.05.26, Ä 63.00 ,10325,PARKETI,35125,M-ONE Sanitar Silikon,12,Qerimi, Ä 0.17 
PARKETI,13.05.26,,10325,PARKETI,51611,universal akryl,12,Qerimi, Ä 0.06 
GLOBAL NT,13.05.26, Ä 111.00 ,10360,#N/A,35115,M-ONE Sanitar Silikon,12,Qerimi, Ä 0.17 
GLOBAL NT,13.05.26,,10360,#N/A,35119,M-ONE Sanitar Silikon,12,Qerimi, Ä 0.17 
GLOBAL NT,13.05.26,,10360,#N/A,51611,universal akryl,12,Qerimi, Ä 0.06 
SMIRA COLOR,13.05.26, Ä 48.00 ,10367,SMIRA COLOR,35113,M-ONE Sanitar Silikon,12,Qerimi, Ä 0.17 
IBAK,13.05.26, Ä 144.00 ,10340,IBAK,35121,M-ONE Sanitar Silikon,36,Qerimi, Ä 0.17 
BEKA-3,13.05.26, Ä 86.40 ,10323,BEKA-3,50912,DICHTUNG,12,Qerimi, Ä 0.20 
TREND CERAMIKA,13.05.26, Ä 96.00 ,10353,TREND CERAMIKA,35109,M-ONE Sanitar Silikon,24,Qerimi, Ä 0.17 
HAZROLLI,13.05.26, Ä 96.00 ,20301,HAZROLLI,35128,M-ONE Sanitar Silikon,24,Mensuri, Ä 0.17 
CONDOR,13.05.26, Ä 325.80 ,20307,CONDOR,35110,M-ONE Sanitar Silikon,12,Mensuri, Ä 0.17 
CONDOR,13.05.26,,20307,CONDOR,35111,M-ONE Sanitar Silikon,12,Mensuri, Ä 0.17 
CONDOR,13.05.26,,20307,CONDOR,35115,M-ONE Sanitar Silikon,12,Mensuri, Ä 0.17 
CONDOR,13.05.26,,20307,CONDOR,35119,M-ONE Sanitar Silikon,12,Mensuri, Ä 0.17 
CONDOR,13.05.26,,20307,CONDOR,51612,struktural akryl,36,Mensuri, Ä 0.06 
CONDOR,13.05.26,,20307,CONDOR,51936,M ONE SCHWARZ GLéNZED,6,Mensuri, Ä 0.15 
CONDOR,13.05.26,,20307,CONDOR,31818,M ONE ANTHRAZIT,6,Mensuri, Ä 0.15 
CONDOR,13.05.26,,20307,CONDOR,44001,Fettspray,6,Mensuri, Ä 0.20 
BEREQETI,13.05.26, Ä 213.60 ,20321,BEREQETI,51612,struktural akryl,72,Mensuri, Ä 0.06 
BEREQETI,13.05.26,,20321,BEREQETI,35121,M-ONE Sanitar Silikon,12,Mensuri, Ä 0.17 
BARDHI-M,13.05.26, Ä 96.00 ,20331,BARDHI-M,35111,M-ONE Sanitar Silikon,12,Mensuri, Ä 0.17 
BARDHI-M,13.05.26,,20331,BARDHI-M,35128,M-ONE Sanitar Silikon,12,Mensuri, Ä 0.17 
NITA 3,13.05.26, Ä 111.00 ,20303,NITA 3,35113,M-ONE Sanitar Silikon,12,Mensuri, Ä 0.17 
NITA 3,13.05.26,,20303,NITA 3,35115,M-ONE Sanitar Silikon,12,Mensuri, Ä 0.17 
NITA 3,13.05.26,,20303,NITA 3,51611,universal akryl,12,Mensuri, Ä 0.06 
DURGUTI 3,13.05.26, Ä 171.60 ,20313,DURGUTI 3,35110,M-ONE Sanitar Silikon,12,Mensuri, Ä 0.17 
DURGUTI 3,13.05.26,,20313,DURGUTI 3,35111,M-ONE Sanitar Silikon,12,Mensuri, Ä 0.17 
DURGUTI 3,13.05.26,,20313,DURGUTI 3,35128,M-ONE Sanitar Silikon,12,Mensuri, Ä 0.17 
DURGUTI 3,13.05.26,,20313,DURGUTI 3,51612,struktural akryl,12,Mensuri, Ä 0.06 
ARTURI,13.05.26, Ä 192.00 ,20328,ARTURI,35111,M-ONE Sanitar Silikon,12,Mensuri, Ä 0.17 
ARTURI,13.05.26,,20328,ARTURI,35115,M-ONE Sanitar Silikon,12,Mensuri, Ä 0.17 
ARTURI,13.05.26,,20328,ARTURI,35125,M-ONE Sanitar Silikon,12,Mensuri, Ä 0.17 
ARTURI,13.05.26,,20328,ARTURI,35112,M-ONE Sanitar Silikon,12,Mensuri, Ä 0.17 
SHEHU-A,13.05.26, Ä 33.00 ,20317,SHEHU-A,44001,Fettspray,6,Mensuri, Ä 0.20 
SHEHU-A,13.05.26,,20317,SHEHU-A,49644,beMAKER Rostlîser,6,Mensuri, Ä 0.20 
URA,13.05.26, Ä 48.00 ,20314,URA,35109,M-ONE Sanitar Silikon,12,Mensuri, Ä 0.17 
SAN KOS,14.05.26, Ä 48.00 ,10429,SAN KOS,35113,M-ONE Sanitar Silikon,12,Qerimi, Ä 0.17 
GRANITI,14.05.26, Ä 27.60 ,10410,GRANITI,51612,struktural akryl,12,Qerimi, Ä 0.06 
DRCOR,14.05.26, Ä 192.00 ,10401,DRCOR,35109,M-ONE Sanitar Silikon,48,Qerimi, Ä 0.17 
UNIVERZAL,14.05.26, Ä 128.50 ,10413,UNIVERZAL,35128,M-ONE Sanitar Silikon,24,Qerimi, Ä 0.17 
UNIVERZAL,14.05.26,,10413,UNIVERZAL,51611,universal akryl,12,Qerimi, Ä 0.06 
UNIVERZAL,14.05.26,,10413,UNIVERZAL,44001,Fettspray,5,Qerimi, Ä 0.20 
VISARI HH,14.05.26, Ä 96.00 ,10412,VISARI HH,35113,M-ONE Sanitar Silikon,12,Qerimi, Ä 0.17 
VISARI HH,14.05.26,,10412,VISARI HH,35121,M-ONE Sanitar Silikon,12,Qerimi, Ä 0.17 
ARDI LIPJAN,15.05.26, Ä 24.50 ,10529,ARDI LIPJAN,55718,M ONE MOTORSTART,4,Qerimi, Ä 0.20 
ARDI LIPJAN,15.05.26,,10529,ARDI LIPJAN,44001,Fettspray,3,Qerimi, Ä 0.20 
CARRALEVA 2,15.05.26, Ä 96.00 ,10508,CARRALEVA 2,35109,M-ONE Sanitar Silikon,12,Qerimi, Ä 0.17 
CARRALEVA 2,15.05.26,,10508,CARRALEVA 2,35110,M-ONE Sanitar Silikon,12,Qerimi, Ä 0.17 
REAL COLOR 2,15.05.26, Ä 144.00 ,10507,REAL COLOR 2,35121,M-ONE Sanitar Silikon,12,Qerimi, Ä 0.17 
REAL COLOR 2,15.05.26,,10507,REAL COLOR 2,35125,M-ONE Sanitar Silikon,12,Qerimi, Ä 0.17 
REAL COLOR 2,15.05.26,,10507,REAL COLOR 2,35115,M-ONE Sanitar Silikon,12,Qerimi, Ä 0.17 
LITA,15.05.26, Ä 96.00 ,10542,LITA,35111,M-ONE Sanitar Silikon,12,Qerimi, Ä 0.17 
LITA,15.05.26,,10542,LITA,35112,M-ONE Sanitar Silikon,12,Qerimi, Ä 0.17 
BEKA,15.05.26, Ä 48.00 ,10539,BEKA,35121,M-ONE Sanitar Silikon,12,Qerimi, Ä 0.17 
LONI,15.05.26, Ä 48.00 ,10509,LONI,50912,DICHTUNG,5,Qerimi, Ä 0.20 
LONI,15.05.26,,10509,LONI,49644,beMAKER Rostlîser,6,Qerimi, Ä 0.20 
CARRALEVA 1,15.05.26, Ä 144.00 ,10504,CARRALEVA 1,35113,M-ONE Sanitar Silikon,12,Qerimi, Ä 0.17 
CARRALEVA 1,15.05.26,,10504,CARRALEVA 1,35121,M-ONE Sanitar Silikon,12,Qerimi, Ä 0.17 
CARRALEVA 1,15.05.26,,10504,CARRALEVA 1,35109,M-ONE Sanitar Silikon,12,Qerimi, Ä 0.17 
ARBENI BIOBLIC,15.05.26, Ä 319.50 ,40003,ARBENI BIOBLIC,20001,BioBlic Universalreiniger,190,0, Ä 0.30 
ARBENI BIOBLIC,15.05.26,,40003,ARBENI BIOBLIC,30275,Blic Blic SanitÑrreiniger,60,0, Ä 0.30 
RACI,15.05.26, Ä 218.00 ,20501,RACI,35108,M-ONE Sanitar Silikon,12,Mensuri, Ä 0.17 
RACI,15.05.26,,20501,RACI,35110,M-ONE Sanitar Silikon,12,Mensuri, Ä 0.17 
RACI,15.05.26,,20501,RACI,35113,M-ONE Sanitar Silikon,12,Mensuri, Ä 0.17 
RACI,15.05.26,,20501,RACI,35128,M-ONE Sanitar Silikon,12,Mensuri, Ä 0.17 
RACI,15.05.26,,20501,RACI,44001,Fettspray,4,Mensuri, Ä 0.20 
RACI,15.05.26,,20501,RACI,39505,M ONE SILIKON SPRAY,4,Mensuri, Ä 0.20 
LIRIDONA KLINE,15.05.26, Ä 384.00 ,20511,LIRIDONA KLINE,35109,M-ONE Sanitar Silikon,24,Mensuri, Ä 0.17 
LIRIDONA KLINE,15.05.26,,20511,LIRIDONA KLINE,35121,M-ONE Sanitar Silikon,24,Mensuri, Ä 0.17 
LIRIDONA KLINE,15.05.26,,20511,LIRIDONA KLINE,35115,M-ONE Sanitar Silikon,24,Mensuri, Ä 0.17 
LIRIDONA KLINE,15.05.26,,20511,LIRIDONA KLINE,35110,M-ONE Sanitar Silikon,12,Mensuri, Ä 0.17 
LIRIDONA KLINE,15.05.26,,20511,LIRIDONA KLINE,35128,M-ONE Sanitar Silikon,12,Mensuri, Ä 0.17 
HOXHA,15.05.26, Ä 48.00 ,20502,HOXHA,35110,M-ONE Sanitar Silikon,12,Mensuri, Ä 0.17 
LIRIDONA HOME,15.05.26, Ä 468.60 ,20508,LIRIDONA HOME,35109,M-ONE Sanitar Silikon,48,Mensuri, Ä 0.17 
LIRIDONA HOME,15.05.26,,20508,LIRIDONA HOME,35121,M-ONE Sanitar Silikon,24,Mensuri, Ä 0.17 
LIRIDONA HOME,15.05.26,,20508,LIRIDONA HOME,35110,M-ONE Sanitar Silikon,12,Mensuri, Ä 0.17 
LIRIDONA HOME,15.05.26,,20508,LIRIDONA HOME,35128,M-ONE Sanitar Silikon,12,Mensuri, Ä 0.17 
LIRIDONA HOME,15.05.26,,20508,LIRIDONA HOME,66701,PROFIMONT EXTREME,12,Mensuri, Ä 0.20 
LIRIDONA HOME,15.05.26,,20508,LIRIDONA HOME,51611,universal akryl,12,Mensuri, Ä 0.06 
BERATI A.P. (1),15.05.26, Ä 113.90 ,20513,BERATI A.P. (1),50912,DICHTUNG,12,Mensuri, Ä 0.20 
BERATI A.P. (1),15.05.26,,20513,BERATI A.P. (1),51736,M ONE SCHWARZ MATT,10,Mensuri, Ä 0.15 
BERATI A.P. (1),15.05.26,,20513,BERATI A.P. (1),51936,M ONE SCHWARZ GLéNZED,5,Mensuri, Ä 0.15 
LIRIDONA-A,15.05.26, Ä 213.60 ,20515,LIRIDONA-A,35109,M-ONE Sanitar Silikon,12,Mensuri, Ä 0.17 
LIRIDONA-A,15.05.26,,20515,LIRIDONA-A,35110,M-ONE Sanitar Silikon,12,Mensuri, Ä 0.17 
LIRIDONA-A,15.05.26,,20515,LIRIDONA-A,35121,M-ONE Sanitar Silikon,12,Mensuri, Ä 0.17 
LIRIDONA-A,15.05.26,,20515,LIRIDONA-A,66701,PROFIMONT EXTREME,12,Mensuri, Ä 0.20 
TE BENI,15.05.26, Ä 192.00 ,20407,TE BENI,35110,M-ONE Sanitar Silikon,12,Mensuri, Ä 0.17 
TE BENI,15.05.26,,20407,TE BENI,35111,M-ONE Sanitar Silikon,12,Mensuri, Ä 0.17 
TE BENI,15.05.26,,20407,TE BENI,35115,M-ONE Sanitar Silikon,24,Mensuri, Ä 0.17 
MEGI,15.05.26, Ä 51.40 ,20406,MEGI,54412,beMAKER Bremsen&Teile Reininger,6,Mensuri, Ä 0.20 
MEGI,15.05.26,,20406,MEGI,55718,M ONE MOTORSTART,4,Mensuri, Ä 0.20 
MEGI,15.05.26,,20406,MEGI,44001,Fettspray,2,Mensuri, Ä 0.20 
MEGI,15.05.26,,20406,MEGI,50912,DICHTUNG,3,Mensuri, Ä 0.20 
BENI,15.05.26, Ä 60.10 ,20409,BENI,31827,M ONE LACK GRUN,4,Mensuri, Ä 0.15 
BENI,15.05.26,,20409,BENI,31812,M ONE LACK GELB,4,Mensuri, Ä 0.15 
BENI,15.05.26,,20409,BENI,44001,Fettspray,4,Mensuri, Ä 0.20 
BENI,15.05.26,,20409,BENI,16936,M ONE FELGENSILBER,3,Mensuri, Ä 0.15 
BENI,15.05.26,,20409,BENI,51736,M ONE SCHWARZ MATT,2,Mensuri, Ä 0.15 
BENI,15.05.26,,20409,BENI,29802,beMaker Handwaschpaste,8,Mensuri, Ä 0.10 
TERMIKA,15.05.26, Ä 110.50 ,20403,TERMIKA,35109,M-ONE Sanitar Silikon,12,Mensuri, Ä 0.17 
TERMIKA,15.05.26,,20403,TERMIKA,35110,M-ONE Sanitar Silikon,12,Mensuri, Ä 0.17 
TERMIKA,15.05.26,,20403,TERMIKA,49644,beMAKER Rostlîser,6,Mensuri, Ä 0.20 
TERMIKA,15.05.26,,20403,TERMIKA,51936,M ONE SCHWARZ GLéNZED,1,Mensuri, Ä 0.15 
ALBANI,16.05.26, Ä 48.00 ,10636,#N/A,35121,M-ONE Sanitar Silikon,12,Qerimi, Ä 0.17 
TE KELA,16.05.26, Ä 60.00 ,10613,TE KELA,50912,DICHTUNG,5,Qerimi, Ä 0.20 
TE KELA,16.05.26,,10613,TE KELA,49644,beMAKER Rostlîser,12,Qerimi, Ä 0.20 
ALBANI,16.05.26, Ä 86.40 ,10637,#N/A,50912,DICHTUNG,12,Qerimi, Ä 0.20 
KUJTA,16.05.26, Ä 144.00 ,10625,KUJTA,35128,M-ONE Sanitar Silikon,12,Qerimi, Ä 0.17 
KUJTA,16.05.26,,10625,KUJTA,35125,M-ONE Sanitar Silikon,12,Qerimi, Ä 0.17 
KUJTA,16.05.26,,10625,KUJTA,35113,M-ONE Sanitar Silikon,12,Qerimi, Ä 0.17 
TE ZENA,16.05.26, Ä 48.00 ,10616,TE ZENA,35119,M-ONE Sanitar Silikon,12,Qerimi, Ä 0.17 
ALBANI,16.05.26, Ä 96.00 ,10635,#N/A,35109,M-ONE Sanitar Silikon,12,Qerimi, Ä 0.17 
ALBANI,16.05.26,,10635,#N/A,35115,M-ONE Sanitar Silikon,12,Qerimi, Ä 0.17 
BUJARI Q - BESII,16.05.26, Ä 144.00 ,20609,BUJARI Q - BESII,35109,M-ONE Sanitar Silikon,24,Mensuri, Ä 0.17 
BUJARI Q - BESII,16.05.26,,20609,BUJARI Q - BESII,35113,M-ONE Sanitar Silikon,12,Mensuri, Ä 0.17 
AGROLONDI,16.05.26, Ä 147.50 ,20602,AGROLONDI,35112,M-ONE Sanitar Silikon,12,Mensuri, Ä 0.17 
AGROLONDI,16.05.26,,20602,AGROLONDI,35108,M-ONE Sanitar Silikon,12,Mensuri, Ä 0.17 
AGROLONDI,16.05.26,,20602,AGROLONDI,35109,M-ONE Sanitar Silikon,12,Mensuri, Ä 0.17 
AGROLONDI,16.05.26,,20602,AGROLONDI,44001,Fettspray,1,Mensuri, Ä 0.20 
ALMIRI QERAMIKA,16.05.26, Ä 96.00 ,20631,ALMIRI QERAMIKA,35109,M-ONE Sanitar Silikon,12,Mensuri, Ä 0.17 
ALMIRI QERAMIKA,16.05.26,,20631,ALMIRI QERAMIKA,35113,M-ONE Sanitar Silikon,12,Mensuri, Ä 0.17 
UNIKA,16.05.26, Ä 192.00 ,20627,UNIKA,35108,M-ONE Sanitar Silikon,12,Mensuri, Ä 0.17 
UNIKA,16.05.26,,20627,UNIKA,35109,M-ONE Sanitar Silikon,12,Mensuri, Ä 0.17 
UNIKA,16.05.26,,20627,UNIKA,35113,M-ONE Sanitar Silikon,12,Mensuri, Ä 0.17 
UNIKA,16.05.26,,20627,UNIKA,35121,M-ONE Sanitar Silikon,12,Mensuri, Ä 0.17 
LONI,16.05.26, Ä 144.00 ,20608,LONI,35110,M-ONE Sanitar Silikon,12,Mensuri, Ä 0.17 
LONI,16.05.26,,20608,LONI,35115,M-ONE Sanitar Silikon,12,Mensuri, Ä 0.17 
LONI,16.05.26,,20608,LONI,35121,M-ONE Sanitar Silikon,12,Mensuri, Ä 0.17 
LUTA QERAMIKA,16.05.26, Ä 432.00 ,20629,LUTA QERAMIKA,35128,M-ONE Sanitar Silikon,36,Mensuri, Ä 0.17 
LUTA QERAMIKA,16.05.26,,20629,LUTA QERAMIKA,35113,M-ONE Sanitar Silikon,36,Mensuri, Ä 0.17 
LUTA QERAMIKA,16.05.26,,20629,LUTA QERAMIKA,35121,M-ONE Sanitar Silikon,24,Mensuri, Ä 0.17 
LUTA QERAMIKA,16.05.26,,20629,LUTA QERAMIKA,35115,M-ONE Sanitar Silikon,12,Mensuri, Ä 0.17 
GLOBAL TOOLS,16.05.26, Ä 368.00 ,20632,GLOBAL TOOLS,35125,M-ONE Sanitar Silikon,24,Mensuri, Ä 0.17 
GLOBAL TOOLS,16.05.26,,20632,GLOBAL TOOLS,35128,M-ONE Sanitar Silikon,24,Mensuri, Ä 0.17 
GLOBAL TOOLS,16.05.26,,20632,GLOBAL TOOLS,35112,M-ONE Sanitar Silikon,24,Mensuri, Ä 0.17 
GLOBAL TOOLS,16.05.26,,20632,GLOBAL TOOLS,35114,M-ONE Sanitar Silikon,12,Mensuri, Ä 0.17 
GLOBAL TOOLS,16.05.26,,20632,GLOBAL TOOLS,35108,M-ONE Sanitar Silikon,12,Mensuri, Ä 0.17 
F.V. SH.P.K. ,16.05.26, Ä 96.00 ,20607,F.V. SH.P.K. ,35121,M-ONE Sanitar Silikon,12,Mensuri, Ä 0.17 
F.V. SH.P.K. ,16.05.26,,20607,F.V. SH.P.K. ,35128,M-ONE Sanitar Silikon,12,Mensuri, Ä 0.17 
ILIRI QERAMIKA,16.05.26, Ä 144.00 ,20622,ILIRI QERAMIKA,35109,M-ONE Sanitar Silikon,12,Mensuri, Ä 0.17 
ILIRI QERAMIKA,16.05.26,,20622,ILIRI QERAMIKA,35121,M-ONE Sanitar Silikon,12,Mensuri, Ä 0.17 
ILIRI QERAMIKA,16.05.26,,20622,ILIRI QERAMIKA,35111,M-ONE Sanitar Silikon,12,Mensuri, Ä 0.17 
HIDROTERMI,16.05.26, Ä 96.00 ,20605,HIDROTERMI,35109,M-ONE Sanitar Silikon,12,Mensuri, Ä 0.17 
HIDROTERMI,16.05.26,,20605,HIDROTERMI,35121,M-ONE Sanitar Silikon,12,Mensuri, Ä 0.17 
PROMOIN,16.05.26, Ä 109.60 ,20603,PROMOIN,35111,M-ONE Sanitar Silikon,12,Mensuri, Ä 0.17 
PROMOIN,16.05.26,,20603,PROMOIN,35115,M-ONE Sanitar Silikon,12,Mensuri, Ä 0.17 
PROMOIN,16.05.26,,20603,PROMOIN,29802,beMaker Handwaschpaste,8,Mensuri, Ä 0.10 
CHE BAR LOUNGE BAR,18.05.26, Ä 40.00 ,10141,CHE BAR LOUNGE BAR,20001,BioBlic Universalreiniger,20,Qerimi, Ä 0.30 
QELA,18.05.26, Ä 96.00 ,10114,QELA,35110,M-ONE Sanitar Silikon,12,Qerimi, Ä 0.17 
QELA,18.05.26,,10114,QELA,35128,M-ONE Sanitar Silikon,12,Qerimi, Ä 0.17 
HIDROELDI,18.05.26, Ä 114.00 ,10133,HIDROELDI,30276,Bio Blic Antikalk,10,Qerimi, Ä 0.30 
HIDROELDI,18.05.26,,10133,HIDROELDI,35109,M-ONE Sanitar Silikon,12,Qerimi, Ä 0.17 
HIDROELDI,18.05.26,,10133,HIDROELDI,35125,M-ONE Sanitar Silikon,12,Qerimi, Ä 0.17 
KADIJOLLET,18.05.26, Ä 144.00 ,10111,KADIJOLLET,35114,M-ONE Sanitar Silikon,12,Qerimi, Ä 0.17 
KADIJOLLET,18.05.26,,10111,KADIJOLLET,35111,M-ONE Sanitar Silikon,12,Qerimi, Ä 0.17 
KADIJOLLET,18.05.26,,10111,KADIJOLLET,35115,M-ONE Sanitar Silikon,12,Qerimi, Ä 0.17 
KRRABAJ,18.05.26, Ä 96.00 ,10145,KRRABAJ,35109,M-ONE Sanitar Silikon,12,Qerimi, Ä 0.17 
KRRABAJ,18.05.26,,10145,KRRABAJ,35121,M-ONE Sanitar Silikon,12,Qerimi, Ä 0.17 
KENA COMERC,18.05.26, Ä 144.00 ,20109,KENA COMERC,35111,M-ONE Sanitar Silikon,24,Mensuri, Ä 0.17 
KENA COMERC,18.05.26,,20109,KENA COMERC,35125,M-ONE Sanitar Silikon,12,Mensuri, Ä 0.17 
LULI-C,18.05.26, Ä 162.00 ,20126,LULI-C,35113,M-ONE Sanitar Silikon,12,Mensuri, Ä 0.17 
LULI-C,18.05.26,,20126,LULI-C,35119,M-ONE Sanitar Silikon,12,Mensuri, Ä 0.17 
LULI-C,18.05.26,,20126,LULI-C,35121,M-ONE Sanitar Silikon,12,Mensuri, Ä 0.17 
LULI-C,18.05.26,,20126,LULI-C,49644,beMAKER Rostlîser,6,Mensuri, Ä 0.20 
LULI-C,18.05.26,,20126,LULI-C,39505,M ONE SILIKON SPRAY,2,Mensuri, Ä 0.20 
KUQI-LKW,18.05.26, Ä 72.70 ,20102,KUQI-LKW,50912,DICHTUNG,6,Mensuri, Ä 0.20 
KUQI-LKW,18.05.26,,20102,KUQI-LKW,54412,beMAKER Bremsen&Teile Reininger,6,Mensuri, Ä 0.20 
KUQI-LKW,18.05.26,,20102,KUQI-LKW,55718,M ONE MOTORSTART,5,Mensuri, Ä 0.20 
CAMA BAU,18.05.26, Ä 192.00 ,20121,CAMA BAU,35108,M-ONE Sanitar Silikon,12,Mensuri, Ä 0.17 
CAMA BAU,18.05.26,,20121,CAMA BAU,35113,M-ONE Sanitar Silikon,12,Mensuri, Ä 0.17 
CAMA BAU,18.05.26,,20121,CAMA BAU,35119,M-ONE Sanitar Silikon,12,Mensuri, Ä 0.17 
CAMA BAU,18.05.26,,20121,CAMA BAU,35125,M-ONE Sanitar Silikon,12,Mensuri, Ä 0.17 
TECOL 2,18.05.26, Ä 68.00 ,20111,TECOL 2,31880,HAT LACK 800,6,Mensuri, Ä 0.35 
TECOL 2,18.05.26,,20111,TECOL 2,51617,#N/A,6,Mensuri, Ä 0.06 
TECOL 2,18.05.26,,20111,TECOL 2,16936,M ONE FELGENSILBER,8,Mensuri, Ä 0.15 
TERMO PROJEKT,18.05.26, Ä 144.00 ,20127,TERMO PROJEKT,35108,M-ONE Sanitar Silikon,24,Mensuri, Ä 0.17 
TERMO PROJEKT,18.05.26,,20127,TERMO PROJEKT,35109,M-ONE Sanitar Silikon,12,Mensuri, Ä 0.17 
LNI SHPK,18.05.26, Ä 144.00 ,20129,LNI SHPK,35113,M-ONE Sanitar Silikon,12,Mensuri, Ä 0.17 
LNI SHPK,18.05.26,,20129,LNI SHPK,35114,M-ONE Sanitar Silikon,12,Mensuri, Ä 0.17 
LNI SHPK,18.05.26,,20129,LNI SHPK,35125,M-ONE Sanitar Silikon,12,Mensuri, Ä 0.17 
ARBENI BIOBLIC,19.05.26, Ä 191.00 ,40003,ARBENI BIOBLIC,20001,BioBlic Universalreiniger,100,0, Ä 0.30 
ARBENI BIOBLIC,19.05.26,,40003,ARBENI BIOBLIC,30275,Blic Blic SanitÑrreiniger,40,0, Ä 0.30 
ARBENI BIOBLIC,19.05.26,,40003,ARBENI BIOBLIC,11000,Bodenreiniger,4,0, Ä 0.50 
QEMA,19.05.26, Ä 348.00 ,10255,QEMA,66701,PROFIMONT EXTREME,60,Qerimi, Ä 0.20 
TE BESNIKU,19.05.26, Ä 338.80 ,10201,TE BESNIKU,35108,M-ONE Sanitar Silikon,12,Qerimi, Ä 0.17 
TE BESNIKU,19.05.26,,10201,TE BESNIKU,35109,M-ONE Sanitar Silikon,12,Qerimi, Ä 0.17 
TE BESNIKU,19.05.26,,10201,TE BESNIKU,35110,M-ONE Sanitar Silikon,12,Qerimi, Ä 0.17 
TE BESNIKU,19.05.26,,10201,TE BESNIKU,35111,M-ONE Sanitar Silikon,12,Qerimi, Ä 0.17 
TE BESNIKU,19.05.26,,10201,TE BESNIKU,35113,M-ONE Sanitar Silikon,12,Qerimi, Ä 0.17 
TE BESNIKU,19.05.26,,10201,TE BESNIKU,35115,M-ONE Sanitar Silikon,12,Qerimi, Ä 0.17 
TE BESNIKU,19.05.26,,10201,TE BESNIKU,35128,M-ONE Sanitar Silikon,12,Qerimi, Ä 0.17 
TE BESNIKU,19.05.26,,10201,TE BESNIKU,35125,M-ONE Sanitar Silikon,4,Qerimi, Ä 0.17 
TE BESNIKU,19.05.26,,10201,TE BESNIKU,35110,M-ONE Sanitar Silikon,36,Qerimi, Ä 0.17 
TE BESNIKU,19.05.26,,10201,TE BESNIKU,35111,M-ONE Sanitar Silikon,36,Qerimi, Ä 0.17 
TE BESNIKU,19.05.26,,10201,TE BESNIKU,35108,M-ONE Sanitar Silikon,36,Qerimi, Ä 0.17 
TE BESNIKU,19.05.26,,10201,TE BESNIKU,35113,M-ONE Sanitar Silikon,36,Qerimi, Ä 0.17 
TE BESNIKU,19.05.26,,10201,TE BESNIKU,35128,M-ONE Sanitar Silikon,48,Qerimi, Ä 0.17 
TE BESNIKU,19.05.26,,10201,TE BESNIKU,35115,M-ONE Sanitar Silikon,12,Qerimi, Ä 0.17 
TE BESNIKU,19.05.26,,10201,TE BESNIKU,35112,M-ONE Sanitar Silikon,12,Qerimi, Ä 0.17 
TE BESNIKU,19.05.26,,10201,TE BESNIKU,35125,M-ONE Sanitar Silikon,8,Qerimi, Ä 0.17 
TE BESNIKU,19.05.26,,10201,TE BESNIKU,35109,M-ONE Sanitar Silikon,36,Qerimi, Ä 0.17 
ARPO,19.05.26, Ä 336.00 ,10240,ARPO,35109,M-ONE Sanitar Silikon,12,Qerimi, Ä 0.17 
ARPO,19.05.26,,10240,ARPO,35110,M-ONE Sanitar Silikon,12,Qerimi, Ä 0.17 
ARPO,19.05.26,,10240,ARPO,35111,M-ONE Sanitar Silikon,12,Qerimi, Ä 0.17 
ARPO,19.05.26,,10240,ARPO,35121,M-ONE Sanitar Silikon,12,Qerimi, Ä 0.17 
ARPO,19.05.26,,10240,ARPO,35125,M-ONE Sanitar Silikon,12,Qerimi, Ä 0.17 
ARPO,19.05.26,,10240,ARPO,35128,M-ONE Sanitar Silikon,12,Qerimi, Ä 0.17 
ARPO,19.05.26,,10240,ARPO,35115,M-ONE Sanitar Silikon,12,Qerimi, Ä 0.17 
QEMA,19.05.26, Ä 48.00 ,10256,#N/A,35121,M-ONE Sanitar Silikon,12,Qerimi, Ä 0.17 
XHAFA,19.05.26, Ä 96.00 ,10205,XHAFA,35108,M-ONE Sanitar Silikon,12,Qerimi, Ä 0.17 
XHAFA,19.05.26,,10205,XHAFA,35110,M-ONE Sanitar Silikon,12,Qerimi, Ä 0.17 
BERISHA,19.05.26, Ä 138.60 ,10257,BERISHA,35109,M-ONE Sanitar Silikon,24,Qerimi, Ä 0.17 
BERISHA,19.05.26,,10257,BERISHA,51611,universal akryl,12,Qerimi, Ä 0.06 
BERISHA,19.05.26,,10257,BERISHA,51612,struktural akryl,12,Qerimi, Ä 0.06 
TEMAJ,19.05.26, Ä 144.00 ,40019,TEMAJ,35108,M-ONE Sanitar Silikon,24,0, Ä 0.17 
TEMAJ,19.05.26,,40019,TEMAJ,35121,M-ONE Sanitar Silikon,12,0, Ä 0.17 
TERMO PROJEKT,19.05.26, Ä 66.00 ,20127,TERMO PROJEKT,44001,Fettspray,12,Mensuri, Ä 0.20 
TERMO PROJEKT,19.05.26,,20127,TERMO PROJEKT,49644,beMAKER Rostlîser,12,Mensuri, Ä 0.20 
LETAJ,19.05.26, Ä 145.20 ,20209,LETAJ,66701,PROFIMONT EXTREME,12,Mensuri, Ä 0.20 
LETAJ,19.05.26,,20209,LETAJ,35125,M-ONE Sanitar Silikon,12,Mensuri, Ä 0.17 
LETAJ,19.05.26,,20209,LETAJ,51612,struktural akryl,12,Mensuri, Ä 0.06 
GACAFERI-RG,19.05.26, Ä 120.00 ,20205,GACAFERI-RG,35108,M-ONE Sanitar Silikon,12,Mensuri, Ä 0.17 
GACAFERI-RG,19.05.26,,20205,GACAFERI-RG,35121,M-ONE Sanitar Silikon,12,Mensuri, Ä 0.17 
GACAFERI-RG,19.05.26,,20205,GACAFERI-RG,56117,M ONE UBS,6,Mensuri, Ä 0.20 
ERINA,19.05.26, Ä 96.00 ,20222,ERINA,35114,M-ONE Sanitar Silikon,12,Mensuri, Ä 0.17 
ERINA,19.05.26,,20222,ERINA,35121,M-ONE Sanitar Silikon,12,Mensuri, Ä 0.17 
INOX 2,19.05.26, Ä 96.00 ,20212,INOX 2,35113,M-ONE Sanitar Silikon,12,Mensuri, Ä 0.17 
INOX 2,19.05.26,,20212,INOX 2,35121,M-ONE Sanitar Silikon,12,Mensuri, Ä 0.17 
ERENIKU,19.05.26, Ä 55.20 ,20206,ERENIKU,51612,struktural akryl,24,Mensuri, Ä 0.06 
TE BESIMI,19.05.26, Ä 159.00 ,20201,TE BESIMI,35111,M-ONE Sanitar Silikon,24,Mensuri, Ä 0.17 
TE BESIMI,19.05.26,,20201,TE BESIMI,35114,M-ONE Sanitar Silikon,12,Mensuri, Ä 0.17 
TE BESIMI,19.05.26,,20201,TE BESIMI,51611,universal akryl,12,Mensuri, Ä 0.06 
TERMO PROJEKT,19.05.26, Ä 100.40 ,20127,TERMO PROJEKT,35121,M-ONE Sanitar Silikon,24,Mensuri, Ä 0.17 
TERMO PROJEKT,19.05.26,,20127,TERMO PROJEKT,50912,DICHTUNG,2,Mensuri, Ä 0.20 
AFRIMI-AG,19.05.26, Ä 193.40 ,20203,AFRIMI-AG,66701,PROFIMONT EXTREME,12,Mensuri, Ä 0.20 
AFRIMI-AG,19.05.26,,20203,AFRIMI-AG,35111,M-ONE Sanitar Silikon,12,Mensuri, Ä 0.17 
AFRIMI-AG,19.05.26,,20203,AFRIMI-AG,35115,M-ONE Sanitar Silikon,12,Mensuri, Ä 0.17 
AFRIMI-AG,19.05.26,,20203,AFRIMI-AG,44001,Fettspray,7,Mensuri, Ä 0.20 
AFRIMI-AG,19.05.26,,20203,AFRIMI-AG,29802,beMaker Handwaschpaste,4,Mensuri, Ä 0.10 
FUNDAMETI,20.05.26, Ä 96.00 ,10301,FUNDAMETI,35113,M-ONE Sanitar Silikon,24,Qerimi, Ä 0.17 
MIRSADI,20.05.26, Ä 192.00 ,10366,MIRSADI,35109,M-ONE Sanitar Silikon,12,Qerimi, Ä 0.17 
MIRSADI,20.05.26,,10366,MIRSADI,35110,M-ONE Sanitar Silikon,12,Qerimi, Ä 0.17 
MIRSADI,20.05.26,,10366,MIRSADI,35121,M-ONE Sanitar Silikon,12,Qerimi, Ä 0.17 
MIRSADI,20.05.26,,10366,MIRSADI,35128,M-ONE Sanitar Silikon,12,Qerimi, Ä 0.17 
DARDANIA,20.05.26, Ä 144.00 ,10332,DARDANIA,35125,M-ONE Sanitar Silikon,12,Qerimi, Ä 0.17 
DARDANIA,20.05.26,,10332,DARDANIA,35128,M-ONE Sanitar Silikon,24,Qerimi, Ä 0.17 
BURIMI,20.05.26, Ä 48.00 ,10330,BURIMI,35111,M-ONE Sanitar Silikon,12,Qerimi, Ä 0.17 
SMIRA,20.05.26, Ä 96.00 ,10352,SMIRA,35113,M-ONE Sanitar Silikon,12,Qerimi, Ä 0.17 
SMIRA,20.05.26,,10352,SMIRA,35114,M-ONE Sanitar Silikon,12,Qerimi, Ä 0.17 
BALLKANI,20.05.26, Ä 192.00 ,10350,BALLKANI,35128,M-ONE Sanitar Silikon,12,Qerimi, Ä 0.17 
BALLKANI,20.05.26,,10350,BALLKANI,35121,M-ONE Sanitar Silikon,36,Qerimi, Ä 0.17 
BEKA-2,20.05.26, Ä 60.00 ,10317,BEKA-2,50912,DICHTUNG,5,Qerimi, Ä 0.20 
BEKA-2,20.05.26,,10317,BEKA-2,54412,beMAKER Bremsen&Teile Reininger,12,Qerimi, Ä 0.20 
ERALP,20.05.26, Ä 144.00 ,10308,ERALP,35112,M-ONE Sanitar Silikon,12,Qerimi, Ä 0.17 
ERALP,20.05.26,,10308,ERALP,35113,M-ONE Sanitar Silikon,24,Qerimi, Ä 0.17 
FATMIRI,20.05.26, Ä 144.00 ,10313,FATMIRI,35112,M-ONE Sanitar Silikon,12,Qerimi, Ä 0.17 
FATMIRI,20.05.26,,10313,FATMIRI,35111,M-ONE Sanitar Silikon,12,Qerimi, Ä 0.17 
FATMIRI,20.05.26,,10313,FATMIRI,35113,M-ONE Sanitar Silikon,12,Qerimi, Ä 0.17 
CONDOR,20.05.26, Ä 411.00 ,20307,CONDOR,35110,M-ONE Sanitar Silikon,12,Mensuri, Ä 0.17 
CONDOR,20.05.26,,20307,CONDOR,35113,M-ONE Sanitar Silikon,12,Mensuri, Ä 0.17 
CONDOR,20.05.26,,20307,CONDOR,35125,M-ONE Sanitar Silikon,12,Mensuri, Ä 0.17 
CONDOR,20.05.26,,20307,CONDOR,66701,PROFIMONT EXTREME,24,Mensuri, Ä 0.20 
CONDOR,20.05.26,,20307,CONDOR,51611,universal akryl,36,Mensuri, Ä 0.06 
CONDOR,20.05.26,,20307,CONDOR,51612,struktural akryl,36,Mensuri, Ä 0.06 
HAZROLLI,20.05.26, Ä 69.60 ,20301,HAZROLLI,66701,PROFIMONT EXTREME,12,Mensuri, Ä 0.20 
BEREQETI,20.05.26, Ä 372.00 ,20321,BEREQETI,35121,M-ONE Sanitar Silikon,24,Mensuri, Ä 0.17 
BEREQETI,20.05.26,,20321,BEREQETI,51612,struktural akryl,120,Mensuri, Ä 0.06 
FITIMI,20.05.26, Ä 96.00 ,20306,FITIMI,35109,M-ONE Sanitar Silikon,12,Mensuri, Ä 0.17 
FITIMI,20.05.26,,20306,FITIMI,35125,M-ONE Sanitar Silikon,12,Mensuri, Ä 0.17 
DURGUTI 3,20.05.26, Ä 75.60 ,20313,DURGUTI 3,35119,M-ONE Sanitar Silikon,12,Mensuri, Ä 0.17 
DURGUTI 3,20.05.26,,20313,DURGUTI 3,51612,struktural akryl,12,Mensuri, Ä 0.06 
SOPAJ,20.05.26, Ä 144.00 ,20311,SOPAJ,35110,M-ONE Sanitar Silikon,12,Mensuri, Ä 0.17 
SOPAJ,20.05.26,,20311,SOPAJ,35113,M-ONE Sanitar Silikon,12,Mensuri, Ä 0.17 
SOPAJ,20.05.26,,20311,SOPAJ,35119,M-ONE Sanitar Silikon,12,Mensuri, Ä 0.17 
SAN KOS,21.05.26, Ä 4.00 ,10429,SAN KOS,35112,M-ONE Sanitar Silikon,1,Qerimi, Ä 0.17 
SAN KOS,21.05.26,,10429,SAN KOS,35113,M-ONE Sanitar Silikon,12,Qerimi, Ä 0.17 
UNIVERZAL,21.05.26, Ä 141.10 ,10413,UNIVERZAL,35110,M-ONE Sanitar Silikon,12,Qerimi, Ä 0.17 
UNIVERZAL,21.05.26,,10413,UNIVERZAL,35111,M-ONE Sanitar Silikon,12,Qerimi, Ä 0.17 
UNIVERZAL,21.05.26,,10413,UNIVERZAL,55718,M ONE MOTORSTART,5,Qerimi, Ä 0.20 
UNIVERZAL,21.05.26,,10413,UNIVERZAL,51612,struktural akryl,12,Qerimi, Ä 0.06 
AGRONI,21.05.26, Ä 79.20 ,10406,AGRONI,50912,DICHTUNG,6,Qerimi, Ä 0.20 
AGRONI,21.05.26,,10406,AGRONI,56117,M ONE UBS,6,Qerimi, Ä 0.20 
AGRONI,21.05.26,,10406,AGRONI,49644,beMAKER Rostlîser,6,Qerimi, Ä 0.20 
GRANITI,21.05.26, Ä 96.00 ,10410,GRANITI,35111,M-ONE Sanitar Silikon,12,Qerimi, Ä 0.17 
GRANITI,21.05.26,,10410,GRANITI,35121,M-ONE Sanitar Silikon,12,Qerimi, Ä 0.17 
VISARI HH,21.05.26, Ä 96.00 ,10412,VISARI HH,35121,M-ONE Sanitar Silikon,12,Qerimi, Ä 0.17 
VISARI HH,21.05.26,,10412,VISARI HH,35110,M-ONE Sanitar Silikon,12,Qerimi, Ä 0.17 
ENISI - H,21.05.26, Ä 48.00 ,10428,ENISI - H,35111,M-ONE Sanitar Silikon,12,Qerimi, Ä 0.17 
PROCOM,22.05.26, Ä 52.00 ,10502,PROCOM,50912,DICHTUNG,3,Qerimi, Ä 0.20 
PROCOM,22.05.26,,10502,PROCOM,35113,M-ONE Sanitar Silikon,7,Qerimi, Ä 0.17 
PROCOM,22.05.26,,10502,PROCOM,35113,M-ONE Sanitar Silikon,5,Qerimi, Ä 0.17 
PROCOM,22.05.26,,10502,PROCOM,35121,M-ONE Sanitar Silikon,12,Qerimi, Ä 0.17 
BEKA,22.05.26, Ä 48.00 ,10539,BEKA,35110,M-ONE Sanitar Silikon,12,Qerimi, Ä 0.17 
REAL COLOR 2,22.05.26, Ä 96.00 ,10507,REAL COLOR 2,35109,M-ONE Sanitar Silikon,12,Qerimi, Ä 0.17 
REAL COLOR 2,22.05.26,,10507,REAL COLOR 2,35115,M-ONE Sanitar Silikon,12,Qerimi, Ä 0.17 
CARRALEVA 2,22.05.26, Ä 48.00 ,10508,CARRALEVA 2,35128,M-ONE Sanitar Silikon,12,Qerimi, Ä 0.17 
LONI,22.05.26, Ä 63.50 ,10509,LONI,44001,Fettspray,5,Qerimi, Ä 0.20 
LONI,22.05.26,,10509,LONI,49644,beMAKER Rostlîser,5,Qerimi, Ä 0.20 
LONI,22.05.26,,10509,LONI,50912,DICHTUNG,5,Qerimi, Ä 0.20 
CARRALEVA 1,22.05.26, Ä 96.00 ,10504,CARRALEVA 1,35115,M-ONE Sanitar Silikon,12,Qerimi, Ä 0.17 
CARRALEVA 1,22.05.26,,10504,CARRALEVA 1,35109,M-ONE Sanitar Silikon,12,Qerimi, Ä 0.17 
ARDI LIPJAN,22.05.26, Ä 92.00 ,10529,ARDI LIPJAN,49644,beMAKER Rostlîser,10,Qerimi, Ä 0.20 
ARDI LIPJAN,22.05.26,,10529,ARDI LIPJAN,50912,DICHTUNG,10,Qerimi, Ä 0.20 
TE RAMIZI,22.05.26, Ä 53.00 ,10528,TE RAMIZI,35121,M-ONE Sanitar Silikon,12,Qerimi, Ä 0.17 
TE RAMIZI,22.05.26,,10528,TE RAMIZI,31819,M ONE FUERROT,2,Qerimi, Ä 0.15 
RACI,22.05.26, Ä 165.60 ,20501,RACI,35111,M-ONE Sanitar Silikon,12,Mensuri, Ä 0.17 
RACI,22.05.26,,20501,RACI,35125,M-ONE Sanitar Silikon,12,Mensuri, Ä 0.17 
RACI,22.05.26,,20501,RACI,66701,PROFIMONT EXTREME,12,Mensuri, Ä 0.20 
LIRIDONA KLINE,22.05.26, Ä 249.60 ,20511,LIRIDONA KLINE,35109,M-ONE Sanitar Silikon,24,Mensuri, Ä 0.17 
LIRIDONA KLINE,22.05.26,,20511,LIRIDONA KLINE,35110,M-ONE Sanitar Silikon,12,Mensuri, Ä 0.17 
LIRIDONA KLINE,22.05.26,,20511,LIRIDONA KLINE,35114,M-ONE Sanitar Silikon,12,Mensuri, Ä 0.17 
LIRIDONA KLINE,22.05.26,,20511,LIRIDONA KLINE,51611,universal akryl,12,Mensuri, Ä 0.06 
LIRIDONA KLINE,22.05.26,,20511,LIRIDONA KLINE,51612,struktural akryl,12,Mensuri, Ä 0.06 
HOXHA,22.05.26, Ä 48.00 ,20502,HOXHA,35119,M-ONE Sanitar Silikon,12,Mensuri, Ä 0.17 
LIRIDONA HOME,22.05.26, Ä 144.00 ,20508,LIRIDONA HOME,35109,M-ONE Sanitar Silikon,24,Mensuri, Ä 0.17 
LIRIDONA HOME,22.05.26,,20508,LIRIDONA HOME,35113,M-ONE Sanitar Silikon,12,Mensuri, Ä 0.17 
LIRIDONA-A,22.05.26, Ä 138.60 ,20515,LIRIDONA-A,35109,M-ONE Sanitar Silikon,12,Mensuri, Ä 0.17 
LIRIDONA-A,22.05.26,,20515,LIRIDONA-A,35110,M-ONE Sanitar Silikon,12,Mensuri, Ä 0.17 
LIRIDONA-A,22.05.26,,20515,LIRIDONA-A,51611,universal akryl,12,Mensuri, Ä 0.06 
LIRIDONA-A,22.05.26,,20515,LIRIDONA-A,51612,struktural akryl,12,Mensuri, Ä 0.06 
TE BENI,22.05.26, Ä 192.00 ,20407,TE BENI,35113,M-ONE Sanitar Silikon,24,Mensuri, Ä 0.17 
TE BENI,22.05.26,,20407,TE BENI,35115,M-ONE Sanitar Silikon,12,Mensuri, Ä 0.17 
TE BENI,22.05.26,,20407,TE BENI,35121,M-ONE Sanitar Silikon,12,Mensuri, Ä 0.17 
BERATI A.P. (1),22.05.26, Ä 123.20 ,20513,BERATI A.P. (1),50912,DICHTUNG,12,Mensuri, Ä 0.20 
BERATI A.P. (1),22.05.26,,20513,BERATI A.P. (1),55718,M ONE MOTORSTART,5,Mensuri, Ä 0.20 
BERATI A.P. (1),22.05.26,,20513,BERATI A.P. (1),44001,Fettspray,5,Mensuri, Ä 0.20 
BERATI A.P. (1),22.05.26,,20513,BERATI A.P. (1),51936,M ONE SCHWARZ GLéNZED,2,Mensuri, Ä 0.15 
BERATI A.P. (1),22.05.26,,20513,BERATI A.P. (1),29802,beMaker Handwaschpaste,4,Mensuri, Ä 0.10 
MEGI,22.05.26, Ä 131.20 ,20406,MEGI,50912,DICHTUNG,12,Mensuri, Ä 0.20 
MEGI,22.05.26,,20406,MEGI,49644,beMAKER Rostlîser,12,Mensuri, Ä 0.20 
MEGI,22.05.26,,20406,MEGI,55718,M ONE MOTORSTART,4,Mensuri, Ä 0.20 
MEGI,22.05.26,,20406,MEGI,29802,beMaker Handwaschpaste,4,Mensuri, Ä 0.10 
BESI,22.05.26, Ä 96.00 ,20405,BESI,35108,M-ONE Sanitar Silikon,12,Mensuri, Ä 0.17 
BESI,22.05.26,,20405,BESI,35114,M-ONE Sanitar Silikon,12,Mensuri, Ä 0.17 
NSM TRADE,22.05.26, Ä 35.60 ,20427,#N/A,50912,DICHTUNG,4,Mensuri, Ä 0.20 
NSM TRADE,22.05.26,,20427,#N/A,29802,beMaker Handwaschpaste,4,Mensuri, Ä 0.10 
TE ZENA,23.05.26, Ä 96.00 ,10616,TE ZENA,35113,M-ONE Sanitar Silikon,12,Qerimi, Ä 0.17 
TE ZENA,23.05.26,,10616,TE ZENA,35121,M-ONE Sanitar Silikon,12,Qerimi, Ä 0.17 
ALBANI,23.05.26, Ä 96.00 ,10636,#N/A,35110,M-ONE Sanitar Silikon,12,Qerimi, Ä 0.17 
ALBANI,23.05.26,,10636,#N/A,35111,M-ONE Sanitar Silikon,12,Qerimi, Ä 0.17 
KUJTA,23.05.26, Ä 96.00 ,10625,KUJTA,35128,M-ONE Sanitar Silikon,12,Qerimi, Ä 0.17 
KUJTA,23.05.26,,10625,KUJTA,35109,M-ONE Sanitar Silikon,12,Qerimi, Ä 0.17 
KUJTA,23.05.26,,10625,KUJTA,35114,M-ONE Sanitar Silikon,12,Qerimi, Ä 0.17 
KUJTA,23.05.26,,10625,KUJTA,51612,struktural akryl,12,Qerimi, Ä 0.06 
TE KELA,23.05.26, Ä 39.00 ,10613,TE KELA,49644,beMAKER Rostlîser,12,Qerimi, Ä 0.20 
TE KELA,23.05.26,,10613,TE KELA,44001,Fettspray,2,Qerimi, Ä 0.20 
TE KELA,23.05.26,,10613,TE KELA,54412,beMAKER Bremsen&Teile Reininger,4,Qerimi, Ä 0.20 
TE KASTRIOTI,23.05.26, Ä 42.60 ,10618,TE KASTRIOTI,51611,universal akryl,12,Qerimi, Ä 0.06 
TE KASTRIOTI,23.05.26,,10618,TE KASTRIOTI,51612,struktural akryl,12,Qerimi, Ä 0.06 
BECOLOR,23.05.26, Ä 39.00 ,10619,BECOLOR,16936,M ONE FELGENSILBER,4,Qerimi, Ä 0.15 
BECOLOR,23.05.26,,10619,BECOLOR,69236,M ONE WEISS GLéNZEND,1,Qerimi, Ä 0.15 
BECOLOR,23.05.26,,10619,BECOLOR,31812,M ONE LACK GELB,1,Qerimi, Ä 0.15 
BECOLOR,23.05.26,,10619,BECOLOR,56117,M ONE UBS,6,Qerimi, Ä 0.20 
AS QERAMIKA,23.05.26, Ä 480.00 ,20614,AS QERAMIKA,35109,M-ONE Sanitar Silikon,240,Mensuri, Ä 0.17 
SALIHU CORPORATION,23.05.26, Ä 144.00 ,20635,#N/A,35110,M-ONE Sanitar Silikon,12,Mensuri, Ä 0.17 
SALIHU CORPORATION,23.05.26,,20635,#N/A,35111,M-ONE Sanitar Silikon,12,Mensuri, Ä 0.17 
SALIHU CORPORATION,23.05.26,,20635,#N/A,35115,M-ONE Sanitar Silikon,12,Mensuri, Ä 0.17 
HIDRO DANI,23.05.26, Ä 251.10 ,20630,HIDRO DANI,35110,M-ONE Sanitar Silikon,12,Mensuri, Ä 0.17 
HIDRO DANI,23.05.26,,20630,HIDRO DANI,35111,M-ONE Sanitar Silikon,12,Mensuri, Ä 0.17 
HIDRO DANI,23.05.26,,20630,HIDRO DANI,35109,M-ONE Sanitar Silikon,12,Mensuri, Ä 0.17 
HIDRO DANI,23.05.26,,20630,HIDRO DANI,66701,PROFIMONT EXTREME,12,Mensuri, Ä 0.20 
HIDRO DANI,23.05.26,,20630,HIDRO DANI,51611,universal akryl,12,Mensuri, Ä 0.06 
HIDRO DANI,23.05.26,,20630,HIDRO DANI,31822,M ONE GOLD SPRAY,6,Mensuri, Ä 0.15 
HIDRO DANI,23.05.26,,20630,HIDRO DANI,16936,M ONE FELGENSILBER,3,Mensuri, Ä 0.15 
ILIRI QERAMIKA,23.05.26, Ä 96.00 ,20622,ILIRI QERAMIKA,35109,M-ONE Sanitar Silikon,12,Mensuri, Ä 0.17 
ILIRI QERAMIKA,23.05.26,,20622,ILIRI QERAMIKA,35121,M-ONE Sanitar Silikon,12,Mensuri, Ä 0.17 
UNIKA,23.05.26, Ä 186.60 ,20627,UNIKA,35110,M-ONE Sanitar Silikon,24,Mensuri, Ä 0.17 
UNIKA,23.05.26,,20627,UNIKA,35128,M-ONE Sanitar Silikon,12,Mensuri, Ä 0.17 
UNIKA,23.05.26,,20627,UNIKA,51611,universal akryl,12,Mensuri, Ä 0.06 
UNIKA,23.05.26,,20627,UNIKA,51612,struktural akryl,12,Mensuri, Ä 0.06 
AGRO-XHETI,23.05.26, Ä 444.50 ,20610,AGRO-XHETI,35125,M-ONE Sanitar Silikon,24,Mensuri, Ä 0.17 
AGRO-XHETI,23.05.26,,20610,AGRO-XHETI,35128,M-ONE Sanitar Silikon,12,Mensuri, Ä 0.17 
AGRO-XHETI,23.05.26,,20610,AGRO-XHETI,35113,M-ONE Sanitar Silikon,24,Mensuri, Ä 0.17 
AGRO-XHETI,23.05.26,,20610,AGRO-XHETI,35111,M-ONE Sanitar Silikon,24,Mensuri, Ä 0.17 
AGRO-XHETI,23.05.26,,20610,AGRO-XHETI,39505,M ONE SILIKON SPRAY,12,Mensuri, Ä 0.20 
AGRO-XHETI,23.05.26,,20610,AGRO-XHETI,44001,Fettspray,7,Mensuri, Ä 0.20 
AGRO-XHETI,23.05.26,,20610,AGRO-XHETI,49644,beMAKER Rostlîser,6,Mensuri, Ä 0.20 
AGRO-XHETI,23.05.26,,20610,AGRO-XHETI,50912,DICHTUNG,5,Mensuri, Ä 0.20 
F.V. SH.P.K. ,23.05.26, Ä 154.00 ,20607,F.V. SH.P.K. ,35115,M-ONE Sanitar Silikon,12,Mensuri, Ä 0.17 
F.V. SH.P.K. ,23.05.26,,20607,F.V. SH.P.K. ,35121,M-ONE Sanitar Silikon,12,Mensuri, Ä 0.17 
F.V. SH.P.K. ,23.05.26,,20607,F.V. SH.P.K. ,35109,M-ONE Sanitar Silikon,12,Mensuri, Ä 0.17 
F.V. SH.P.K. ,23.05.26,,20607,F.V. SH.P.K. ,26736,M ONE HAFTGRUND,2,Mensuri, Ä 0.15 
F.V. SH.P.K. ,23.05.26,,20607,F.V. SH.P.K. ,16936,M ONE FELGENSILBER,2,Mensuri, Ä 0.15 
TE-LUTA,23.05.26, Ä 501.60 ,20611,TE-LUTA,35109,M-ONE Sanitar Silikon,24,Mensuri, Ä 0.17 
TE-LUTA,23.05.26,,20611,TE-LUTA,35115,M-ONE Sanitar Silikon,12,Mensuri, Ä 0.17 
TE-LUTA,23.05.26,,20611,TE-LUTA,35128,M-ONE Sanitar Silikon,12,Mensuri, Ä 0.17 
TE-LUTA,23.05.26,,20611,TE-LUTA,35113,M-ONE Sanitar Silikon,24,Mensuri, Ä 0.17 
TE-LUTA,23.05.26,,20611,TE-LUTA,35114,M-ONE Sanitar Silikon,12,Mensuri, Ä 0.17 
TE-LUTA,23.05.26,,20611,TE-LUTA,35110,M-ONE Sanitar Silikon,12,Mensuri, Ä 0.17 
TE-LUTA,23.05.26,,20611,TE-LUTA,35111,M-ONE Sanitar Silikon,12,Mensuri, Ä 0.17 
TE-LUTA,23.05.26,,20611,TE-LUTA,66701,PROFIMONT EXTREME,12,Mensuri, Ä 0.20 
TE-SYLA,23.05.26, Ä 197.00 ,20606,TE-SYLA,35110,M-ONE Sanitar Silikon,12,Mensuri, Ä 0.17 
TE-SYLA,23.05.26,,20606,TE-SYLA,35113,M-ONE Sanitar Silikon,12,Mensuri, Ä 0.17 
TE-SYLA,23.05.26,,20606,TE-SYLA,35115,M-ONE Sanitar Silikon,24,Mensuri, Ä 0.17 
TE-SYLA,23.05.26,,20606,TE-SYLA,16936,M ONE FELGENSILBER,2,Mensuri, Ä 0.15 
ELEKTROMONT,23.05.26, Ä 171.60 ,20601,ELEKTROMONT,35109,M-ONE Sanitar Silikon,36,Mensuri, Ä 0.17 
ELEKTROMONT,23.05.26,,20601,ELEKTROMONT,35121,M-ONE Sanitar Silikon,12,Mensuri, Ä 0.17 
ELEKTROMONT,23.05.26,,20601,ELEKTROMONT,51612,struktural akryl,12,Mensuri, Ä 0.06 
YLLI CONSTRUCION,25.05.26, Ä 48.00 ,40017,YLLI CONSTRUCION,35108,M-ONE Sanitar Silikon,3,0, Ä 0.17 
YLLI CONSTRUCION,25.05.26,,40017,YLLI CONSTRUCION,35128,M-ONE Sanitar Silikon,5,0, Ä 0.17 
YLLI CONSTRUCION,25.05.26,,40017,YLLI CONSTRUCION,35121,M-ONE Sanitar Silikon,4,0, Ä 0.17 
ARSIM,25.05.26, Ä 48.00 ,10105,ARSIM,35125,M-ONE Sanitar Silikon,12,Qerimi, Ä 0.17 
KADIJOLLET,25.05.26, Ä 168.60 ,10111,KADIJOLLET,35111,M-ONE Sanitar Silikon,12,Qerimi, Ä 0.17 
KADIJOLLET,25.05.26,,10111,KADIJOLLET,35121,M-ONE Sanitar Silikon,12,Qerimi, Ä 0.17 
KADIJOLLET,25.05.26,,10111,KADIJOLLET,50912,DICHTUNG,8,Qerimi, Ä 0.20 
KADIJOLLET,25.05.26,,10111,KADIJOLLET,51611,universal akryl,12,Qerimi, Ä 0.06 
QELA,25.05.26, Ä 75.50 ,10114,QELA,49644,beMAKER Rostlîser,5,Qerimi, Ä 0.20 
QELA,25.05.26,,10114,QELA,44001,Fettspray,5,Qerimi, Ä 0.20 
QELA,25.05.26,,10114,QELA,35109,M-ONE Sanitar Silikon,12,Qerimi, Ä 0.17 
HIDROELDI,25.05.26, Ä 96.00 ,10133,HIDROELDI,35114,M-ONE Sanitar Silikon,12,Qerimi, Ä 0.17 
HIDROELDI,25.05.26,,10133,HIDROELDI,35128,M-ONE Sanitar Silikon,12,Qerimi, Ä 0.17 
BESI COM,25.05.26, Ä 48.00 ,10103,BESI COM,35115,M-ONE Sanitar Silikon,12,Qerimi, Ä 0.17 
ENESI,25.05.26, Ä 192.00 ,20130,ENESI,35109,M-ONE Sanitar Silikon,12,Mensuri, Ä 0.17 
ENESI,25.05.26,,20130,ENESI,35111,M-ONE Sanitar Silikon,12,Mensuri, Ä 0.17 
ENESI,25.05.26,,20130,ENESI,35114,M-ONE Sanitar Silikon,12,Mensuri, Ä 0.17 
ENESI,25.05.26,,20130,ENESI,35115,M-ONE Sanitar Silikon,12,Mensuri, Ä 0.17 
TECOL 2,25.05.26, Ä 50.00 ,20111,TECOL 2,51736,M ONE SCHWARZ MATT,6,Mensuri, Ä 0.15 
TECOL 2,25.05.26,,20111,TECOL 2,51936,M ONE SCHWARZ GLéNZED,6,Mensuri, Ä 0.15 
TECOL 2,25.05.26,,20111,TECOL 2,16936,M ONE FELGENSILBER,3,Mensuri, Ä 0.15 
TECOL 2,25.05.26,,20111,TECOL 2,26736,M ONE HAFTGRUND,3,Mensuri, Ä 0.15 
TECOL 2,25.05.26,,20111,TECOL 2,31819,M ONE FUERROT,2,Mensuri, Ä 0.15 
LULI-C,25.05.26, Ä 144.00 ,20126,LULI-C,35109,M-ONE Sanitar Silikon,12,Mensuri, Ä 0.17 
LULI-C,25.05.26,,20126,LULI-C,35114,M-ONE Sanitar Silikon,12,Mensuri, Ä 0.17 
LULI-C,25.05.26,,20126,LULI-C,35110,M-ONE Sanitar Silikon,12,Mensuri, Ä 0.17 
CAMA BAU,25.05.26, Ä 213.60 ,20121,CAMA BAU,35108,M-ONE Sanitar Silikon,12,Mensuri, Ä 0.17 
CAMA BAU,25.05.26,,20121,CAMA BAU,35113,M-ONE Sanitar Silikon,12,Mensuri, Ä 0.17 
CAMA BAU,25.05.26,,20121,CAMA BAU,35125,M-ONE Sanitar Silikon,12,Mensuri, Ä 0.17 
CAMA BAU,25.05.26,,20121,CAMA BAU,66701,PROFIMONT EXTREME,12,Mensuri, Ä 0.20 
TE GZIMI,25.05.26, Ä 52.80 ,20101,TE GZIMI,54412,beMAKER Bremsen&Teile Reininger,6,Mensuri, Ä 0.20 
TE GZIMI,25.05.26,,20101,TE GZIMI,49644,beMAKER Rostlîser,6,Mensuri, Ä 0.20 
TE GZIMI,25.05.26,,20101,TE GZIMI,50912,DICHTUNG,4,Mensuri, Ä 0.20 
KTHIMI,25.05.26, Ä 96.00 ,20104,KTHIMI,35108,M-ONE Sanitar Silikon,12,Mensuri, Ä 0.17 
KTHIMI,25.05.26,,20104,KTHIMI,35109,M-ONE Sanitar Silikon,12,Mensuri, Ä 0.17 
TERMO PROJEKT,25.05.26, Ä 145.20 ,20127,TERMO PROJEKT,35111,M-ONE Sanitar Silikon,12,Mensuri, Ä 0.17 
TERMO PROJEKT,25.05.26,,20127,TERMO PROJEKT,51612,struktural akryl,12,Mensuri, Ä 0.06 
TERMO PROJEKT,25.05.26,,20127,TERMO PROJEKT,66701,PROFIMONT EXTREME,12,Mensuri, Ä 0.20 
LNI SHPK,25.05.26, Ä 144.00 ,20129,LNI SHPK,35110,M-ONE Sanitar Silikon,12,Mensuri, Ä 0.17 
LNI SHPK,25.05.26,,20129,LNI SHPK,35109,M-ONE Sanitar Silikon,12,Mensuri, Ä 0.17 
LNI SHPK,25.05.26,,20129,LNI SHPK,35111,M-ONE Sanitar Silikon,12,Mensuri, Ä 0.17 
TE BESIMI,25.05.26, Ä 207.00 ,20201,TE BESIMI,35109,M-ONE Sanitar Silikon,12,Mensuri, Ä 0.17 
TE BESIMI,25.05.26,,20201,TE BESIMI,35121,M-ONE Sanitar Silikon,12,Mensuri, Ä 0.17 
TE BESIMI,25.05.26,,20201,TE BESIMI,35128,M-ONE Sanitar Silikon,12,Mensuri, Ä 0.17 
TE BESIMI,25.05.26,,20201,TE BESIMI,51611,universal akryl,12,Mensuri, Ä 0.06 
TE BESIMI,25.05.26,,20201,TE BESIMI,56117,M ONE UBS,12,Mensuri, Ä 0.20 
AFRIMI-AG,25.05.26, Ä 165.60 ,20203,AFRIMI-AG,35125,M-ONE Sanitar Silikon,12,Mensuri, Ä 0.17 
AFRIMI-AG,25.05.26,,20203,AFRIMI-AG,35128,M-ONE Sanitar Silikon,12,Mensuri, Ä 0.17 
AFRIMI-AG,25.05.26,,20203,AFRIMI-AG,66701,PROFIMONT EXTREME,12,Mensuri, Ä 0.20 
TAULANTI,26.05.26, Ä 144.00 ,10250,#N/A,35113,M-ONE Sanitar Silikon,12,Qerimi, Ä 0.17 
TAULANTI,26.05.26,,10250,#N/A,35119,M-ONE Sanitar Silikon,12,Qerimi, Ä 0.17 
TAULANTI,26.05.26,,10250,#N/A,35128,M-ONE Sanitar Silikon,12,Qerimi, Ä 0.17 
AB SHPK,26.05.26, Ä 267.60 ,10241,AB SHPK,35114,M-ONE Sanitar Silikon,36,Qerimi, Ä 0.17 
AB SHPK,26.05.26,,10241,AB SHPK,35128,M-ONE Sanitar Silikon,24,Qerimi, Ä 0.17 
AB SHPK,26.05.26,,10241,AB SHPK,51612,struktural akryl,12,Qerimi, Ä 0.06 
MONI 2,26.05.26, Ä 192.00 ,10210,MONI 2,35108,M-ONE Sanitar Silikon,24,Qerimi, Ä 0.17 
MONI 2,26.05.26,,10210,MONI 2,35115,M-ONE Sanitar Silikon,12,Qerimi, Ä 0.17 
MONI 2,26.05.26,,10210,MONI 2,35121,M-ONE Sanitar Silikon,12,Qerimi, Ä 0.17 
BEK TRADE,26.05.26, Ä 48.00 ,10245,BEK TRADE,35113,M-ONE Sanitar Silikon,12,Qerimi, Ä 0.17 
ARPO,26.05.26, Ä 330.60 ,10240,ARPO,35110,M-ONE Sanitar Silikon,24,Qerimi, Ä 0.17 
ARPO,26.05.26,,10240,ARPO,35109,M-ONE Sanitar Silikon,12,Qerimi, Ä 0.17 
ARPO,26.05.26,,10240,ARPO,35115,M-ONE Sanitar Silikon,12,Qerimi, Ä 0.17 
ARPO,26.05.26,,10240,ARPO,35113,M-ONE Sanitar Silikon,12,Qerimi, Ä 0.17 
ARPO,26.05.26,,10240,ARPO,35128,M-ONE Sanitar Silikon,12,Qerimi, Ä 0.17 
ARPO,26.05.26,,10240,ARPO,51611,universal akryl,12,Qerimi, Ä 0.06 
ARPO,26.05.26,,10240,ARPO,51612,struktural akryl,12,Qerimi, Ä 0.06 
XHAFA,26.05.26, Ä 123.60 ,10205,XHAFA,35111,M-ONE Sanitar Silikon,12,Qerimi, Ä 0.17 
XHAFA,26.05.26,,10205,XHAFA,35128,M-ONE Sanitar Silikon,12,Qerimi, Ä 0.17 
XHAFA,26.05.26,,10205,XHAFA,51612,struktural akryl,12,Qerimi, Ä 0.06 
TEMAJ,26.05.26, Ä 48.00 ,40019,TEMAJ,35113,M-ONE Sanitar Silikon,12,0, Ä 0.17 
PROSAN,26.05.26, Ä 283.20 ,20210,PROSAN,66701,PROFIMONT EXTREME,24,Mensuri, Ä 0.20 
PROSAN,26.05.26,,20210,PROSAN,35113,M-ONE Sanitar Silikon,36,Mensuri, Ä 0.17 
CONDOR,26.05.26, Ä 240.00 ,20307,CONDOR,35108,M-ONE Sanitar Silikon,12,Mensuri, Ä 0.17 
CONDOR,26.05.26,,20307,CONDOR,35109,M-ONE Sanitar Silikon,24,Mensuri, Ä 0.17 
CONDOR,26.05.26,,20307,CONDOR,35110,M-ONE Sanitar Silikon,12,Mensuri, Ä 0.17 
CONDOR,26.05.26,,20307,CONDOR,35111,M-ONE Sanitar Silikon,12,Mensuri, Ä 0.17 
GER COLORS,26.05.26, Ä 149.60 ,20223,GER COLORS,12000,BAU CLEAN,10,Mensuri, Ä 0.50 
GER COLORS,26.05.26,,20223,GER COLORS,66701,PROFIMONT EXTREME,12,Mensuri, Ä 0.20 
INOX 2,26.05.26, Ä 144.00 ,20212,INOX 2,35109,M-ONE Sanitar Silikon,24,Mensuri, Ä 0.17 
INOX 2,26.05.26,,20212,INOX 2,35125,M-ONE Sanitar Silikon,12,Mensuri, Ä 0.17 
HB-DECOR,26.05.26, Ä 69.60 ,20228,HB-DECOR,66701,PROFIMONT EXTREME,12,Mensuri, Ä 0.20 
HAZROLLI,26.05.26, Ä 144.00 ,20301,HAZROLLI,35111,M-ONE Sanitar Silikon,24,Mensuri, Ä 0.17 
HAZROLLI,26.05.26,,20301,HAZROLLI,35125,M-ONE Sanitar Silikon,12,Mensuri, Ä 0.17 
DURGUTI 3,26.05.26, Ä 63.00 ,20313,DURGUTI 3,35108,M-ONE Sanitar Silikon,12,Mensuri, Ä 0.17 
DURGUTI 3,26.05.26,,20313,DURGUTI 3,51611,universal akryl,12,Mensuri, Ä 0.06 
TE RAMIZI,29.05.26, Ä 48.00 ,10528,TE RAMIZI,35121,M-ONE Sanitar Silikon,12,Qerimi, Ä 0.17 
CARRALEVA 1,29.05.26, Ä 96.00 ,10504,CARRALEVA 1,35128,M-ONE Sanitar Silikon,12,Qerimi, Ä 0.17 
CARRALEVA 1,29.05.26,,10504,CARRALEVA 1,35111,M-ONE Sanitar Silikon,12,Qerimi, Ä 0.17 
REAL COLOR 2,29.05.26, Ä 144.00 ,10507,REAL COLOR 2,35109,M-ONE Sanitar Silikon,12,Qerimi, Ä 0.17 
REAL COLOR 2,29.05.26,,10507,REAL COLOR 2,35125,M-ONE Sanitar Silikon,12,Qerimi, Ä 0.17 
REAL COLOR 2,29.05.26,,10507,REAL COLOR 2,35128,M-ONE Sanitar Silikon,12,Qerimi, Ä 0.17 
LONI,29.05.26, Ä 45.00 ,10509,LONI,49644,beMAKER Rostlîser,5,Qerimi, Ä 0.20 
LONI,29.05.26,,10509,LONI,55718,M ONE MOTORSTART,5,Qerimi, Ä 0.20 
LONI,29.05.26,,10509,LONI,44001,Fettspray,5,Qerimi, Ä 0.20 
MULI,29.05.26, Ä 96.00 ,10511,MULI,35109,M-ONE Sanitar Silikon,12,Qerimi, Ä 0.17 
MULI,29.05.26,,10511,MULI,35128,M-ONE Sanitar Silikon,12,Qerimi, Ä 0.17 
CARRALEVA 2,29.05.26, Ä 48.00 ,10508,CARRALEVA 2,35121,M-ONE Sanitar Silikon,12,Qerimi, Ä 0.17 
PROCOM,29.05.26, Ä 128.00 ,10502,PROCOM,35114,M-ONE Sanitar Silikon,12,Qerimi, Ä 0.17 
PROCOM,29.05.26,,10502,PROCOM,35112,M-ONE Sanitar Silikon,8,Qerimi, Ä 0.17 
PROCOM,29.05.26,,10502,PROCOM,35121,M-ONE Sanitar Silikon,12,Qerimi, Ä 0.17 
RACI,29.05.26, Ä 48.00 ,20501,RACI,35111,M-ONE Sanitar Silikon,12,Mensuri, Ä 0.17 
HOXHA,29.05.26, Ä 96.00 ,20502,HOXHA,35109,M-ONE Sanitar Silikon,12,Mensuri, Ä 0.17 
HOXHA,29.05.26,,20502,HOXHA,35128,M-ONE Sanitar Silikon,12,Mensuri, Ä 0.17 
LIRIDONA-A,29.05.26, Ä 144.00 ,20515,LIRIDONA-A,35121,M-ONE Sanitar Silikon,36,Mensuri, Ä 0.17 
GASHI-COM,29.05.26, Ä 126.00 ,20516,GASHI-COM,35111,M-ONE Sanitar Silikon,24,Mensuri, Ä 0.17 
GASHI-COM,29.05.26,,20516,GASHI-COM,51611,universal akryl,24,Mensuri, Ä 0.06 
TE BENI,29.05.26, Ä 144.00 ,20407,TE BENI,35108,M-ONE Sanitar Silikon,12,Mensuri, Ä 0.17 
TE BENI,29.05.26,,20407,TE BENI,35110,M-ONE Sanitar Silikon,12,Mensuri, Ä 0.17 
TE BENI,29.05.26,,20407,TE BENI,35125,M-ONE Sanitar Silikon,12,Mensuri, Ä 0.17 
BENI,29.05.26, Ä 43.50 ,20409,BENI,55718,M ONE MOTORSTART,6,Mensuri, Ä 0.20 
BENI,29.05.26,,20409,BENI,31819,M ONE FUERROT,5,Mensuri, Ä 0.15 
BENI,29.05.26,,20409,BENI,51736,M ONE SCHWARZ MATT,4,Mensuri, Ä 0.15 
TE ZENA,30.05.26, Ä 96.00 ,10616,TE ZENA,35114,M-ONE Sanitar Silikon,12,Qerimi, Ä 0.17 
TE ZENA,30.05.26,,10616,TE ZENA,35119,M-ONE Sanitar Silikon,12,Qerimi, Ä 0.17 
ALBANI,30.05.26, Ä 111.00 ,10636,#N/A,35111,M-ONE Sanitar Silikon,12,Qerimi, Ä 0.17 
ALBANI,30.05.26,,10636,#N/A,35128,M-ONE Sanitar Silikon,12,Qerimi, Ä 0.17 
ALBANI,30.05.26,,10636,#N/A,51611,universal akryl,12,Qerimi, Ä 0.06 
HOXHA,30.05.26, Ä 52.90 ,10622,HOXHA,54412,beMAKER Bremsen&Teile Reininger,12,Qerimi, Ä 0.20 
HOXHA,30.05.26,,10622,HOXHA,55718,M ONE MOTORSTART,2,Qerimi, Ä 0.20 
HOXHA,30.05.26,,10622,HOXHA,49644,beMAKER Rostlîser,2,Qerimi, Ä 0.20 
HOXHA,30.05.26,,10622,HOXHA,50912,DICHTUNG,2,Qerimi, Ä 0.20 
HOXHA,30.05.26,,10622,HOXHA,44001,Fettspray,1,Qerimi, Ä 0.20 
ALBANI,30.05.26, Ä 96.00 ,10635,#N/A,35109,M-ONE Sanitar Silikon,12,Qerimi, Ä 0.17 
ALBANI,30.05.26,,10635,#N/A,35113,M-ONE Sanitar Silikon,12,Qerimi, Ä 0.17 
KUJTA,30.05.26, Ä 77.00 ,10625,KUJTA,35125,M-ONE Sanitar Silikon,12,Qerimi, Ä 0.17 
KUJTA,30.05.26,,10625,KUJTA,54412,beMAKER Bremsen&Teile Reininger,5,Qerimi, Ä 0.20 
KUJTA,30.05.26,,10625,KUJTA,50912,DICHTUNG,2,Qerimi, Ä 0.20 
KUJTA,30.05.26,,10625,KUJTA,49644,beMAKER Rostlîser,2,Qerimi, Ä 0.20 
BUJARI Q - BESII,30.05.26, Ä 240.00 ,20609,BUJARI Q - BESII,35109,M-ONE Sanitar Silikon,48,Mensuri, Ä 0.17 
BUJARI Q - BESII,30.05.26,,20609,BUJARI Q - BESII,35113,M-ONE Sanitar Silikon,12,Mensuri, Ä 0.17 
AGROLONDI,30.05.26, Ä 111.00 ,20602,AGROLONDI,35119,M-ONE Sanitar Silikon,12,Mensuri, Ä 0.17 
AGROLONDI,30.05.26,,20602,AGROLONDI,35115,M-ONE Sanitar Silikon,12,Mensuri, Ä 0.17 
AGROLONDI,30.05.26,,20602,AGROLONDI,51611,universal akryl,12,Mensuri, Ä 0.06 
SALIHU CORPORATION,30.05.26, Ä 144.00 ,20635,#N/A,35109,M-ONE Sanitar Silikon,24,Mensuri, Ä 0.17 
SALIHU CORPORATION,30.05.26,,20635,#N/A,35115,M-ONE Sanitar Silikon,12,Mensuri, Ä 0.17 
LONI,30.05.26, Ä 192.00 ,20608,LONI,35113,M-ONE Sanitar Silikon,12,Mensuri, Ä 0.17 
LONI,30.05.26,,20608,LONI,35115,M-ONE Sanitar Silikon,12,Mensuri, Ä 0.17 
LONI,30.05.26,,20608,LONI,35121,M-ONE Sanitar Silikon,12,Mensuri, Ä 0.17 
LONI,30.05.26,,20608,LONI,35125,M-ONE Sanitar Silikon,12,Mensuri, Ä 0.17 
BULONI - SH,30.05.26, Ä 192.00 ,20624,BULONI - SH,35113,M-ONE Sanitar Silikon,12,Mensuri, Ä 0.17 
BULONI - SH,30.05.26,,20624,BULONI - SH,35121,M-ONE Sanitar Silikon,12,Mensuri, Ä 0.17 
BULONI - SH,30.05.26,,20624,BULONI - SH,35113,M-ONE Sanitar Silikon,12,Mensuri, Ä 0.17 
BULONI - SH,30.05.26,,20624,BULONI - SH,35111,M-ONE Sanitar Silikon,12,Mensuri, Ä 0.17 
ALFA-QERAMIKA,30.05.26, Ä 144.00 ,20604,ALFA-QERAMIKA,35110,M-ONE Sanitar Silikon,12,Mensuri, Ä 0.17 
ALFA-QERAMIKA,30.05.26,,20604,ALFA-QERAMIKA,35128,M-ONE Sanitar Silikon,24,Mensuri, Ä 0.17 
TE-SYLA,30.05.26, Ä 240.00 ,20606,TE-SYLA,35109,M-ONE Sanitar Silikon,12,Mensuri, Ä 0.17 
TE-SYLA,30.05.26,,20606,TE-SYLA,35121,M-ONE Sanitar Silikon,12,Mensuri, Ä 0.17 
TE-SYLA,30.05.26,,20606,TE-SYLA,35125,M-ONE Sanitar Silikon,12,Mensuri, Ä 0.17 
TE-SYLA,30.05.26,,20606,TE-SYLA,35115,M-ONE Sanitar Silikon,12,Mensuri, Ä 0.17 
TE-SYLA,30.05.26,,20606,TE-SYLA,49644,beMAKER Rostlîser,12,Mensuri, Ä 0.20 
TE-SYLA,30.05.26,,20606,TE-SYLA,31822,M ONE GOLD SPRAY,12,Mensuri, Ä 0.15 
